DATETIME_simple,dia_PRICE
2018/1/2 4:00,247.13
2018/1/2 7:00,248.03
2018/1/2 8:00,248.36
2018/1/2 9:00,248.07
2018/1/2 10:00,247.666
2018/1/2 11:00,247.45
2018/1/2 12:00,247.391
2018/1/2 13:00,247.59
2018/1/2 14:00,247.65
2018/1/2 15:00,248.01
2018/1/2 16:00,248.02
2018/1/2 17:00,247.75
2018/1/2 18:00,248.02
2018/1/2 19:00,248.03
2018/1/2 20:00,248.02
2018/1/3 8:00,248.38
2018/1/3 9:00,248.53
2018/1/3 10:00,248.55
2018/1/3 11:00,248.38
2018/1/3 12:00,248.76
2018/1/3 13:00,248.4301
2018/1/3 14:00,248.69
2018/1/3 15:00,249
2018/1/3 16:00,248.94
2018/1/3 17:00,248.7
2018/1/3 18:00,248.97
2018/1/3 19:00,249.1
2018/1/3 20:00,248.95
2018/1/4 4:00,249.72
2018/1/4 5:00,249.65
2018/1/4 6:00,249.8
2018/1/4 7:00,249.66
2018/1/4 8:00,249.96
2018/1/4 9:00,250.54
2018/1/4 10:00,250.6966
2018/1/4 11:00,250.405
2018/1/4 12:00,250.62
2018/1/4 13:00,250.7
2018/1/4 14:00,250.73
2018/1/4 15:00,250.605
2018/1/4 16:00,250.7
2018/1/4 17:00,250.69
2018/1/4 18:00,250.82
2018/1/4 19:00,250.8
2018/1/4 20:00,250.6
2018/1/5 4:00,250.95
2018/1/5 5:00,251.19
2018/1/5 6:00,251.52
2018/1/5 7:00,251.5
2018/1/5 8:00,251.64
2018/1/5 9:00,251.2
2018/1/5 10:00,251.1963
2018/1/5 11:00,251.47
2018/1/5 12:00,251.47
2018/1/5 13:00,251.669
2018/1/5 14:00,252.009
2018/1/5 15:00,252.73
2018/1/5 16:00,252.8
2018/1/5 17:00,252.76
2018/1/5 18:00,252.9
2018/1/5 19:00,253
2018/1/5 20:00,252.72
2018/1/8 4:00,253.11
2018/1/8 5:00,253.12
2018/1/8 6:00,253
2018/1/8 7:00,252.56
2018/1/8 8:00,252.7
2018/1/8 9:00,252.49
2018/1/8 10:00,252.464
2018/1/8 11:00,252.435
2018/1/8 12:00,252.6
2018/1/8 13:00,252.835
2018/1/8 14:00,252.86
2018/1/8 15:00,252.62
2018/1/8 16:00,252.59
2018/1/8 17:00,252.9
2018/1/8 18:00,252.59
2018/1/8 19:00,252.86
2018/1/8 20:00,252.59
2018/1/9 4:00,248.75
2018/1/9 7:00,253
2018/1/9 8:00,253.31
2018/1/9 9:00,253.23
2018/1/9 10:00,253.33
2018/1/9 11:00,253.8765
2018/1/9 12:00,253.96
2018/1/9 13:00,254.279
2018/1/9 14:00,254.055
2018/1/9 15:00,253.77
2018/1/9 16:00,253.78
2018/1/9 17:00,253.8
2018/1/9 18:00,253.92
2018/1/9 19:00,253.83
2018/1/9 20:00,253.82
2018/1/10 4:00,253.3
2018/1/10 5:00,252.51
2018/1/10 6:00,252.73
2018/1/10 7:00,252.74
2018/1/10 8:00,253.04
2018/1/10 9:00,252.76
2018/1/10 10:00,253.24
2018/1/10 11:00,253.545
2018/1/10 12:00,253.77
2018/1/10 13:00,253.82
2018/1/10 14:00,253.329
2018/1/10 15:00,253.59
2018/1/10 16:00,253.62
2018/1/10 17:00,253.67
2018/1/10 18:00,253.59
2018/1/10 19:00,253.93
2018/1/10 20:00,253.62
2018/1/11 6:00,253.97
2018/1/11 7:00,254
2018/1/11 8:00,253.9
2018/1/11 9:00,254.43
2018/1/11 10:00,254.67
2018/1/11 11:00,254.72
2018/1/11 12:00,255.065
2018/1/11 13:00,254.9899
2018/1/11 14:00,255.055
2018/1/11 15:00,255.63
2018/1/11 16:00,255.7
2018/1/11 17:00,255.68
2018/1/11 18:00,255.65
2018/1/11 19:00,255.68
2018/1/11 20:00,255.61
2018/1/12 4:00,256.42
2018/1/12 5:00,256.69
2018/1/12 6:00,256.7
2018/1/12 7:00,256.63
2018/1/12 8:00,256.42
2018/1/12 9:00,257.25
2018/1/12 10:00,257.6474
2018/1/12 11:00,257.73
2018/1/12 12:00,257.48
2018/1/12 13:00,257.6399
2018/1/12 14:00,257.6504
2018/1/12 15:00,257.91
2018/1/12 16:00,258.2
2018/1/12 17:00,258.2
2018/1/12 18:00,258.26
2018/1/12 19:00,258.29
2018/1/12 20:00,257.91
2018/1/16 4:00,260.5
2018/1/16 5:00,260.5
2018/1/16 6:00,260.4
2018/1/16 7:00,260.3
2018/1/16 8:00,260.3
2018/1/16 9:00,260.72
2018/1/16 10:00,259.3406
2018/1/16 11:00,259.47
2018/1/16 12:00,259.1425
2018/1/16 13:00,258.48
2018/1/16 14:00,257.19
2018/1/16 15:00,257.83
2018/1/16 16:00,258.3
2018/1/16 17:00,258.28
2018/1/16 18:00,258.06
2018/1/16 19:00,258.35
2018/1/16 20:00,257.81
2018/1/17 4:00,259.18
2018/1/17 5:00,259.18
2018/1/17 6:00,259.7
2018/1/17 7:00,259.4
2018/1/17 8:00,259.52
2018/1/17 9:00,258.64
2018/1/17 10:00,259.07
2018/1/17 11:00,259.57
2018/1/17 12:00,260.1335
2018/1/17 13:00,260.31
2018/1/17 14:00,260.69
2018/1/17 15:00,261.05
2018/1/17 16:00,260.88
2018/1/17 17:00,261
2018/1/17 18:00,261.1
2018/1/17 19:00,261.2
2018/1/17 20:00,261.08
2018/1/18 4:00,260.78
2018/1/18 6:00,261.2
2018/1/18 7:00,261.08
2018/1/18 8:00,261.1
2018/1/18 9:00,260.92
2018/1/18 10:00,260.14
2018/1/18 11:00,259.8264
2018/1/18 12:00,260.11
2018/1/18 13:00,260.36
2018/1/18 14:00,260.565
2018/1/18 15:00,260.18
2018/1/18 16:00,259.45
2018/1/18 17:00,259.5
2018/1/18 18:00,259.88
2018/1/18 19:00,259.85
2018/1/18 20:00,260.16
2018/1/19 4:00,260.15
2018/1/19 5:00,260.19
2018/1/19 6:00,260.45
2018/1/19 7:00,260.13
2018/1/19 8:00,259.4
2018/1/19 9:00,259.99
2018/1/19 10:00,259.725
2018/1/19 11:00,259.385
2018/1/19 12:00,259.55
2018/1/19 13:00,259.54
2018/1/19 14:00,260.035
2018/1/19 15:00,260.55
2018/1/19 16:00,260.5
2018/1/19 17:00,260.5
2018/1/19 18:00,260.65
2018/1/19 19:00,260.67
2018/1/19 20:00,260.54
2018/1/22 4:00,259.73
2018/1/22 7:00,259.88
2018/1/22 8:00,259.76
2018/1/22 9:00,260.38
2018/1/22 10:00,260.38
2018/1/22 11:00,260.84
2018/1/22 12:00,261.265
2018/1/22 13:00,261.21
2018/1/22 14:00,261.15
2018/1/22 15:00,261.97
2018/1/22 16:00,262.1
2018/1/22 17:00,262.01
2018/1/22 18:00,261.87
2018/1/22 19:00,262.05
2018/1/22 20:00,261.98
2018/1/23 4:00,262.3
2018/1/23 5:00,262.68
2018/1/23 6:00,261.65
2018/1/23 7:00,261.88
2018/1/23 8:00,261.75
2018/1/23 9:00,261.585
2018/1/23 10:00,262.18
2018/1/23 11:00,261.755
2018/1/23 12:00,261.8379
2018/1/23 13:00,262.11
2018/1/23 14:00,261.9432
2018/1/23 15:00,261.94
2018/1/23 16:00,261.87
2018/1/23 17:00,261.87
2018/1/23 18:00,261.95
2018/1/23 19:00,262.03
2018/1/23 20:00,261.87
2018/1/24 6:00,262.7
2018/1/24 7:00,262.65
2018/1/24 8:00,262.92
2018/1/24 9:00,263.515
2018/1/24 10:00,263.46
2018/1/24 11:00,262.58
2018/1/24 12:00,261.925
2018/1/24 13:00,262.04
2018/1/24 14:00,262.4366
2018/1/24 15:00,262.57
2018/1/24 16:00,262.6
2018/1/24 17:00,262.68
2018/1/24 18:00,262.57
2018/1/24 19:00,262.75
2018/1/24 20:00,262.57
2018/1/25 5:00,262.95
2018/1/25 7:00,263.7
2018/1/25 8:00,264.1
2018/1/25 9:00,262.85
2018/1/25 10:00,263.24
2018/1/25 11:00,263.96
2018/1/25 12:00,263.989
2018/1/25 13:00,264
2018/1/25 14:00,263.04
2018/1/25 15:00,263.75
2018/1/25 16:00,263.82
2018/1/25 17:00,263.83
2018/1/25 18:00,264
2018/1/25 19:00,264.24
2018/1/25 20:00,263.75
2018/1/26 6:00,264.39
2018/1/26 7:00,264.26
2018/1/26 8:00,264.29
2018/1/26 9:00,264.54
2018/1/26 10:00,264.43
2018/1/26 11:00,264.56
2018/1/26 12:00,264.88
2018/1/26 13:00,265.03
2018/1/26 14:00,265.015
2018/1/26 15:00,265.93
2018/1/26 16:00,265.82
2018/1/26 17:00,265.91
2018/1/26 18:00,266
2018/1/26 19:00,266.08
2018/1/26 20:00,265.91
2018/1/29 4:00,265.91
2018/1/29 6:00,265.75
2018/1/29 7:00,265.58
2018/1/29 8:00,265.5
2018/1/29 9:00,265.63
2018/1/29 10:00,264.86
2018/1/29 11:00,264.96
2018/1/29 12:00,265.18
2018/1/29 13:00,265.199
2018/1/29 14:00,264.93
2018/1/29 15:00,264.17
2018/1/29 16:00,264.38
2018/1/29 17:00,264.3
2018/1/29 18:00,264.61
2018/1/29 19:00,264.4
2018/1/29 20:00,264.16
2018/1/30 4:00,262.95
2018/1/30 5:00,262.7
2018/1/30 6:00,262.62
2018/1/30 7:00,262
2018/1/30 8:00,261.7
2018/1/30 9:00,261.29
2018/1/30 10:00,261.76
2018/1/30 11:00,260.91
2018/1/30 12:00,260.7305
2018/1/30 13:00,260.705
2018/1/30 14:00,260.42
2018/1/30 15:00,260.61
2018/1/30 16:00,260.45
2018/1/30 17:00,260.47
2018/1/30 18:00,260.5
2018/1/30 19:00,260.65
2018/1/30 20:00,260.62
2018/1/31 4:00,261.2
2018/1/31 6:00,261.5
2018/1/31 7:00,263.23
2018/1/31 8:00,262.87
2018/1/31 9:00,262.5648
2018/1/31 10:00,262
2018/1/31 11:00,261.71
2018/1/31 12:00,262.05
2018/1/31 13:00,262.01
2018/1/31 14:00,260.85
2018/1/31 15:00,261.38
2018/1/31 16:00,261.7
2018/1/31 17:00,261.7
2018/1/31 18:00,261.75
2018/1/31 19:00,261.98
2018/1/31 20:00,261.44
2018/2/1 5:00,261.46
2018/2/1 6:00,261.16
2018/2/1 7:00,261.3
2018/2/1 8:00,259.93
2018/2/1 9:00,261.17
2018/2/1 10:00,261.03
2018/2/1 11:00,262.54
2018/2/1 12:00,262.57
2018/2/1 13:00,261.72
2018/2/1 14:00,261.77
2018/2/1 15:00,261.68
2018/2/1 16:00,261.53
2018/2/1 17:00,261.8
2018/2/1 18:00,261.84
2018/2/1 19:00,261.75
2018/2/1 20:00,261.62
2018/2/2 4:00,259.8
2018/2/2 5:00,259.15
2018/2/2 6:00,259.4
2018/2/2 7:00,259.6
2018/2/2 8:00,260
2018/2/2 9:00,259.185
2018/2/2 10:00,258.94
2018/2/2 11:00,257.6699
2018/2/2 12:00,257.7848
2018/2/2 13:00,257.305
2018/2/2 14:00,255.925
2018/2/2 15:00,254.92
2018/2/2 16:00,254.7
2018/2/2 17:00,254.7
2018/2/2 18:00,254.25
2018/2/2 19:00,254.32
2018/2/2 20:00,254.93
2018/2/5 4:00,254.09
2018/2/5 5:00,253.2
2018/2/5 6:00,252.58
2018/2/5 7:00,251.61
2018/2/5 8:00,252.9
2018/2/5 9:00,253.0495
2018/2/5 10:00,254.71
2018/2/5 11:00,253.58
2018/2/5 12:00,252.27
2018/2/5 13:00,251.8128
2018/2/5 14:00,247.42
2018/2/5 15:00,243.2
2018/2/5 16:00,240.31
2018/2/5 17:00,240.65
2018/2/5 18:00,241
2018/2/5 19:00,240.6
2018/2/5 20:00,243.27
2018/2/6 4:00,240.12
2018/2/6 5:00,240
2018/2/6 6:00,237.1
2018/2/6 7:00,238.18
2018/2/6 8:00,238.82
2018/2/6 9:00,245.04
2018/2/6 10:00,242.988
2018/2/6 11:00,243.04
2018/2/6 12:00,244.56
2018/2/6 13:00,242.54
2018/2/6 14:00,246.42
2018/2/6 15:00,249.05
2018/2/6 16:00,247.9
2018/2/6 17:00,252
2018/2/6 18:00,248.15
2018/2/6 19:00,248.72
2018/2/6 20:00,248.96
2018/2/7 4:00,246.04
2018/2/7 5:00,246.3
2018/2/7 6:00,247.7
2018/2/7 7:00,247.79
2018/2/7 8:00,247.64
2018/2/7 9:00,250.25
2018/2/7 10:00,251.4216
2018/2/7 11:00,252.25
2018/2/7 12:00,250.91
2018/2/7 13:00,250.51
2018/2/7 14:00,249.93
2018/2/7 15:00,248.74
2018/2/7 16:00,248.76
2018/2/7 17:00,246.92
2018/2/7 18:00,245.9
2018/2/7 19:00,247.1
2018/2/7 20:00,248.76
2018/2/8 4:00,247.8
2018/2/8 6:00,247.2
2018/2/8 7:00,248.1
2018/2/8 8:00,249.24
2018/2/8 9:00,247.65
2018/2/8 10:00,245.71
2018/2/8 11:00,245.28
2018/2/8 12:00,243.146
2018/2/8 13:00,244.84
2018/2/8 14:00,243.032
2018/2/8 15:00,238.63
2018/2/8 16:00,240.26
2018/2/8 17:00,240.59
2018/2/8 18:00,239.6
2018/2/8 19:00,240.5
2018/2/8 20:00,238.67
2018/2/9 4:00,241.1
2018/2/9 5:00,241.22
2018/2/9 6:00,239.86
2018/2/9 7:00,238.87
2018/2/9 8:00,241.2
2018/2/9 9:00,241.3122
2018/2/9 10:00,238.84
2018/2/9 11:00,237.28
2018/2/9 12:00,236.9199
2018/2/9 13:00,236.2
2018/2/9 14:00,239.05
2018/2/9 15:00,242.14
2018/2/9 16:00,242.38
2018/2/9 17:00,242.58
2018/2/9 18:00,242.8
2018/2/9 19:00,243
2018/2/9 20:00,242.03
2018/2/12 4:00,245
2018/2/12 5:00,245
2018/2/12 6:00,244.84
2018/2/12 7:00,245
2018/2/12 8:00,244.01
2018/2/12 9:00,244.435
2018/2/12 10:00,244.28
2018/2/12 11:00,245.8
2018/2/12 12:00,246.19
2018/2/12 13:00,247.3055
2018/2/12 14:00,246.9
2018/2/12 15:00,246.19
2018/2/12 16:00,246.15
2018/2/12 17:00,246.35
2018/2/12 18:00,246
2018/2/12 19:00,246.06
2018/2/12 20:00,246.17
2018/2/13 4:00,244.6
2018/2/13 5:00,244.55
2018/2/13 6:00,244.5
2018/2/13 7:00,245.36
2018/2/13 8:00,245
2018/2/13 9:00,244.83
2018/2/13 10:00,245.64
2018/2/13 11:00,245.343
2018/2/13 12:00,245
2018/2/13 13:00,246.68
2018/2/13 14:00,246.83
2018/2/13 15:00,246.62
2018/2/13 16:00,246.84
2018/2/13 17:00,247
2018/2/13 18:00,246.57
2018/2/13 19:00,247.16
2018/2/13 20:00,246.57
2018/2/14 4:00,248.22
2018/2/14 5:00,247.9
2018/2/14 7:00,247.95
2018/2/14 8:00,244.97
2018/2/14 9:00,245.66
2018/2/14 10:00,246.84
2018/2/14 11:00,246.45
2018/2/14 12:00,247.492
2018/2/14 13:00,248.2595
2018/2/14 14:00,248.655
2018/2/14 15:00,249.16
2018/2/14 16:00,248.82
2018/2/14 17:00,249.09
2018/2/14 18:00,248.9
2018/2/14 19:00,249.19
2018/2/14 20:00,249.3
2018/2/15 4:00,251.3
2018/2/15 5:00,251.7
2018/2/15 6:00,251.5
2018/2/15 7:00,251.16
2018/2/15 8:00,251.13
2018/2/15 9:00,251.57
2018/2/15 10:00,249.12
2018/2/15 11:00,250.205
2018/2/15 12:00,250.58
2018/2/15 13:00,251.13
2018/2/15 14:00,251.55
2018/2/15 15:00,252.46
2018/2/15 16:00,252.7
2018/2/15 17:00,252.71
2018/2/15 18:00,253.18
2018/2/15 19:00,252.85
2018/2/15 20:00,252.5
2018/2/16 4:00,253.07
2018/2/16 5:00,252.92
2018/2/16 6:00,252.5
2018/2/16 7:00,252.72
2018/2/16 8:00,252.02
2018/2/16 9:00,251.79
2018/2/16 10:00,252.49
2018/2/16 11:00,253.4775
2018/2/16 12:00,253.2422
2018/2/16 13:00,252.23
2018/2/16 14:00,252.61
2018/2/16 15:00,251.94
2018/2/16 16:00,252.05
2018/2/16 17:00,252.07
2018/2/16 18:00,252.1
2018/2/16 19:00,252.06
2018/2/16 20:00,251.96
2018/2/20 4:00,250.07
2018/2/20 5:00,250.5
2018/2/20 6:00,250.28
2018/2/20 7:00,250.7
2018/2/20 8:00,250.44
2018/2/20 9:00,250.46
2018/2/20 10:00,250.01
2018/2/20 11:00,251.35
2018/2/20 12:00,251.2
2018/2/20 13:00,250.78
2018/2/20 14:00,249.57
2018/2/20 15:00,249.35
2018/2/20 16:00,249.54
2018/2/20 17:00,249.55
2018/2/20 18:00,249.85
2018/2/20 19:00,250
2018/2/20 20:00,249.35
2018/2/21 4:00,249
2018/2/21 5:00,249.06
2018/2/21 6:00,249.07
2018/2/21 7:00,249.15
2018/2/21 8:00,249.26
2018/2/21 9:00,250.1049
2018/2/21 10:00,250.8
2018/2/21 11:00,250.52
2018/2/21 12:00,250.89
2018/2/21 13:00,250.91
2018/2/21 14:00,250.97
2018/2/21 15:00,247.71
2018/2/21 16:00,247.58
2018/2/21 17:00,247.6
2018/2/21 18:00,247
2018/2/21 19:00,246.89
2018/2/21 20:00,247.72
2018/2/22 4:00,246.9
2018/2/22 5:00,247.55
2018/2/22 6:00,247.78
2018/2/22 7:00,248.05
2018/2/22 8:00,248.42
2018/2/22 9:00,249.04
2018/2/22 10:00,249.92
2018/2/22 11:00,251.0901
2018/2/22 12:00,250.08
2018/2/22 13:00,249.92
2018/2/22 14:00,249.33
2018/2/22 15:00,249.42
2018/2/22 16:00,250.4
2018/2/22 17:00,250.3
2018/2/22 18:00,250.07
2018/2/22 19:00,250.9
2018/2/22 20:00,249.49
2018/2/23 4:00,251.5
2018/2/23 5:00,250.7
2018/2/23 6:00,251
2018/2/23 7:00,251
2018/2/23 8:00,250.85
2018/2/23 9:00,250.88
2018/2/23 10:00,250.72
2018/2/23 11:00,251.3
2018/2/23 12:00,250.87
2018/2/23 13:00,251.06
2018/2/23 14:00,251.765
2018/2/23 15:00,252.89
2018/2/23 16:00,253.04
2018/2/23 17:00,252.72
2018/2/23 18:00,252.91
2018/2/23 19:00,252.8
2018/2/23 20:00,252.91
2018/2/26 4:00,254.75
2018/2/26 5:00,254.73
2018/2/26 6:00,254.64
2018/2/26 7:00,254.66
2018/2/26 8:00,254.35
2018/2/26 9:00,255.02
2018/2/26 10:00,254.57
2018/2/26 11:00,255.18
2018/2/26 12:00,256.301
2018/2/26 13:00,256.36
2018/2/26 14:00,256.3
2018/2/26 15:00,256.9
2018/2/26 16:00,257.64
2018/2/26 17:00,257.4
2018/2/26 18:00,257.68
2018/2/26 19:00,257.6
2018/2/26 20:00,256.92
2018/2/27 4:00,257
2018/2/27 5:00,257.15
2018/2/27 6:00,256.65
2018/2/27 7:00,257.2
2018/2/27 8:00,257.35
2018/2/27 9:00,256.88
2018/2/27 10:00,256.4
2018/2/27 11:00,256.18
2018/2/27 12:00,256.84
2018/2/27 13:00,255.98
2018/2/27 14:00,255.5383
2018/2/27 15:00,253.96
2018/2/27 16:00,254.22
2018/2/27 17:00,254.28
2018/2/27 18:00,254.66
2018/2/27 19:00,254.75
2018/2/27 20:00,253.96
2018/2/28 4:00,255
2018/2/28 5:00,254.7
2018/2/28 6:00,254.52
2018/2/28 7:00,254.36
2018/2/28 8:00,254.87
2018/2/28 9:00,255.7201
2018/2/28 10:00,254.25
2018/2/28 11:00,253.93
2018/2/28 12:00,254.27
2018/2/28 13:00,254.39
2018/2/28 14:00,252.756
2018/2/28 15:00,250.22
2018/2/28 16:00,250.7
2018/2/28 17:00,250.85
2018/2/28 18:00,251
2018/2/28 19:00,250.9
2018/2/28 20:00,250.2
2018/3/1 4:00,250.1
2018/3/1 5:00,249.49
2018/3/1 6:00,249
2018/3/1 7:00,249.2
2018/3/1 8:00,250.4
2018/3/1 9:00,249.11
2018/3/1 10:00,250.07
2018/3/1 11:00,250.43
2018/3/1 12:00,248.59
2018/3/1 13:00,245.7508
2018/3/1 14:00,245.46
2018/3/1 15:00,246.01
2018/3/1 16:00,246.5
2018/3/1 17:00,246.5
2018/3/1 18:00,246.46
2018/3/1 19:00,246.54
2018/3/1 20:00,245.98
2018/3/2 4:00,245.12
2018/3/2 5:00,244.39
2018/3/2 6:00,244.26
2018/3/2 7:00,243.65
2018/3/2 8:00,244.01
2018/3/2 9:00,242.9
2018/3/2 10:00,243.01
2018/3/2 11:00,244.4
2018/3/2 12:00,245.28
2018/3/2 13:00,244.22
2018/3/2 14:00,244.28
2018/3/2 15:00,245.34
2018/3/2 16:00,245.5
2018/3/2 17:00,245.62
2018/3/2 18:00,245.6
2018/3/2 19:00,245.74
2018/3/2 20:00,245.35
2018/3/5 4:00,245
2018/3/5 5:00,245.48
2018/3/5 6:00,244.88
2018/3/5 7:00,244.54
2018/3/5 8:00,244.49
2018/3/5 9:00,244.18
2018/3/5 10:00,245.54
2018/3/5 11:00,247.17
2018/3/5 12:00,247.8321
2018/3/5 13:00,248.18
2018/3/5 14:00,248.85
2018/3/5 15:00,248.85
2018/3/5 16:00,248.79
2018/3/5 17:00,248.87
2018/3/5 18:00,248.9
2018/3/5 19:00,249.19
2018/3/5 20:00,248.84
2018/3/6 4:00,249.44
2018/3/6 5:00,249.3
2018/3/6 6:00,250.3
2018/3/6 7:00,250.18
2018/3/6 8:00,249.67
2018/3/6 9:00,249.04
2018/3/6 10:00,247.87
2018/3/6 11:00,247.77
2018/3/6 12:00,249
2018/3/6 13:00,248.57
2018/3/6 14:00,249.02
2018/3/6 15:00,248.84
2018/3/6 16:00,248.69
2018/3/6 17:00,245.52
2018/3/6 18:00,245.03
2018/3/6 19:00,244.74
2018/3/6 20:00,248.84
2018/3/7 4:00,245.5
2018/3/7 5:00,245.64
2018/3/7 6:00,245.8
2018/3/7 7:00,246.33
2018/3/7 8:00,246.24
2018/3/7 9:00,246.89
2018/3/7 10:00,247.931
2018/3/7 11:00,246.01
2018/3/7 12:00,246.14
2018/3/7 13:00,246.48
2018/3/7 14:00,246.9395
2018/3/7 15:00,248.12
2018/3/7 16:00,248
2018/3/7 17:00,248.05
2018/3/7 18:00,248.09
2018/3/7 19:00,248
2018/3/7 20:00,248.11
2018/3/8 4:00,247.87
2018/3/8 5:00,247.86
2018/3/8 6:00,248.17
2018/3/8 7:00,248.43
2018/3/8 8:00,248.41
2018/3/8 9:00,248.97
2018/3/8 10:00,248.38
2018/3/8 11:00,248.18
2018/3/8 12:00,247.8
2018/3/8 13:00,247.79
2018/3/8 14:00,248.5989
2018/3/8 15:00,249.15
2018/3/8 16:00,248.98
2018/3/8 17:00,248.92
2018/3/8 18:00,249.11
2018/3/8 19:00,249.5
2018/3/8 20:00,249.14
2018/3/9 4:00,249.15
2018/3/9 5:00,249.45
2018/3/9 6:00,249.09
2018/3/9 7:00,249.27
2018/3/9 8:00,250.82
2018/3/9 9:00,250.84
2018/3/9 10:00,251.66
2018/3/9 11:00,251.9199
2018/3/9 12:00,252.39
2018/3/9 13:00,252.896
2018/3/9 14:00,252.92
2018/3/9 15:00,253.51
2018/3/9 16:00,253.58
2018/3/9 17:00,253.4
2018/3/9 18:00,253.5
2018/3/9 19:00,253.4
2018/3/9 20:00,253.56
2018/3/12 4:00,254.78
2018/3/12 5:00,254.49
2018/3/12 6:00,254.59
2018/3/12 7:00,254.26
2018/3/12 8:00,253.93
2018/3/12 9:00,254.38
2018/3/12 10:00,252.71
2018/3/12 11:00,252.44
2018/3/12 12:00,252.15
2018/3/12 13:00,252.4
2018/3/12 14:00,251.8812
2018/3/12 15:00,251.99
2018/3/12 16:00,252.24
2018/3/12 17:00,252.05
2018/3/12 18:00,252.28
2018/3/12 19:00,252.28
2018/3/12 20:00,251.96
2018/3/13 4:00,252.79
2018/3/13 5:00,252.75
2018/3/13 6:00,252.89
2018/3/13 7:00,252.76
2018/3/13 8:00,253.12
2018/3/13 9:00,253.47
2018/3/13 10:00,252.875
2018/3/13 11:00,252.03
2018/3/13 12:00,252.09
2018/3/13 13:00,251.4088
2018/3/13 14:00,251.01
2018/3/13 15:00,250.23
2018/3/13 16:00,250.24
2018/3/13 17:00,250
2018/3/13 18:00,249.96
2018/3/13 19:00,250.06
2018/3/13 20:00,250.22
2018/3/14 4:00,251.52
2018/3/14 5:00,251.5
2018/3/14 6:00,251.4
2018/3/14 7:00,251.43
2018/3/14 8:00,251.35
2018/3/14 9:00,250.7
2018/3/14 10:00,249.62
2018/3/14 11:00,247.49
2018/3/14 12:00,247.923
2018/3/14 13:00,249.04
2018/3/14 14:00,248.2
2018/3/14 15:00,247.87
2018/3/14 16:00,248.2
2018/3/14 17:00,248.2
2018/3/14 18:00,247.88
2018/3/14 19:00,248.18
2018/3/14 20:00,247.88
2018/3/15 4:00,248.75
2018/3/15 6:00,248.2
2018/3/15 7:00,248.42
2018/3/15 8:00,248.54
2018/3/15 9:00,248.23
2018/3/15 10:00,248.87
2018/3/15 11:00,250.072
2018/3/15 12:00,249.93
2018/3/15 13:00,248.48
2018/3/15 14:00,249.02
2018/3/15 15:00,249.02
2018/3/15 16:00,249.5
2018/3/15 17:00,249.25
2018/3/15 18:00,249.5
2018/3/15 19:00,249.56
2018/3/15 20:00,249
2018/3/16 4:00,248.25
2018/3/16 6:00,248.53
2018/3/16 7:00,248.45
2018/3/16 8:00,249.05
2018/3/16 9:00,249.32
2018/3/16 10:00,249.5709
2018/3/16 11:00,249.35
2018/3/16 12:00,249.879
2018/3/16 13:00,249.4199
2018/3/16 14:00,249.6
2018/3/16 15:00,249.08
2018/3/16 16:00,249.1
2018/3/16 17:00,249.15
2018/3/16 18:00,249.15
2018/3/16 19:00,249.5
2018/3/16 20:00,249.1
2018/3/19 4:00,247.55
2018/3/19 7:00,248.04
2018/3/19 8:00,248.03
2018/3/19 9:00,247.52
2018/3/19 10:00,246.86
2018/3/19 11:00,246.07
2018/3/19 12:00,245.62
2018/3/19 13:00,245.4686
2018/3/19 14:00,245.12
2018/3/19 15:00,245.91
2018/3/19 16:00,246.5
2018/3/19 17:00,246.5
2018/3/19 18:00,246.1
2018/3/19 19:00,245.96
2018/3/19 20:00,245.91
2018/3/20 5:00,246.01
2018/3/20 7:00,246.83
2018/3/20 8:00,246.72
2018/3/20 9:00,246.85
2018/3/20 10:00,247.47
2018/3/20 11:00,247.08
2018/3/20 12:00,246.97
2018/3/20 13:00,246.7375
2018/3/20 14:00,247.52
2018/3/20 15:00,247.12
2018/3/20 16:00,247.4
2018/3/20 17:00,247.24
2018/3/20 18:00,247.24
2018/3/20 20:00,247.1
2018/3/21 4:00,247.04
2018/3/21 7:00,246.98
2018/3/21 8:00,247.14
2018/3/21 9:00,246.6786
2018/3/21 10:00,246.799
2018/3/21 11:00,248.2619
2018/3/21 12:00,248.48
2018/3/21 13:00,248.26
2018/3/21 14:00,247.14
2018/3/21 15:00,246.61
2018/3/21 16:00,246.9
2018/3/21 17:00,246.9
2018/3/21 18:00,247.06
2018/3/21 19:00,246.9
2018/3/21 20:00,246.62
2018/3/22 4:00,245.88
2018/3/22 5:00,245.5
2018/3/22 6:00,245
2018/3/22 7:00,245.02
2018/3/22 8:00,244.26
2018/3/22 9:00,243.92
2018/3/22 10:00,242.899
2018/3/22 11:00,241.86
2018/3/22 12:00,242.9
2018/3/22 13:00,243.9962
2018/3/22 14:00,241.89
2018/3/22 15:00,239.35
2018/3/22 16:00,239.7
2018/3/22 17:00,239.36
2018/3/22 18:00,238.8
2018/3/22 19:00,237.74
2018/3/22 20:00,239.36
2018/3/23 4:00,238.4
2018/3/23 5:00,237.54
2018/3/23 6:00,237.95
2018/3/23 7:00,239.23
2018/3/23 8:00,239.25
2018/3/23 9:00,240.065
2018/3/23 10:00,240.595
2018/3/23 11:00,238.2
2018/3/23 12:00,238.6076
2018/3/23 13:00,240.58
2018/3/23 14:00,237.07
2018/3/23 15:00,235.1
2018/3/23 16:00,235.66
2018/3/23 17:00,235.21
2018/3/23 18:00,235.65
2018/3/23 19:00,236
2018/3/23 20:00,235.13
2018/3/26 4:00,239
2018/3/26 5:00,238.4
2018/3/26 6:00,238.75
2018/3/26 7:00,238.87
2018/3/26 8:00,238.9
2018/3/26 9:00,239.78
2018/3/26 10:00,238.25
2018/3/26 11:00,238.4732
2018/3/26 12:00,238.88
2018/3/26 13:00,239.35
2018/3/26 14:00,240.5965
2018/3/26 15:00,241.85
2018/3/26 16:00,241.9
2018/3/26 17:00,242
2018/3/26 18:00,242.16
2018/3/26 19:00,242.2
2018/3/26 20:00,241.82
2018/3/27 4:00,243.1
2018/3/27 5:00,243.5
2018/3/27 6:00,243.2
2018/3/27 7:00,243.23
2018/3/27 8:00,242.78
2018/3/27 9:00,242.3582
2018/3/27 10:00,242.66
2018/3/27 11:00,244.04
2018/3/27 12:00,243.46
2018/3/27 13:00,242.35
2018/3/27 14:00,240.78
2018/3/27 15:00,238.37
2018/3/27 16:00,238.4
2018/3/27 17:00,238.55
2018/3/27 18:00,238.74
2018/3/27 19:00,238.8
2018/3/27 20:00,238.29
2018/3/28 4:00,238.9
2018/3/28 6:00,238.75
2018/3/28 7:00,239.08
2018/3/28 8:00,238.83
2018/3/28 9:00,239.25
2018/3/28 10:00,238.07
2018/3/28 11:00,238.65
2018/3/28 12:00,238.5
2018/3/28 13:00,239.398
2018/3/28 14:00,238.69
2018/3/28 15:00,238.29
2018/3/28 16:00,238.66
2018/3/28 17:00,238.65
2018/3/28 18:00,239
2018/3/28 19:00,238.92
2018/3/28 20:00,238.28
2018/3/29 5:00,239.34
2018/3/29 6:00,239.5
2018/3/29 7:00,239.39
2018/3/29 8:00,239.66
2018/3/29 9:00,239.342
2018/3/29 10:00,240.74
2018/3/29 11:00,241.19
2018/3/29 12:00,240.69
2018/3/29 13:00,241.57
2018/3/29 14:00,242.2004
2018/3/29 15:00,241.34
2018/3/29 16:00,240.98
2018/3/29 17:00,241.01
2018/3/29 18:00,241.4
2018/3/29 19:00,241.1
2018/3/29 20:00,241.4
2018/4/2 4:00,240.74
2018/4/2 5:00,240.69
2018/4/2 6:00,240.9
2018/4/2 7:00,240.2
2018/4/2 8:00,240.41
2018/4/2 9:00,240.6294
2018/4/2 10:00,238.33
2018/4/2 11:00,235.895
2018/4/2 12:00,235.7
2018/4/2 13:00,233.83
2018/4/2 14:00,234.6575
2018/4/2 15:00,236.16
2018/4/2 16:00,236.36
2018/4/2 17:00,236.36
2018/4/2 18:00,236
2018/4/2 19:00,236.24
2018/4/2 20:00,236.15
2018/4/3 4:00,236.1
2018/4/3 7:00,236.77
2018/4/3 8:00,237.63
2018/4/3 9:00,237.5
2018/4/3 10:00,238.28
2018/4/3 11:00,237.1
2018/4/3 12:00,237.49
2018/4/3 13:00,238.4
2018/4/3 14:00,238.49
2018/4/3 15:00,240.1
2018/4/3 16:00,240.1
2018/4/3 17:00,239.7
2018/4/3 18:00,239.78
2018/4/3 19:00,239.57
2018/4/3 20:00,240.15
2018/4/4 4:00,236.3
2018/4/4 5:00,235.5
2018/4/4 6:00,234.6
2018/4/4 7:00,235.25
2018/4/4 8:00,235.45
2018/4/4 9:00,236.64
2018/4/4 10:00,238.19
2018/4/4 11:00,238.82
2018/4/4 12:00,239.63
2018/4/4 13:00,239.25
2018/4/4 14:00,241.29
2018/4/4 15:00,242.47
2018/4/4 16:00,242.62
2018/4/4 17:00,242.7
2018/4/4 18:00,243
2018/4/4 19:00,243.24
2018/4/4 20:00,242.46
2018/4/5 4:00,243.52
2018/4/5 5:00,243.3
2018/4/5 7:00,243.46
2018/4/5 8:00,243.81
2018/4/5 9:00,244.47
2018/4/5 10:00,244.4
2018/4/5 11:00,245.92
2018/4/5 12:00,245.2005
2018/4/5 13:00,244.07
2018/4/5 14:00,245.3181
2018/4/5 15:00,244.88
2018/4/5 16:00,245.08
2018/4/5 17:00,244.91
2018/4/5 18:00,241.75
2018/4/5 19:00,241.46
2018/4/5 20:00,244.91
2018/4/6 4:00,242.7
2018/4/6 5:00,243.34
2018/4/6 6:00,243.02
2018/4/6 7:00,242.17
2018/4/6 8:00,242.85
2018/4/6 9:00,243.7545
2018/4/6 10:00,241.495
2018/4/6 11:00,241.55
2018/4/6 12:00,242.0017
2018/4/6 13:00,239.27
2018/4/6 14:00,237.645
2018/4/6 15:00,239.15
2018/4/6 16:00,239.4
2018/4/6 17:00,239.25
2018/4/6 18:00,238.96
2018/4/6 19:00,238.9
2018/4/6 20:00,239.13
2018/4/9 4:00,241.45
2018/4/9 5:00,241.37
2018/4/9 6:00,241.25
2018/4/9 7:00,241.17
2018/4/9 8:00,241
2018/4/9 9:00,241.41
2018/4/9 10:00,241.8736
2018/4/9 11:00,242.65
2018/4/9 12:00,242.9
2018/4/9 13:00,243.56
2018/4/9 14:00,242.66
2018/4/9 15:00,239.74
2018/4/9 16:00,240.08
2018/4/9 17:00,240.1
2018/4/9 18:00,239.9
2018/4/9 19:00,240.08
2018/4/9 20:00,239.73
2018/4/10 4:00,242.59
2018/4/10 5:00,243.55
2018/4/10 6:00,243.04
2018/4/10 7:00,243.41
2018/4/10 8:00,243.25
2018/4/10 9:00,242.86
2018/4/10 10:00,244.18
2018/4/10 11:00,244.38
2018/4/10 12:00,243.391
2018/4/10 13:00,244.08
2018/4/10 14:00,244.31
2018/4/10 15:00,243.97
2018/4/10 16:00,243.8
2018/4/10 17:00,243.6
2018/4/10 18:00,243.56
2018/4/10 19:00,243.42
2018/4/10 20:00,244.01
2018/4/11 4:00,242.81
2018/4/11 5:00,242.92
2018/4/11 6:00,241.82
2018/4/11 7:00,241.7
2018/4/11 8:00,241.58
2018/4/11 9:00,242.94
2018/4/11 10:00,242.12
2018/4/11 11:00,242.9
2018/4/11 12:00,242.75
2018/4/11 13:00,242.76
2018/4/11 14:00,242.48
2018/4/11 15:00,241.8
2018/4/11 16:00,241.95
2018/4/11 17:00,242
2018/4/11 18:00,242.17
2018/4/11 19:00,242.44
2018/4/11 20:00,241.88
2018/4/12 6:00,243.1
2018/4/12 7:00,243.29
2018/4/12 8:00,243.26
2018/4/12 9:00,244.89
2018/4/12 10:00,244.42
2018/4/12 11:00,244.7322
2018/4/12 12:00,245.3967
2018/4/12 13:00,244.49
2018/4/12 14:00,245.299
2018/4/12 15:00,244.75
2018/4/12 16:00,245
2018/4/12 17:00,244.91
2018/4/12 18:00,244
2018/4/12 19:00,244.1
2018/4/12 20:00,244.81
2018/4/13 6:00,245.52
2018/4/13 7:00,245.61
2018/4/13 8:00,246.27
2018/4/13 9:00,245.1604
2018/4/13 10:00,243.65
2018/4/13 11:00,244.28
2018/4/13 12:00,243.94
2018/4/13 13:00,244.29
2018/4/13 14:00,243.68
2018/4/13 15:00,243.54
2018/4/13 16:00,243.62
2018/4/13 17:00,243.62
2018/4/13 18:00,243.25
2018/4/13 19:00,243.58
2018/4/13 20:00,243.58
2018/4/16 4:00,244.75
2018/4/16 5:00,244.6
2018/4/16 6:00,244.61
2018/4/16 7:00,245
2018/4/16 8:00,245.35
2018/4/16 9:00,245.03
2018/4/16 10:00,245.3212
2018/4/16 11:00,245.51
2018/4/16 12:00,246.36
2018/4/16 13:00,246.5716
2018/4/16 14:00,245.8974
2018/4/16 15:00,245.67
2018/4/16 16:00,245.86
2018/4/16 17:00,245.86
2018/4/16 18:00,246
2018/4/16 19:00,246
2018/4/16 20:00,245.62
2018/4/17 4:00,246.99
2018/4/17 5:00,247.18
2018/4/17 6:00,247.55
2018/4/17 7:00,247.83
2018/4/17 8:00,247.83
2018/4/17 9:00,247.88
2018/4/17 10:00,248.22
2018/4/17 11:00,248.12
2018/4/17 12:00,247.77
2018/4/17 13:00,247.74
2018/4/17 14:00,247.85
2018/4/17 15:00,247.79
2018/4/17 16:00,247.34
2018/4/17 17:00,247.1
2018/4/17 18:00,247.8
2018/4/17 19:00,247.62
2018/4/17 20:00,247.8
2018/4/18 5:00,247.7
2018/4/18 6:00,247.76
2018/4/18 7:00,248.25
2018/4/18 8:00,248.13
2018/4/18 9:00,247.7966
2018/4/18 10:00,247.7099
2018/4/18 11:00,247.67
2018/4/18 12:00,247.55
2018/4/18 13:00,247.3896
2018/4/18 14:00,247.61
2018/4/18 15:00,247.37
2018/4/18 16:00,247.65
2018/4/18 17:00,247.62
2018/4/18 18:00,247.88
2018/4/18 19:00,247.9
2018/4/18 20:00,247.38
2018/4/19 4:00,247.47
2018/4/19 5:00,247.58
2018/4/19 6:00,247.34
2018/4/19 7:00,247.41
2018/4/19 8:00,246.7
2018/4/19 9:00,246.72
2018/4/19 10:00,247.11
2018/4/19 11:00,246.25
2018/4/19 12:00,245.9802
2018/4/19 13:00,246.09
2018/4/19 14:00,246.2289
2018/4/19 15:00,246.58
2018/4/19 16:00,246.62
2018/4/19 17:00,246.65
2018/4/19 18:00,246.66
2018/4/19 19:00,246.48
2018/4/19 20:00,246.57
2018/4/20 5:00,246.22
2018/4/20 6:00,246.37
2018/4/20 7:00,246.45
2018/4/20 8:00,246.45
2018/4/20 9:00,246.18
2018/4/20 10:00,245.17
2018/4/20 11:00,244.7786
2018/4/20 12:00,244.29
2018/4/20 13:00,244.7201
2018/4/20 14:00,244.36
2018/4/20 15:00,244.49
2018/4/20 16:00,244.46
2018/4/20 17:00,244.4
2018/4/20 18:00,244.48
2018/4/20 19:00,244.6
2018/4/20 20:00,244.48
2018/4/23 4:00,244.29
2018/4/23 5:00,244.1
2018/4/23 6:00,244.58
2018/4/23 7:00,244.66
2018/4/23 8:00,245.05
2018/4/23 9:00,244.75
2018/4/23 10:00,244.26
2018/4/23 11:00,244.67
2018/4/23 12:00,244.375
2018/4/23 13:00,244.55
2018/4/23 14:00,243.41
2018/4/23 15:00,244.32
2018/4/23 16:00,244.5
2018/4/23 17:00,244.41
2018/4/23 18:00,244.49
2018/4/23 19:00,244.9
2018/4/23 20:00,244.35
2018/4/24 4:00,245.54
2018/4/24 5:00,245.46
2018/4/24 6:00,245.85
2018/4/24 7:00,245.83
2018/4/24 8:00,245.59
2018/4/24 9:00,244.98
2018/4/24 10:00,243.88
2018/4/24 11:00,242.84
2018/4/24 12:00,240.38
2018/4/24 13:00,238.9851
2018/4/24 14:00,239.2199
2018/4/24 15:00,240.06
2018/4/24 16:00,240.15
2018/4/24 17:00,240.22
2018/4/24 18:00,240.44
2018/4/24 19:00,240.47
2018/4/24 20:00,240.09
2018/4/25 4:00,238.96
2018/4/25 6:00,239.56
2018/4/25 7:00,240.1
2018/4/25 8:00,239.98
2018/4/25 9:00,238.33
2018/4/25 10:00,239.84
2018/4/25 11:00,238.84
2018/4/25 12:00,239.4175
2018/4/25 13:00,240.47
2018/4/25 14:00,241.18
2018/4/25 15:00,240.71
2018/4/25 16:00,241.04
2018/4/25 17:00,241.22
2018/4/25 18:00,241.4
2018/4/25 19:00,241.54
2018/4/25 20:00,240.7
2018/4/26 4:00,240.84
2018/4/26 5:00,241.35
2018/4/26 6:00,241.6
2018/4/26 7:00,241.62
2018/4/26 8:00,241.65
2018/4/26 9:00,242.031
2018/4/26 10:00,243.045
2018/4/26 11:00,242.3
2018/4/26 12:00,242.73
2018/4/26 13:00,243.385
2018/4/26 14:00,243.66
2018/4/26 15:00,243.11
2018/4/26 16:00,243.3
2018/4/26 17:00,243.35
2018/4/26 18:00,243.12
2018/4/26 19:00,243.14
2018/4/26 20:00,243.12
2018/4/27 5:00,242.38
2018/4/27 6:00,242.76
2018/4/27 7:00,242.76
2018/4/27 8:00,243.2
2018/4/27 9:00,242.85
2018/4/27 10:00,242.14
2018/4/27 11:00,242.361
2018/4/27 12:00,243.15
2018/4/27 13:00,242.95
2018/4/27 14:00,243.1509
2018/4/27 15:00,242.94
2018/4/27 16:00,242.95
2018/4/27 17:00,242.75
2018/4/27 18:00,242.95
2018/4/27 19:00,243.1
2018/4/27 20:00,242.95
2018/4/30 4:00,243.95
2018/4/30 6:00,244.22
2018/4/30 7:00,244.15
2018/4/30 8:00,244.37
2018/4/30 9:00,244.39
2018/4/30 10:00,244.12
2018/4/30 11:00,243.5
2018/4/30 12:00,242.99
2018/4/30 13:00,243.1555
2018/4/30 14:00,242.22
2018/4/30 15:00,241.54
2018/4/30 16:00,241.48
2018/4/30 17:00,241.48
2018/4/30 18:00,241.25
2018/4/30 19:00,241.7
2018/4/30 20:00,241.54
2018/5/1 6:00,241.1
2018/5/1 7:00,241.37
2018/5/1 8:00,241.3
2018/5/1 9:00,240.18
2018/5/1 10:00,238.826
2018/5/1 11:00,238.4
2018/5/1 12:00,238.65
2018/5/1 13:00,239.44
2018/5/1 14:00,240.38
2018/5/1 15:00,240.76
2018/5/1 16:00,241.2
2018/5/1 17:00,241.2
2018/5/1 18:00,241.34
2018/5/1 19:00,241.22
2018/5/1 20:00,240.76
2018/5/2 4:00,240.8
2018/5/2 5:00,241.52
2018/5/2 6:00,241.42
2018/5/2 7:00,241.25
2018/5/2 8:00,240.57
2018/5/2 9:00,240.08
2018/5/2 10:00,240.18
2018/5/2 11:00,240.14
2018/5/2 12:00,240.51
2018/5/2 13:00,240.77
2018/5/2 14:00,240.49
2018/5/2 15:00,239.1
2018/5/2 16:00,238.54
2018/5/2 17:00,238.7
2018/5/2 18:00,238.9
2018/5/2 19:00,238.86
2018/5/2 20:00,239.11
2018/5/3 4:00,239.15
2018/5/3 5:00,239.16
2018/5/3 7:00,237.72
2018/5/3 8:00,237.68
2018/5/3 9:00,237.8195
2018/5/3 10:00,235.65
2018/5/3 11:00,236.34
2018/5/3 12:00,238.9
2018/5/3 13:00,239.045
2018/5/3 14:00,239.065
2018/5/3 15:00,239.16
2018/5/3 16:00,239.52
2018/5/3 17:00,239.5
2018/5/3 18:00,239.1
2018/5/3 19:00,239.02
2018/5/3 20:00,239.1
2018/5/4 4:00,239.23
2018/5/4 5:00,239.3
2018/5/4 7:00,238.98
2018/5/4 8:00,238.75
2018/5/4 9:00,239.27
2018/5/4 10:00,241.14
2018/5/4 11:00,241.76
2018/5/4 12:00,241.949
2018/5/4 13:00,242.59
2018/5/4 14:00,242.69
2018/5/4 15:00,242.51
2018/5/4 16:00,242.7
2018/5/4 17:00,242.56
2018/5/4 18:00,242.64
2018/5/4 19:00,242.64
2018/5/4 20:00,242.52
2018/5/7 4:00,243.46
2018/5/7 5:00,243.14
2018/5/7 7:00,243.44
2018/5/7 8:00,243.57
2018/5/7 9:00,244.6
2018/5/7 10:00,244.35
2018/5/7 11:00,244.29
2018/5/7 12:00,244.01
2018/5/7 13:00,244.22
2018/5/7 14:00,243.233
2018/5/7 15:00,243.4
2018/5/7 16:00,243.3
2018/5/7 17:00,243.2
2018/5/7 18:00,243.42
2018/5/7 19:00,243.28
2018/5/7 20:00,243.42
2018/5/8 4:00,243.2
2018/5/8 5:00,242.6
2018/5/8 6:00,243.12
2018/5/8 7:00,242.9
2018/5/8 8:00,243.37
2018/5/8 9:00,242.78
2018/5/8 10:00,243.26
2018/5/8 11:00,243
2018/5/8 12:00,242.57
2018/5/8 13:00,242.71
2018/5/8 14:00,242.32
2018/5/8 15:00,243.45
2018/5/8 16:00,243.49
2018/5/8 17:00,243.4
2018/5/8 18:00,243.62
2018/5/8 19:00,243.26
2018/5/8 20:00,243.42
2018/5/9 4:00,244.91
2018/5/9 5:00,245.01
2018/5/9 6:00,245.01
2018/5/9 7:00,244.47
2018/5/9 8:00,244.49
2018/5/9 9:00,243.88
2018/5/9 10:00,243.34
2018/5/9 11:00,243.745
2018/5/9 12:00,245.11
2018/5/9 13:00,245.64
2018/5/9 14:00,245.46
2018/5/9 15:00,245.4
2018/5/9 16:00,245.42
2018/5/9 17:00,245.6
2018/5/9 18:00,245.5
2018/5/9 19:00,245.55
2018/5/9 20:00,245.4
2018/5/10 4:00,245.76
2018/5/10 5:00,245.55
2018/5/10 7:00,245.7
2018/5/10 8:00,246.09
2018/5/10 9:00,246.54
2018/5/10 10:00,247.0674
2018/5/10 11:00,247.51
2018/5/10 12:00,247.8274
2018/5/10 13:00,247.37
2018/5/10 14:00,247.68
2018/5/10 15:00,247.49
2018/5/10 16:00,247.25
2018/5/10 17:00,247.27
2018/5/10 18:00,247.37
2018/5/10 19:00,247.58
2018/5/10 20:00,247.46
2018/5/11 6:00,247.88
2018/5/11 7:00,247.86
2018/5/11 8:00,247.65
2018/5/11 9:00,248.68
2018/5/11 10:00,248.81
2018/5/11 11:00,248.21
2018/5/11 12:00,248.11
2018/5/11 13:00,248.0697
2018/5/11 14:00,248.2
2018/5/11 15:00,248.56
2018/5/11 16:00,248.66
2018/5/11 17:00,248.6
2018/5/11 18:00,248.54
2018/5/11 19:00,248.7
2018/5/11 20:00,248.54
2018/5/14 4:00,249.59
2018/5/14 5:00,249.6
2018/5/14 7:00,249.4
2018/5/14 8:00,249.2
2018/5/14 9:00,249.73
2018/5/14 10:00,249.75
2018/5/14 11:00,249.73
2018/5/14 12:00,249.4
2018/5/14 13:00,249.3
2018/5/14 14:00,249.39
2018/5/14 15:00,249.27
2018/5/14 16:00,249.27
2018/5/14 17:00,249.35
2018/5/14 18:00,249.3
2018/5/14 19:00,249.26
2018/5/14 20:00,249.27
2018/5/15 7:00,248.49
2018/5/15 8:00,247.74
2018/5/15 9:00,247.1
2018/5/15 10:00,247.37
2018/5/15 11:00,246.93
2018/5/15 12:00,247.41
2018/5/15 13:00,246.5632
2018/5/15 14:00,246.87
2018/5/15 15:00,247.28
2018/5/15 16:00,247.31
2018/5/15 17:00,247.08
2018/5/15 18:00,247.31
2018/5/15 19:00,246.92
2018/5/15 20:00,247.31
2018/5/16 4:00,247.38
2018/5/16 5:00,246.9
2018/5/16 6:00,247.1
2018/5/16 7:00,246.93
2018/5/16 8:00,246.77
2018/5/16 9:00,247.73
2018/5/16 10:00,247.58
2018/5/16 11:00,247.6
2018/5/16 12:00,247.98
2018/5/16 13:00,248.17
2018/5/16 14:00,248.21
2018/5/16 15:00,247.96
2018/5/16 16:00,247.97
2018/5/16 17:00,247.96
2018/5/16 18:00,247.97
2018/5/16 19:00,248.1
2018/5/16 20:00,247.97
2018/5/17 4:00,247.6
2018/5/17 5:00,247.86
2018/5/17 6:00,247.72
2018/5/17 7:00,247.77
2018/5/17 8:00,247.69
2018/5/17 9:00,247.4
2018/5/17 10:00,248.71
2018/5/17 11:00,248.12
2018/5/17 12:00,247.8913
2018/5/17 13:00,247.28
2018/5/17 14:00,247.8
2018/5/17 15:00,247.65
2018/5/17 16:00,247.64
2018/5/17 17:00,247.6
2018/5/17 18:00,247.88
2018/5/17 19:00,248.05
2018/5/17 20:00,247.74
2018/5/18 5:00,247.59
2018/5/18 7:00,247.59
2018/5/18 8:00,246.82
2018/5/18 9:00,247.02
2018/5/18 10:00,247.031
2018/5/18 11:00,247.3
2018/5/18 12:00,247.11
2018/5/18 13:00,247.01
2018/5/18 14:00,247.17
2018/5/18 15:00,246.97
2018/5/18 16:00,247
2018/5/18 17:00,247
2018/5/18 18:00,247
2018/5/18 19:00,247
2018/5/18 20:00,247
2018/5/21 4:00,249.11
2018/5/21 5:00,249.34
2018/5/21 6:00,249.34
2018/5/21 7:00,249.31
2018/5/21 8:00,249.23
2018/5/21 9:00,249.7
2018/5/21 10:00,250.4818
2018/5/21 11:00,249.68
2018/5/21 12:00,249.94
2018/5/21 13:00,250.17
2018/5/21 14:00,249.8982
2018/5/21 15:00,249.91
2018/5/21 16:00,249.94
2018/5/21 17:00,250
2018/5/21 18:00,249.94
2018/5/21 19:00,249.91
2018/5/21 20:00,249.94
2018/5/22 4:00,250.38
2018/5/22 5:00,250.38
2018/5/22 6:00,250.5
2018/5/22 7:00,250.43
2018/5/22 8:00,250.3
2018/5/22 9:00,250.03
2018/5/22 10:00,249.495
2018/5/22 11:00,249.7
2018/5/22 12:00,249.42
2018/5/22 13:00,249.24
2018/5/22 14:00,248.8896
2018/5/22 15:00,248.17
2018/5/22 16:00,248.24
2018/5/22 17:00,248.37
2018/5/22 18:00,248.18
2018/5/22 19:00,248.1
2018/5/22 20:00,248.18
2018/5/23 4:00,246.52
2018/5/23 5:00,246.4
2018/5/23 6:00,246.44
2018/5/23 7:00,246.47
2018/5/23 8:00,246.67
2018/5/23 9:00,247.31
2018/5/23 10:00,246.83
2018/5/23 11:00,246.72
2018/5/23 12:00,247.07
2018/5/23 13:00,247.0554
2018/5/23 14:00,248.02
2018/5/23 15:00,248.65
2018/5/23 16:00,248.3
2018/5/23 17:00,248.5
2018/5/23 18:00,248.46
2018/5/23 19:00,248.3
2018/5/23 20:00,248.63
2018/5/24 7:00,248.18
2018/5/24 8:00,248.02
2018/5/24 9:00,247.19
2018/5/24 10:00,246.04
2018/5/24 11:00,247.18
2018/5/24 12:00,247.52
2018/5/24 13:00,247.91
2018/5/24 14:00,247.795
2018/5/24 15:00,247.9
2018/5/24 16:00,248
2018/5/24 17:00,247.85
2018/5/24 18:00,247.91
2018/5/24 19:00,248.1
2018/5/24 20:00,247.91
2018/5/25 4:00,248.39
2018/5/25 6:00,248.56
2018/5/25 7:00,247.78
2018/5/25 8:00,247.38
2018/5/25 9:00,247.41
2018/5/25 10:00,247.67
2018/5/25 11:00,247.58
2018/5/25 12:00,247.27
2018/5/25 13:00,247.0575
2018/5/25 14:00,246.97
2018/5/25 15:00,247.35
2018/5/25 16:00,247.42
2018/5/25 17:00,247.6
2018/5/25 18:00,247.37
2018/5/25 19:00,247.49
2018/5/25 20:00,247.37
2018/5/29 4:00,245.2
2018/5/29 6:00,245.52
2018/5/29 7:00,245.77
2018/5/29 8:00,245.82
2018/5/29 9:00,245.88
2018/5/29 10:00,245.12
2018/5/29 11:00,243.5
2018/5/29 12:00,243.66
2018/5/29 13:00,243.1148
2018/5/29 14:00,242.39
2018/5/29 15:00,243.45
2018/5/29 16:00,243.97
2018/5/29 17:00,243.95
2018/5/29 18:00,243.62
2018/5/29 19:00,243.4
2018/5/29 20:00,243.45
2018/5/30 4:00,244.16
2018/5/30 5:00,244.72
2018/5/30 6:00,245.22
2018/5/30 7:00,245.15
2018/5/30 8:00,245.03
2018/5/30 9:00,244.707
2018/5/30 10:00,245.68
2018/5/30 11:00,246.2099
2018/5/30 12:00,246.445
2018/5/30 13:00,246.81
2018/5/30 14:00,246.96
2018/5/30 15:00,246.7
2018/5/30 16:00,246.66
2018/5/30 17:00,246.79
2018/5/30 18:00,246.34
2018/5/30 19:00,246.34
2018/5/30 20:00,246.7
2018/5/31 4:00,247.03
2018/5/31 5:00,246.52
2018/5/31 7:00,246.96
2018/5/31 8:00,246.78
2018/5/31 9:00,245.16
2018/5/31 10:00,244.1
2018/5/31 11:00,245.04
2018/5/31 12:00,244.71
2018/5/31 13:00,243.8822
2018/5/31 14:00,244.29
2018/5/31 15:00,244.18
2018/5/31 16:00,244.36
2018/5/31 17:00,244.3
2018/5/31 18:00,244.18
2018/5/31 19:00,244.44
2018/5/31 20:00,244.18
2018/6/1 4:00,245.04
2018/6/1 5:00,245.42
2018/6/1 7:00,245.55
2018/6/1 8:00,245.92
2018/6/1 9:00,246.34
2018/6/1 10:00,246.1805
2018/6/1 11:00,246.255
2018/6/1 12:00,246.54
2018/6/1 13:00,246.53
2018/6/1 14:00,246.495
2018/6/1 15:00,246.37
2018/6/1 16:00,246.43
2018/6/1 17:00,246.3
2018/6/1 18:00,246.36
2018/6/1 20:00,246.36
2018/6/4 4:00,247.45
2018/6/4 5:00,247.88
2018/6/4 6:00,247.73
2018/6/4 7:00,247.64
2018/6/4 8:00,247.78
2018/6/4 9:00,248.44
2018/6/4 10:00,248.39
2018/6/4 11:00,248.36
2018/6/4 12:00,248.24
2018/6/4 13:00,248.0699
2018/6/4 14:00,248.15
2018/6/4 15:00,248.19
2018/6/4 16:00,248.2
2018/6/4 17:00,248.2
2018/6/4 18:00,248.06
2018/6/4 19:00,248.08
2018/6/4 20:00,248.2
2018/6/5 4:00,248.38
2018/6/5 6:00,248.44
2018/6/5 7:00,248.41
2018/6/5 8:00,247.89
2018/6/5 9:00,248.13
2018/6/5 10:00,247.98
2018/6/5 11:00,247.465
2018/6/5 12:00,247.645
2018/6/5 13:00,247.91
2018/6/5 14:00,248.3401
2018/6/5 15:00,248.14
2018/6/5 16:00,248.35
2018/6/5 17:00,248.15
2018/6/5 18:00,248.2
2018/6/5 19:00,248.36
2018/6/5 20:00,248.15
2018/6/6 4:00,249.01
2018/6/6 5:00,249.13
2018/6/6 6:00,249.31
2018/6/6 7:00,249.54
2018/6/6 8:00,249.39
2018/6/6 9:00,248.97
2018/6/6 10:00,249.28
2018/6/6 11:00,250.3755
2018/6/6 12:00,250.4149
2018/6/6 13:00,250.27
2018/6/6 14:00,250.9609
2018/6/6 15:00,251.51
2018/6/6 16:00,251.63
2018/6/6 17:00,251.55
2018/6/6 18:00,251.52
2018/6/6 19:00,251.38
2018/6/6 20:00,251.52
2018/6/7 4:00,252.06
2018/6/7 5:00,252
2018/6/7 6:00,251.83
2018/6/7 7:00,252.12
2018/6/7 8:00,252.15
2018/6/7 9:00,252.6316
2018/6/7 10:00,252.71
2018/6/7 11:00,252.87
2018/6/7 12:00,252.71
2018/6/7 13:00,251.92
2018/6/7 14:00,252.4
2018/6/7 15:00,252.51
2018/6/7 16:00,252.83
2018/6/7 17:00,252.99
2018/6/7 18:00,252.68
2018/6/7 19:00,252.76
2018/6/7 20:00,252.53
2018/6/8 4:00,251.06
2018/6/8 5:00,251.3
2018/6/8 6:00,251.28
2018/6/8 7:00,251.94
2018/6/8 8:00,251.95
2018/6/8 9:00,252.28
2018/6/8 10:00,252.57
2018/6/8 11:00,252.5883
2018/6/8 12:00,253.12
2018/6/8 13:00,252.88
2018/6/8 14:00,253.0099
2018/6/8 15:00,253.26
2018/6/8 16:00,253.1001
2018/6/8 17:00,253.34
2018/6/8 18:00,253.2
2018/6/8 19:00,253.23
2018/6/8 20:00,253.27
2018/6/11 4:00,253.8
2018/6/11 5:00,253.68
2018/6/11 6:00,253.61
2018/6/11 7:00,253.17
2018/6/11 8:00,253.32
2018/6/11 9:00,253.18
2018/6/11 10:00,253.17
2018/6/11 11:00,253.73
2018/6/11 12:00,254.015
2018/6/11 13:00,253.9279
2018/6/11 14:00,253.7901
2018/6/11 15:00,253.39
2018/6/11 16:00,253.48
2018/6/11 17:00,253.48
2018/6/11 18:00,253.68
2018/6/11 19:00,253.65
2018/6/11 20:00,253.39
2018/6/12 4:00,253.29
2018/6/12 6:00,253.03
2018/6/12 7:00,253.31
2018/6/12 8:00,253.65
2018/6/12 9:00,253.15
2018/6/12 10:00,253.36
2018/6/12 11:00,253.59
2018/6/12 12:00,253.33
2018/6/12 13:00,253.365
2018/6/12 14:00,252.58
2018/6/12 15:00,253.31
2018/6/12 16:00,253.42
2018/6/12 17:00,253.3
2018/6/12 18:00,253.38
2018/6/12 19:00,253.5
2018/6/12 20:00,253.3
2018/6/13 5:00,253.3
2018/6/13 6:00,253.47
2018/6/13 7:00,253.57
2018/6/13 8:00,253.47
2018/6/13 9:00,253.31
2018/6/13 10:00,253.35
2018/6/13 11:00,253.46
2018/6/13 12:00,253.18
2018/6/13 13:00,253.215
2018/6/13 14:00,252.93
2018/6/13 15:00,252.17
2018/6/13 16:00,252.11
2018/6/13 17:00,252.115
2018/6/13 18:00,252.18
2018/6/13 19:00,252.1
2018/6/13 20:00,252.18
2018/6/14 4:00,251.96
2018/6/14 7:00,252.42
2018/6/14 8:00,252.92
2018/6/14 9:00,252.8901
2018/6/14 10:00,251.8225
2018/6/14 11:00,252.108
2018/6/14 12:00,251.82
2018/6/14 13:00,251.98
2018/6/14 14:00,251.62
2018/6/14 15:00,251.98
2018/6/14 16:00,251.99
2018/6/14 17:00,252.08
2018/6/14 18:00,251.9
2018/6/14 19:00,252.06
2018/6/14 20:00,251.99
2018/6/15 4:00,250.47
2018/6/15 5:00,250.47
2018/6/15 6:00,249.95
2018/6/15 7:00,250.5
2018/6/15 8:00,249.69
2018/6/15 9:00,250.24
2018/6/15 10:00,249.45
2018/6/15 11:00,249.4171
2018/6/15 12:00,249.513
2018/6/15 13:00,249.39
2018/6/15 14:00,250.93
2018/6/15 15:00,250.79
2018/6/15 16:00,250.63
2018/6/15 17:00,250.6
2018/6/15 18:00,250.74
2018/6/15 19:00,250.5
2018/6/15 20:00,250.74
2018/6/18 4:00,249.51
2018/6/18 5:00,249.36
2018/6/18 6:00,248.99
2018/6/18 7:00,248.74
2018/6/18 8:00,248.9
2018/6/18 9:00,248.62
2018/6/18 10:00,248.93
2018/6/18 11:00,249.05
2018/6/18 12:00,249.3
2018/6/18 13:00,249.38
2018/6/18 14:00,249.34
2018/6/18 15:00,249.72
2018/6/18 16:00,249.69
2018/6/18 17:00,249.86
2018/6/18 18:00,249.78
2018/6/18 19:00,248.5
2018/6/18 20:00,249.73
2018/6/19 4:00,246
2018/6/19 5:00,246.31
2018/6/19 6:00,246.62
2018/6/19 7:00,246.82
2018/6/19 8:00,246.54
2018/6/19 9:00,246.21
2018/6/19 10:00,246.34
2018/6/19 11:00,246.955
2018/6/19 12:00,246.45
2018/6/19 13:00,246.68
2018/6/19 14:00,247.1
2018/6/19 15:00,246.87
2018/6/19 16:00,246.99
2018/6/19 17:00,246.82
2018/6/19 18:00,246.88
2018/6/19 19:00,247.22
2018/6/19 20:00,246.88
2018/6/20 4:00,247.98
2018/6/20 5:00,248.16
2018/6/20 6:00,248.24
2018/6/20 7:00,247.93
2018/6/20 8:00,248.13
2018/6/20 9:00,247.39
2018/6/20 10:00,246.52
2018/6/20 11:00,246.5402
2018/6/20 12:00,246.92
2018/6/20 13:00,246.99
2018/6/20 14:00,246.47
2018/6/20 15:00,246.48
2018/6/20 16:00,246.53
2018/6/20 17:00,246.48
2018/6/20 18:00,246.58
2018/6/20 19:00,246.82
2018/6/20 20:00,246.46
2018/6/21 4:00,246.5
2018/6/21 5:00,245.6
2018/6/21 6:00,245.84
2018/6/21 7:00,245.9
2018/6/21 8:00,245.75
2018/6/21 9:00,245.31
2018/6/21 10:00,244.89
2018/6/21 11:00,245.1
2018/6/21 12:00,244.49
2018/6/21 13:00,245.11
2018/6/21 14:00,244.67
2018/6/21 15:00,244.5
2018/6/21 16:00,244.5
2018/6/21 17:00,244.45
2018/6/21 18:00,244.58
2018/6/21 19:00,244.66
2018/6/21 20:00,244.5
2018/6/22 4:00,245.8
2018/6/22 5:00,245.59
2018/6/22 6:00,245.72
2018/6/22 7:00,245.71
2018/6/22 8:00,245.79
2018/6/22 9:00,246.18
2018/6/22 10:00,245.89
2018/6/22 11:00,246.1252
2018/6/22 12:00,246.1513
2018/6/22 13:00,246.39
2018/6/22 14:00,246.34
2018/6/22 15:00,245.68
2018/6/22 16:00,245.72
2018/6/22 17:00,245.56
2018/6/22 18:00,245.5
2018/6/22 19:00,245.69
2018/6/22 20:00,245.69
2018/6/25 4:00,244.23
2018/6/25 5:00,244.27
2018/6/25 6:00,243.92
2018/6/25 7:00,244.19
2018/6/25 8:00,244.23
2018/6/25 9:00,242.94
2018/6/25 10:00,242.87
2018/6/25 11:00,242.06
2018/6/25 12:00,242.2035
2018/6/25 13:00,242.42
2018/6/25 14:00,241.16
2018/6/25 15:00,242.43
2018/6/25 16:00,242.75
2018/6/25 17:00,242.42
2018/6/25 18:00,242.76
2018/6/25 19:00,242.5
2018/6/25 20:00,242.31
2018/6/26 4:00,242.9
2018/6/26 5:00,242.7
2018/6/26 6:00,242.18
2018/6/26 7:00,242.29
2018/6/26 8:00,242.71
2018/6/26 9:00,242.78
2018/6/26 10:00,242.71
2018/6/26 11:00,242.96
2018/6/26 12:00,243.18
2018/6/26 13:00,243.463
2018/6/26 14:00,243.35
2018/6/26 15:00,242.67
2018/6/26 16:00,242.69
2018/6/26 17:00,242.72
2018/6/26 18:00,242.75
2018/6/26 19:00,242.88
2018/6/26 20:00,242.67
2018/6/27 4:00,240.83
2018/6/27 5:00,241.5
2018/6/27 6:00,241.82
2018/6/27 7:00,242.91
2018/6/27 8:00,243.07
2018/6/27 9:00,244.23
2018/6/27 10:00,245.13
2018/6/27 11:00,244.24
2018/6/27 12:00,243.338
2018/6/27 13:00,242.48
2018/6/27 14:00,241.63
2018/6/27 15:00,241.07
2018/6/27 16:00,241.26
2018/6/27 17:00,241.2
2018/6/27 18:00,241.48
2018/6/27 19:00,241.56
2018/6/27 20:00,241.12
2018/6/28 4:00,241.83
2018/6/28 5:00,241.3
2018/6/28 6:00,241.89
2018/6/28 7:00,241.35
2018/6/28 8:00,239.97
2018/6/28 9:00,240.41
2018/6/28 10:00,241.31
2018/6/28 11:00,241.46
2018/6/28 12:00,241.4
2018/6/28 13:00,241.865
2018/6/28 14:00,242.59
2018/6/28 15:00,242.05
2018/6/28 16:00,242.36
2018/6/28 17:00,242.7
2018/6/28 18:00,242.33
2018/6/28 19:00,242.65
2018/6/28 20:00,242.08
2018/6/29 4:00,243.88
2018/6/29 5:00,243.72
2018/6/29 6:00,243.38
2018/6/29 7:00,243.34
2018/6/29 8:00,243.15
2018/6/29 9:00,244.22
2018/6/29 10:00,244.6801
2018/6/29 11:00,244.2291
2018/6/29 12:00,244.26
2018/6/29 13:00,244.46
2018/6/29 14:00,244.226
2018/6/29 15:00,242.6
2018/6/29 16:00,242.75
2018/6/29 17:00,242.75
2018/6/29 18:00,242.73
2018/6/29 19:00,242.63
2018/6/29 20:00,242.73
2018/7/2 4:00,241.3
2018/7/2 5:00,241.42
2018/7/2 6:00,241.42
2018/7/2 7:00,241.35
2018/7/2 8:00,241.01
2018/7/2 9:00,241.2
2018/7/2 10:00,241.79
2018/7/2 11:00,241.3945
2018/7/2 12:00,241.44
2018/7/2 13:00,241.8279
2018/7/2 14:00,241.87
2018/7/2 15:00,242.89
2018/7/2 16:00,243.04
2018/7/2 17:00,242.85
2018/7/2 18:00,242.85
2018/7/2 19:00,242.98
2018/7/2 20:00,242.73
2018/7/3 4:00,243.63
2018/7/3 5:00,243.92
2018/7/3 6:00,244
2018/7/3 7:00,244.16
2018/7/3 8:00,244.25
2018/7/3 9:00,243.75
2018/7/3 10:00,243.27
2018/7/3 11:00,243.15
2018/7/3 12:00,241.84
2018/7/3 13:00,241.8
2018/7/3 14:00,241.66
2018/7/3 15:00,241.485
2018/7/3 16:00,241.55
2018/7/5 4:00,242.54
2018/7/5 5:00,243.19
2018/7/5 6:00,243.14
2018/7/5 7:00,243.66
2018/7/5 8:00,243.32
2018/7/5 9:00,242.76
2018/7/5 10:00,241.84
2018/7/5 11:00,243.0583
2018/7/5 12:00,243.4
2018/7/5 13:00,243.2
2018/7/5 14:00,243.07
2018/7/5 15:00,243.54
2018/7/5 16:00,243.54
2018/7/5 17:00,243.26
2018/7/5 18:00,243.1
2018/7/5 19:00,242.92
2018/7/5 20:00,243.55
2018/7/6 5:00,242.84
2018/7/6 6:00,242.72
2018/7/6 7:00,242.57
2018/7/6 8:00,243.26
2018/7/6 9:00,243.61
2018/7/6 10:00,243.97
2018/7/6 11:00,244.76
2018/7/6 12:00,244.81
2018/7/6 13:00,245.01
2018/7/6 14:00,244.8353
2018/7/6 15:00,244.57
2018/7/6 16:00,244.6
2018/7/6 17:00,244.55
2018/7/6 18:00,244.6
2018/7/6 19:00,244.74
2018/7/6 20:00,244.6
2018/7/9 4:00,245.89
2018/7/9 5:00,245.62
2018/7/9 7:00,245.7
2018/7/9 8:00,245.68
2018/7/9 9:00,246.48
2018/7/9 10:00,247.14
2018/7/9 11:00,247.39
2018/7/9 12:00,247.59
2018/7/9 13:00,247.66
2018/7/9 14:00,247.92
2018/7/9 15:00,247.83
2018/7/9 16:00,247.97
2018/7/9 17:00,248.02
2018/7/9 18:00,248.26
2018/7/9 19:00,248.34
2018/7/9 20:00,247.84
2018/7/10 4:00,248.16
2018/7/10 5:00,248.5
2018/7/10 6:00,248.38
2018/7/10 7:00,248.41
2018/7/10 8:00,248.52
2018/7/10 9:00,249.01
2018/7/10 10:00,249.35
2018/7/10 11:00,249.38
2018/7/10 12:00,249.06
2018/7/10 13:00,248.89
2018/7/10 14:00,249.15
2018/7/10 15:00,249.2
2018/7/10 16:00,248.15
2018/7/10 17:00,247.7
2018/7/10 18:00,247.2
2018/7/10 19:00,247.1
2018/7/10 20:00,249.23
2018/7/11 4:00,247.12
2018/7/11 5:00,247.12
2018/7/11 6:00,247.25
2018/7/11 7:00,247.33
2018/7/11 8:00,247.09
2018/7/11 9:00,247.61
2018/7/11 10:00,247.9
2018/7/11 11:00,247.21
2018/7/11 12:00,247.22
2018/7/11 13:00,247.08
2018/7/11 14:00,247.32
2018/7/11 15:00,247.1
2018/7/11 16:00,247.08
2018/7/11 17:00,247.25
2018/7/11 18:00,247
2018/7/11 19:00,247.34
2018/7/11 20:00,247.08
2018/7/12 4:00,248.06
2018/7/12 5:00,248.52
2018/7/12 6:00,248.95
2018/7/12 7:00,249.03
2018/7/12 8:00,249.14
2018/7/12 9:00,248.65
2018/7/12 10:00,248.58
2018/7/12 11:00,249.2
2018/7/12 12:00,249.2981
2018/7/12 13:00,248.99
2018/7/12 14:00,249
2018/7/12 15:00,249.28
2018/7/12 16:00,249.19
2018/7/12 17:00,249.1
2018/7/12 18:00,249.2
2018/7/12 19:00,249.56
2018/7/12 20:00,249.3
2018/7/13 4:00,249.45
2018/7/13 5:00,248.88
2018/7/13 6:00,249.31
2018/7/13 7:00,249.49
2018/7/13 8:00,249.14
2018/7/13 9:00,249.02
2018/7/13 10:00,250.015
2018/7/13 11:00,250.08
2018/7/13 12:00,250.43
2018/7/13 13:00,250.29
2018/7/13 14:00,250.2
2018/7/13 15:00,250.2
2018/7/13 16:00,250.31
2018/7/13 17:00,250.49
2018/7/13 18:00,250.2
2018/7/13 19:00,250.47
2018/7/13 20:00,250.2
2018/7/16 4:00,250.95
2018/7/16 5:00,250.68
2018/7/16 7:00,250.35
2018/7/16 8:00,250.33
2018/7/16 9:00,250.35
2018/7/16 10:00,249.87
2018/7/16 11:00,250.279
2018/7/16 12:00,250.44
2018/7/16 13:00,250.37
2018/7/16 14:00,250.1694
2018/7/16 15:00,250.66
2018/7/16 16:00,250.65
2018/7/16 17:00,250.55
2018/7/16 18:00,250.67
2018/7/16 19:00,250.66
2018/7/16 20:00,250.67
2018/7/17 4:00,250.68
2018/7/17 5:00,250.66
2018/7/17 6:00,250.35
2018/7/17 7:00,250.2
2018/7/17 8:00,250.47
2018/7/17 9:00,250.15
2018/7/17 10:00,250.81
2018/7/17 11:00,250.97
2018/7/17 12:00,251.28
2018/7/17 13:00,251.32
2018/7/17 14:00,251.04
2018/7/17 15:00,251.25
2018/7/17 16:00,251.38
2018/7/17 17:00,251.33
2018/7/17 18:00,251.51
2018/7/17 19:00,251.54
2018/7/17 20:00,251.28
2018/7/18 4:00,251.3
2018/7/18 7:00,251.33
2018/7/18 8:00,251.32
2018/7/18 9:00,251.4544
2018/7/18 10:00,251.57
2018/7/18 11:00,252.019
2018/7/18 12:00,251.99
2018/7/18 13:00,251.86
2018/7/18 14:00,251.9747
2018/7/18 15:00,252.03
2018/7/18 16:00,251.79
2018/7/18 17:00,251.85
2018/7/18 18:00,252.02
2018/7/18 19:00,252.06
2018/7/18 20:00,252.03
2018/7/19 4:00,251.73
2018/7/19 5:00,251.52
2018/7/19 6:00,251.27
2018/7/19 7:00,251.11
2018/7/19 8:00,251.06
2018/7/19 9:00,250.75
2018/7/19 10:00,251.12
2018/7/19 11:00,251.45
2018/7/19 12:00,251.06
2018/7/19 13:00,251.1948
2018/7/19 14:00,251.065
2018/7/19 15:00,250.81
2018/7/19 16:00,250.79
2018/7/19 18:00,250.9
2018/7/19 19:00,250.8
2018/7/19 20:00,250.79
2018/7/20 4:00,250.19
2018/7/20 5:00,250.34
2018/7/20 6:00,249.52
2018/7/20 7:00,249.8
2018/7/20 8:00,249.27
2018/7/20 9:00,250.41
2018/7/20 10:00,250.6005
2018/7/20 11:00,250.77
2018/7/20 12:00,250.71
2018/7/20 13:00,250.63
2018/7/20 14:00,250.5212
2018/7/20 15:00,250.39
2018/7/20 16:00,250.44
2018/7/20 17:00,250.3
2018/7/20 18:00,250.44
2018/7/20 19:00,250.25
2018/7/20 20:00,250.44
2018/7/23 4:00,250.01
2018/7/23 6:00,250.02
2018/7/23 7:00,250.16
2018/7/23 8:00,250.2101
2018/7/23 9:00,250.23
2018/7/23 10:00,249.95
2018/7/23 11:00,250.28
2018/7/23 12:00,250.52
2018/7/23 13:00,250.375
2018/7/23 14:00,250.371
2018/7/23 15:00,250.25
2018/7/23 16:00,250.2233
2018/7/23 17:00,250.26
2018/7/23 18:00,250.26
2018/7/23 19:00,250.81
2018/7/23 20:00,250.26
2018/7/24 4:00,250.78
2018/7/24 5:00,251.36
2018/7/24 6:00,251.06
2018/7/24 7:00,251.4
2018/7/24 8:00,251.53
2018/7/24 9:00,251.5821
2018/7/24 10:00,252.4401
2018/7/24 11:00,252.365
2018/7/24 12:00,252.295
2018/7/24 13:00,251.88
2018/7/24 14:00,251.7823
2018/7/24 15:00,252.2
2018/7/24 16:00,251.95
2018/7/24 17:00,252.12
2018/7/24 18:00,252.21
2018/7/24 19:00,252.18
2018/7/24 20:00,252.21
2018/7/25 5:00,252.1
2018/7/25 6:00,252.28
2018/7/25 7:00,251.29
2018/7/25 8:00,251.45
2018/7/25 9:00,251.67
2018/7/25 10:00,251.401
2018/7/25 11:00,251.85
2018/7/25 12:00,251.848
2018/7/25 13:00,251.99
2018/7/25 14:00,252.32
2018/7/25 15:00,253.96
2018/7/25 16:00,254.45
2018/7/25 17:00,253.25
2018/7/25 18:00,254.14
2018/7/25 19:00,254.12
2018/7/25 20:00,254.02
2018/7/26 4:00,254.3
2018/7/26 5:00,254.3
2018/7/26 6:00,254.18
2018/7/26 7:00,254.3
2018/7/26 8:00,254.56
2018/7/26 9:00,255.49
2018/7/26 10:00,255.435
2018/7/26 11:00,255.44
2018/7/26 12:00,254.95
2018/7/26 13:00,255.195
2018/7/26 14:00,255.2714
2018/7/26 15:00,255.1
2018/7/26 16:00,255.09
2018/7/26 17:00,255
2018/7/26 18:00,255
2018/7/26 19:00,255.2
2018/7/26 20:00,255.12
2018/7/27 4:00,255.46
2018/7/27 6:00,255.52
2018/7/27 7:00,255.5
2018/7/27 8:00,255.33
2018/7/27 9:00,255.12
2018/7/27 10:00,255.2
2018/7/27 11:00,255.1325
2018/7/27 12:00,253.84
2018/7/27 13:00,254.3248
2018/7/27 14:00,253.92
2018/7/27 15:00,254.34
2018/7/27 16:00,254.33
2018/7/27 17:00,254.25
2018/7/27 18:00,254.37
2018/7/27 19:00,254.31
2018/7/27 20:00,254.26
2018/7/30 4:00,254
2018/7/30 6:00,254.32
2018/7/30 7:00,254.51
2018/7/30 8:00,254.5
2018/7/30 9:00,254.46
2018/7/30 10:00,254.01
2018/7/30 11:00,253.7
2018/7/30 12:00,253.16
2018/7/30 13:00,253.6801
2018/7/30 14:00,253.325
2018/7/30 15:00,252.88
2018/7/30 16:00,252.87
2018/7/30 17:00,252.87
2018/7/30 18:00,253.12
2018/7/30 19:00,253.19
2018/7/30 20:00,252.87
2018/7/31 6:00,253.34
2018/7/31 7:00,253.26
2018/7/31 8:00,252.99
2018/7/31 9:00,253.74
2018/7/31 10:00,253.89
2018/7/31 11:00,254.36
2018/7/31 12:00,254.56
2018/7/31 13:00,254.5319
2018/7/31 14:00,254.27
2018/7/31 15:00,253.97
2018/7/31 16:00,254.77
2018/7/31 17:00,254.7
2018/7/31 18:00,253.65
2018/7/31 19:00,254.04
2018/7/31 20:00,254.17
2018/8/1 4:00,253.92
2018/8/1 6:00,253.53
2018/8/1 7:00,253.72
2018/8/1 8:00,253.92
2018/8/1 9:00,254.1607
2018/8/1 10:00,254.39
2018/8/1 11:00,253.57
2018/8/1 12:00,253.278
2018/8/1 13:00,253
2018/8/1 14:00,253.45
2018/8/1 15:00,253.11
2018/8/1 16:00,253.23
2018/8/1 17:00,253.38
2018/8/1 18:00,253.11
2018/8/1 19:00,253.3
2018/8/1 20:00,253.11
2018/8/2 4:00,252.05
2018/8/2 5:00,251.28
2018/8/2 6:00,251.18
2018/8/2 7:00,251.46
2018/8/2 8:00,251.52
2018/8/2 9:00,251.8699
2018/8/2 10:00,251.5138
2018/8/2 11:00,252.25
2018/8/2 12:00,252.759
2018/8/2 13:00,253.29
2018/8/2 14:00,253.04
2018/8/2 15:00,253.1
2018/8/2 16:00,253.39
2018/8/2 17:00,253.33
2018/8/2 18:00,253.27
2018/8/2 19:00,253.3
2018/8/2 20:00,253.1
2018/8/3 4:00,252.87
2018/8/3 7:00,253.7
2018/8/3 8:00,253
2018/8/3 9:00,253.45
2018/8/3 10:00,253.59
2018/8/3 11:00,253.55
2018/8/3 12:00,254
2018/8/3 13:00,254.09
2018/8/3 14:00,254.04
2018/8/3 15:00,254.39
2018/8/3 16:00,254.43
2018/8/3 17:00,254.35
2018/8/3 18:00,254.39
2018/8/3 20:00,254.39
2018/8/6 4:00,254.12
2018/8/6 5:00,254.18
2018/8/6 7:00,254.45
2018/8/6 8:00,254.13
2018/8/6 9:00,253.85
2018/8/6 10:00,254.23
2018/8/6 11:00,254.67
2018/8/6 12:00,255.0576
2018/8/6 13:00,254.52
2018/8/6 14:00,254.88
2018/8/6 15:00,254.85
2018/8/6 16:00,254.7901
2018/8/6 17:00,254.85
2018/8/6 18:00,254.75
2018/8/6 19:00,254.82
2018/8/6 20:00,254.85
2018/8/7 4:00,255.34
2018/8/7 6:00,255.69
2018/8/7 7:00,255.7
2018/8/7 8:00,255.73
2018/8/7 9:00,256.31
2018/8/7 10:00,256.4733
2018/8/7 11:00,256.48
2018/8/7 12:00,256.53
2018/8/7 13:00,256.44
2018/8/7 14:00,256.44
2018/8/7 15:00,256.13
2018/8/7 16:00,256.28
2018/8/7 17:00,256
2018/8/7 18:00,256.12
2018/8/7 19:00,256.24
2018/8/7 20:00,256.12
2018/8/8 7:00,256.37
2018/8/8 8:00,255.91
2018/8/8 9:00,255.7
2018/8/8 10:00,255.8292
2018/8/8 11:00,255.6467
2018/8/8 12:00,255.604
2018/8/8 13:00,255.84
2018/8/8 14:00,255.82
2018/8/8 15:00,255.64
2018/8/8 16:00,255.23
2018/8/8 17:00,255
2018/8/8 18:00,255.62
2018/8/8 19:00,255.48
2018/8/8 20:00,255.62
2018/8/9 5:00,255.61
2018/8/9 8:00,255.84
2018/8/9 9:00,255.9293
2018/8/9 10:00,255.83
2018/8/9 11:00,255.4298
2018/8/9 12:00,255.79
2018/8/9 13:00,255.86
2018/8/9 14:00,255.75
2018/8/9 15:00,255.17
2018/8/9 16:00,254.9
2018/8/9 17:00,255
2018/8/9 18:00,254.89
2018/8/9 19:00,255.14
2018/8/9 20:00,255.16
2018/8/10 4:00,254.1
2018/8/10 7:00,254.1
2018/8/10 8:00,253.82
2018/8/10 9:00,253.07
2018/8/10 10:00,253.38
2018/8/10 11:00,253.53
2018/8/10 12:00,253.441
2018/8/10 13:00,252.69
2018/8/10 14:00,252.73
2018/8/10 15:00,253.31
2018/8/10 16:00,253.71
2018/8/10 17:00,253.6
2018/8/10 18:00,253.3
2018/8/10 19:00,253.6
2018/8/10 20:00,253.3
2018/8/13 4:00,252.8
2018/8/13 5:00,252.79
2018/8/13 6:00,252.56
2018/8/13 7:00,252.96
2018/8/13 8:00,253.38
2018/8/13 9:00,253.82
2018/8/13 10:00,253.38
2018/8/13 11:00,252.25
2018/8/13 12:00,252.06
2018/8/13 13:00,252.42
2018/8/13 14:00,252.48
2018/8/13 15:00,252.06
2018/8/13 16:00,252.49
2018/8/13 17:00,252.49
2018/8/13 18:00,252.58
2018/8/13 19:00,252.5
2018/8/13 20:00,252.04
2018/8/14 4:00,253.07
2018/8/14 5:00,253.18
2018/8/14 6:00,253.33
2018/8/14 7:00,253.25
2018/8/14 8:00,253.15
2018/8/14 9:00,252.67
2018/8/14 10:00,253.2
2018/8/14 11:00,252.9
2018/8/14 12:00,253.04
2018/8/14 13:00,253.45
2018/8/14 14:00,253.44
2018/8/14 15:00,253.18
2018/8/14 16:00,253.33
2018/8/14 17:00,253.25
2018/8/14 18:00,253.21
2018/8/14 20:00,253.21
2018/8/15 5:00,252.5
2018/8/15 6:00,251.73
2018/8/15 7:00,251.7
2018/8/15 8:00,251.6
2018/8/15 9:00,250.83
2018/8/15 10:00,250.0152
2018/8/15 11:00,250.45
2018/8/15 12:00,251.18
2018/8/15 13:00,250.7799
2018/8/15 14:00,251.07
2018/8/15 15:00,251.86
2018/8/15 16:00,252.25
2018/8/15 17:00,252.23
2018/8/15 18:00,252.08
2018/8/15 19:00,252
2018/8/15 20:00,251.76
2018/8/16 4:00,253.08
2018/8/16 5:00,253.09
2018/8/16 6:00,253.82
2018/8/16 7:00,254.2
2018/8/16 8:00,254.15
2018/8/16 9:00,255.12
2018/8/16 10:00,255.26
2018/8/16 11:00,255.75
2018/8/16 12:00,255.91
2018/8/16 13:00,256.141
2018/8/16 14:00,256.2075
2018/8/16 15:00,255.93
2018/8/16 16:00,256.25
2018/8/16 17:00,256.2
2018/8/16 18:00,256.22
2018/8/16 19:00,256.22
2018/8/16 20:00,255.94
2018/8/17 5:00,255.5
2018/8/17 7:00,255.25
2018/8/17 8:00,255.26
2018/8/17 9:00,255.49
2018/8/17 10:00,255.611
2018/8/17 11:00,256.4699
2018/8/17 12:00,255.92
2018/8/17 13:00,256.04
2018/8/17 14:00,256.99
2018/8/17 15:00,256.54
2018/8/17 16:00,256.51
2018/8/17 17:00,256.64
2018/8/17 18:00,256.65
2018/8/17 19:00,256.5
2018/8/17 20:00,256.51
2018/8/20 4:00,257.39
2018/8/20 5:00,257.28
2018/8/20 6:00,257.13
2018/8/20 7:00,256.97
2018/8/20 8:00,256.9501
2018/8/20 9:00,257.365
2018/8/20 10:00,257.13
2018/8/20 11:00,257.47
2018/8/20 12:00,257.5551
2018/8/20 13:00,257.53
2018/8/20 14:00,257.48
2018/8/20 15:00,257.43
2018/8/20 16:00,257.35
2018/8/20 17:00,257.28
2018/8/20 18:00,257.36
2018/8/20 19:00,257.22
2018/8/20 20:00,257.43
2018/8/21 4:00,257.75
2018/8/21 5:00,258
2018/8/21 6:00,258
2018/8/21 7:00,258
2018/8/21 8:00,257.85
2018/8/21 9:00,258.28
2018/8/21 10:00,258.14
2018/8/21 11:00,258.43
2018/8/21 12:00,258.62
2018/8/21 13:00,258.55
2018/8/21 14:00,258.38
2018/8/21 15:00,258.03
2018/8/21 16:00,257.2
2018/8/21 17:00,257.01
2018/8/21 18:00,257
2018/8/21 19:00,256.7
2018/8/21 20:00,258.07
2018/8/22 4:00,257.4
2018/8/22 5:00,257.32
2018/8/22 6:00,257.78
2018/8/22 7:00,257.7
2018/8/22 8:00,257.45
2018/8/22 9:00,257.76
2018/8/22 10:00,257.85
2018/8/22 11:00,257.97
2018/8/22 12:00,257.72
2018/8/22 13:00,257.5
2018/8/22 14:00,257.33
2018/8/22 15:00,257.16
2018/8/22 16:00,257.17
2018/8/22 17:00,257.07
2018/8/22 18:00,257.35
2018/8/22 19:00,257.27
2018/8/22 20:00,257.18
2018/8/23 7:00,257.2
2018/8/23 8:00,257.09
2018/8/23 9:00,257.11
2018/8/23 10:00,257.08
2018/8/23 11:00,256.19
2018/8/23 12:00,256.5299
2018/8/23 13:00,256.37
2018/8/23 14:00,256.63
2018/8/23 15:00,256.49
2018/8/23 16:00,256.66
2018/8/23 17:00,256.5
2018/8/23 18:00,256.6
2018/8/23 19:00,256.62
2018/8/23 20:00,256.49
2018/8/24 4:00,257.1
2018/8/24 5:00,257
2018/8/24 6:00,257.08
2018/8/24 7:00,257.26
2018/8/24 8:00,257.1
2018/8/24 9:00,257.12
2018/8/24 10:00,257.8
2018/8/24 11:00,258.12
2018/8/24 12:00,258.039
2018/8/24 13:00,257.83
2018/8/24 14:00,257.81
2018/8/24 15:00,257.81
2018/8/24 16:00,257.93
2018/8/24 17:00,257.81
2018/8/24 18:00,257.85
2018/8/24 19:00,257.75
2018/8/24 20:00,257.85
2018/8/27 4:00,258.6
2018/8/27 5:00,258.54
2018/8/27 6:00,258.6
2018/8/27 7:00,258.84
2018/8/27 8:00,259.26
2018/8/27 9:00,259.94
2018/8/27 10:00,260.05
2018/8/27 11:00,260.53
2018/8/27 12:00,260.52
2018/8/27 13:00,260.51
2018/8/27 14:00,260.51
2018/8/27 15:00,260.48
2018/8/27 16:00,260.71
2018/8/27 17:00,260.62
2018/8/27 18:00,260.84
2018/8/27 19:00,260.95
2018/8/27 20:00,260.58
2018/8/28 5:00,260.96
2018/8/28 6:00,260.98
2018/8/28 7:00,261.03
2018/8/28 8:00,261.13
2018/8/28 9:00,261
2018/8/28 10:00,261.08
2018/8/28 11:00,260.48
2018/8/28 12:00,260.7
2018/8/28 13:00,260.85
2018/8/28 14:00,260.86
2018/8/28 15:00,260.65
2018/8/28 16:00,260.77
2018/8/28 17:00,260.91
2018/8/28 18:00,260.64
2018/8/28 19:00,260.98
2018/8/28 20:00,260.64
2018/8/29 4:00,261.06
2018/8/29 5:00,260.85
2018/8/29 6:00,260.64
2018/8/29 7:00,260.81
2018/8/29 8:00,260.6201
2018/8/29 9:00,260.64
2018/8/29 10:00,260.98
2018/8/29 11:00,261.62
2018/8/29 12:00,261.58
2018/8/29 13:00,261.2625
2018/8/29 14:00,261.255
2018/8/29 15:00,261.35
2018/8/29 16:00,261.46
2018/8/29 17:00,261.08
2018/8/29 18:00,261.54
2018/8/29 19:00,261.36
2018/8/29 20:00,261.33
2018/8/30 4:00,260.81
2018/8/30 6:00,260.7
2018/8/30 7:00,260.74
2018/8/30 8:00,260.79
2018/8/30 9:00,260.75
2018/8/30 10:00,260.63
2018/8/30 11:00,260.21
2018/8/30 12:00,260.65
2018/8/30 13:00,260.84
2018/8/30 14:00,259.84
2018/8/30 15:00,260
2018/8/30 16:00,259.92
2018/8/30 17:00,259.94
2018/8/30 18:00,260.01
2018/8/30 19:00,259.75
2018/8/30 20:00,260.01
2018/8/31 4:00,259.75
2018/8/31 6:00,259.55
2018/8/31 7:00,259.48
2018/8/31 8:00,259.43
2018/8/31 9:00,259.9
2018/8/31 10:00,260.15
2018/8/31 11:00,259.32
2018/8/31 12:00,259.3156
2018/8/31 13:00,259.39
2018/8/31 14:00,259.26
2018/8/31 15:00,259.78
2018/8/31 16:00,260.37
2018/8/31 17:00,260.24
2018/8/31 18:00,260.27
2018/8/31 19:00,260.2
2018/8/31 20:00,259.85
2018/9/4 4:00,260.2
2018/9/4 6:00,259.56
2018/9/4 7:00,259.03
2018/9/4 8:00,259.15
2018/9/4 9:00,258.46
2018/9/4 10:00,259.421
2018/9/4 11:00,258.9
2018/9/4 12:00,258.97
2018/9/4 13:00,259.52
2018/9/4 14:00,259.8199
2018/9/4 15:00,259.74
2018/9/4 16:00,259.9
2018/9/4 17:00,259.9
2018/9/4 18:00,259.8
2018/9/4 19:00,259.72
2018/9/4 20:00,259.73
2018/9/5 4:00,258.79
2018/9/5 5:00,258.65
2018/9/5 6:00,259.01
2018/9/5 7:00,259.02
2018/9/5 8:00,258.9
2018/9/5 9:00,259.64
2018/9/5 10:00,259.6869
2018/9/5 11:00,259.7
2018/9/5 12:00,259.69
2018/9/5 13:00,259.93
2018/9/5 14:00,259.69
2018/9/5 15:00,259.95
2018/9/5 16:00,259.92
2018/9/5 17:00,259.86
2018/9/5 18:00,259.92
2018/9/5 19:00,259.66
2018/9/5 20:00,259.92
2018/9/6 5:00,260.43
2018/9/6 6:00,259.88
2018/9/6 7:00,260.1
2018/9/6 8:00,260.11
2018/9/6 9:00,260.9601
2018/9/6 10:00,259.7
2018/9/6 11:00,259.94
2018/9/6 12:00,259.6
2018/9/6 13:00,260
2018/9/6 14:00,260.28
2018/9/6 15:00,260.3
2018/9/6 16:00,260.13
2018/9/6 17:00,260.26
2018/9/6 18:00,260.29
2018/9/6 19:00,260.1
2018/9/6 20:00,260.29
2018/9/7 4:00,260.06
2018/9/7 5:00,259.81
2018/9/7 7:00,259.85
2018/9/7 8:00,259.36
2018/9/7 9:00,259.57
2018/9/7 10:00,260.0731
2018/9/7 11:00,259.95
2018/9/7 12:00,259.02
2018/9/7 13:00,258.88
2018/9/7 14:00,259.86
2018/9/7 15:00,259.55
2018/9/7 16:00,259.54
2018/9/7 17:00,259.45
2018/9/7 18:00,259.39
2018/9/7 20:00,259.54
2018/9/10 4:00,260.3
2018/9/10 5:00,260.63
2018/9/10 6:00,260.5
2018/9/10 7:00,260.55
2018/9/10 8:00,260.6
2018/9/10 9:00,260.24
2018/9/10 10:00,259.67
2018/9/10 11:00,259.56
2018/9/10 12:00,259.0201
2018/9/10 13:00,259.28
2018/9/10 14:00,259.345
2018/9/10 15:00,258.94
2018/9/10 16:00,259.03
2018/9/10 17:00,259
2018/9/10 18:00,259.16
2018/9/10 19:00,259.16
2018/9/10 20:00,258.94
2018/9/11 4:00,258.5
2018/9/11 5:00,258.09
2018/9/11 6:00,258.28
2018/9/11 7:00,258
2018/9/11 8:00,257.92
2018/9/11 9:00,258.64
2018/9/11 10:00,259.045
2018/9/11 11:00,260.3
2018/9/11 12:00,260.45
2018/9/11 13:00,260.24
2018/9/11 14:00,260.19
2018/9/11 15:00,260.03
2018/9/11 16:00,260.03
2018/9/11 17:00,260.05
2018/9/11 18:00,260.03
2018/9/11 19:00,260.26
2018/9/11 20:00,260.03
2018/9/12 4:00,260.7
2018/9/12 6:00,260.48
2018/9/12 7:00,259.96
2018/9/12 8:00,260.09
2018/9/12 9:00,260.3398
2018/9/12 10:00,260.0933
2018/9/12 11:00,260.41
2018/9/12 12:00,260.905
2018/9/12 13:00,259.96
2018/9/12 14:00,259.94
2018/9/12 15:00,260.255
2018/9/12 16:00,260.2
2018/9/12 17:00,260.17
2018/9/12 18:00,260.15
2018/9/12 19:00,260.25
2018/9/12 20:00,260.25
2018/9/13 4:00,260.66
2018/9/13 5:00,260.76
2018/9/13 6:00,260.86
2018/9/13 7:00,261.15
2018/9/13 8:00,261.43
2018/9/13 9:00,261.93
2018/9/13 10:00,261.19
2018/9/13 11:00,261.75
2018/9/13 12:00,261.5669
2018/9/13 13:00,261.5399
2018/9/13 14:00,261.67
2018/9/13 15:00,261.78
2018/9/13 16:00,261.77
2018/9/13 17:00,261.85
2018/9/13 18:00,261.8
2018/9/13 19:00,261.87
2018/9/13 20:00,261.78
2018/9/14 4:00,262.29
2018/9/14 5:00,262.18
2018/9/14 7:00,262.27
2018/9/14 8:00,261.981
2018/9/14 9:00,262.06
2018/9/14 10:00,262.08
2018/9/14 11:00,262.31
2018/9/14 12:00,261.34
2018/9/14 13:00,261.48
2018/9/14 14:00,261.6
2018/9/14 15:00,261.88
2018/9/14 16:00,261.73
2018/9/14 17:00,261.67
2018/9/14 18:00,261.89
2018/9/14 19:00,261.73
2018/9/14 20:00,261.89
2018/9/17 6:00,261.49
2018/9/17 7:00,261.69
2018/9/17 8:00,261.69
2018/9/17 9:00,261.57
2018/9/17 10:00,261.5309
2018/9/17 11:00,261.68
2018/9/17 12:00,261.69
2018/9/17 13:00,261.47
2018/9/17 14:00,261.22
2018/9/17 15:00,260.99
2018/9/17 16:00,261.11
2018/9/17 17:00,261.1
2018/9/17 18:00,259.97
2018/9/17 19:00,260.01
2018/9/17 20:00,260.98
2018/9/18 4:00,261.43
2018/9/18 5:00,261.64
2018/9/18 6:00,261.64
2018/9/18 7:00,261.72
2018/9/18 8:00,261.79
2018/9/18 9:00,261.66
2018/9/18 10:00,261.88
2018/9/18 11:00,262.4
2018/9/18 12:00,262.46
2018/9/18 13:00,262.92
2018/9/18 14:00,263.2101
2018/9/18 15:00,262.87
2018/9/18 16:00,263.1
2018/9/18 17:00,263.04
2018/9/18 18:00,263.37
2018/9/18 19:00,263.28
2018/9/18 20:00,262.91
2018/9/19 6:00,263.08
2018/9/19 7:00,262.93
2018/9/19 8:00,262.87
2018/9/19 9:00,264.1
2018/9/19 10:00,264.52
2018/9/19 11:00,264.76
2018/9/19 12:00,264.92
2018/9/19 13:00,264.8
2018/9/19 14:00,264.49
2018/9/19 15:00,264.43
2018/9/19 16:00,264.69
2018/9/19 17:00,264.55
2018/9/19 18:00,264.72
2018/9/19 19:00,264.8
2018/9/19 20:00,264.42
2018/9/20 4:00,264.7
2018/9/20 5:00,264.85
2018/9/20 6:00,265.12
2018/9/20 7:00,265.34
2018/9/20 8:00,265.9
2018/9/20 9:00,266.4
2018/9/20 10:00,266.6009
2018/9/20 11:00,266.97
2018/9/20 12:00,266.9931
2018/9/20 13:00,266.86
2018/9/20 14:00,267.11
2018/9/20 15:00,266.98
2018/9/20 16:00,267.38
2018/9/20 17:00,267.5
2018/9/20 18:00,267.34
2018/9/20 19:00,267.36
2018/9/20 20:00,267.04
2018/9/21 4:00,267.42
2018/9/21 5:00,267.27
2018/9/21 7:00,266.99
2018/9/21 8:00,267.24
2018/9/21 9:00,266.93
2018/9/21 10:00,266.92
2018/9/21 11:00,267.398
2018/9/21 12:00,267.1391
2018/9/21 13:00,267.2
2018/9/21 14:00,266.96
2018/9/21 15:00,267.05
2018/9/21 16:00,266.91
2018/9/21 17:00,266.58
2018/9/21 18:00,266.7
2018/9/21 19:00,266.64
2018/9/21 20:00,267.12
2018/9/24 4:00,266.57
2018/9/24 5:00,266.62
2018/9/24 7:00,266.73
2018/9/24 8:00,266.6699
2018/9/24 9:00,266.2886
2018/9/24 10:00,265.89
2018/9/24 11:00,265.4201
2018/9/24 12:00,265.38
2018/9/24 13:00,265.46
2018/9/24 14:00,265.5435
2018/9/24 15:00,265.42
2018/9/24 16:00,265.72
2018/9/24 17:00,265.47
2018/9/24 18:00,265.56
2018/9/24 19:00,265.54
2018/9/24 20:00,265.42
2018/9/25 6:00,266.32
2018/9/25 7:00,266.28
2018/9/25 8:00,266.08
2018/9/25 9:00,265.75
2018/9/25 10:00,265.27
2018/9/25 11:00,265.665
2018/9/25 12:00,265.55
2018/9/25 13:00,264.93
2018/9/25 14:00,264.8097
2018/9/25 15:00,264.73
2018/9/25 16:00,264.78
2018/9/25 17:00,264.85
2018/9/25 18:00,264.94
2018/9/25 19:00,264.92
2018/9/25 20:00,264.73
2018/9/26 6:00,265.26
2018/9/26 7:00,265.03
2018/9/26 8:00,264.92
2018/9/26 9:00,265.17
2018/9/26 10:00,265.27
2018/9/26 11:00,265.21
2018/9/26 12:00,265.5
2018/9/26 13:00,265.18
2018/9/26 14:00,265.07
2018/9/26 15:00,263.74
2018/9/26 16:00,263.78
2018/9/26 17:00,263.6
2018/9/26 18:00,263.78
2018/9/26 19:00,263.94
2018/9/26 20:00,263.78
2018/9/27 6:00,264.02
2018/9/27 7:00,263.82
2018/9/27 8:00,264.18
2018/9/27 9:00,263.98
2018/9/27 10:00,264.66
2018/9/27 11:00,265.16
2018/9/27 12:00,265.24
2018/9/27 13:00,264.913
2018/9/27 14:00,264.45
2018/9/27 15:00,264.22
2018/9/27 16:00,264.63
2018/9/27 17:00,264.58
2018/9/27 18:00,264.25
2018/9/27 19:00,264.58
2018/9/27 20:00,264.25
2018/9/28 4:00,263.98
2018/9/28 6:00,263.8
2018/9/28 7:00,263.25
2018/9/28 8:00,263.53
2018/9/28 9:00,264.09
2018/9/28 10:00,264.58
2018/9/28 11:00,264.6399
2018/9/28 12:00,264.44
2018/9/28 13:00,264.73
2018/9/28 14:00,264.21
2018/9/28 15:00,264.38
2018/9/28 16:00,264.65
2018/9/28 17:00,264.4
2018/9/28 18:00,264.4
2018/9/28 19:00,264.5
2018/9/28 20:00,264.4
2018/10/1 4:00,266.01
2018/10/1 6:00,266.37
2018/10/1 7:00,266.21
2018/10/1 8:00,266.02
2018/10/1 9:00,266.57
2018/10/1 10:00,267.04
2018/10/1 11:00,266.97
2018/10/1 12:00,266.33
2018/10/1 13:00,266.419
2018/10/1 14:00,266.5
2018/10/1 15:00,266.46
2018/10/1 16:00,266.46
2018/10/1 17:00,266.6
2018/10/1 18:00,266.46
2018/10/1 19:00,266.48
2018/10/1 20:00,266.73
2018/10/2 4:00,265.4
2018/10/2 5:00,265.42
2018/10/2 6:00,265.62
2018/10/2 7:00,265.83
2018/10/2 8:00,265.96
2018/10/2 9:00,266.54
2018/10/2 10:00,267.08
2018/10/2 11:00,267.57
2018/10/2 12:00,267.3982
2018/10/2 13:00,267.89
2018/10/2 14:00,267.66
2018/10/2 15:00,267.57
2018/10/2 16:00,267.76
2018/10/2 17:00,267.83
2018/10/2 18:00,267.57
2018/10/2 19:00,267.54
2018/10/2 20:00,267.57
2018/10/3 4:00,268.26
2018/10/3 5:00,268.11
2018/10/3 7:00,268.41
2018/10/3 8:00,268.8
2018/10/3 9:00,268.64
2018/10/3 10:00,269.06
2018/10/3 11:00,269.04
2018/10/3 12:00,269.06
2018/10/3 13:00,269.01
2018/10/3 14:00,268.26
2018/10/3 15:00,268.09
2018/10/3 16:00,267.75
2018/10/3 17:00,267.99
2018/10/3 18:00,267.82
2018/10/3 19:00,267.72
2018/10/3 20:00,267.95
2018/10/4 4:00,267.07
2018/10/4 6:00,267.51
2018/10/4 7:00,267.48
2018/10/4 8:00,267.51
2018/10/4 9:00,267.04
2018/10/4 10:00,265.81
2018/10/4 11:00,265.69
2018/10/4 12:00,265.4735
2018/10/4 13:00,264.86
2018/10/4 14:00,265.7929
2018/10/4 15:00,266.15
2018/10/4 16:00,266.2181
2018/10/4 17:00,266.31
2018/10/4 18:00,266.3
2018/10/4 19:00,266.42
2018/10/4 20:00,266.25
2018/10/5 4:00,265.79
2018/10/5 5:00,266.14
2018/10/5 6:00,266.2
2018/10/5 7:00,266.48
2018/10/5 8:00,266.26
2018/10/5 9:00,265.92
2018/10/5 10:00,265.17
2018/10/5 11:00,263.455
2018/10/5 12:00,263.5
2018/10/5 13:00,263.75
2018/10/5 14:00,264.26
2018/10/5 15:00,264.34
2018/10/5 16:00,264.68
2018/10/5 17:00,264.68
2018/10/5 18:00,264.4
2018/10/5 19:00,264.32
2018/10/5 20:00,264.32
2018/10/8 4:00,263.55
2018/10/8 5:00,263.9
2018/10/8 6:00,263.75
2018/10/8 7:00,263.9
2018/10/8 8:00,263.57
2018/10/8 9:00,264.1
2018/10/8 10:00,264
2018/10/8 11:00,262.66
2018/10/8 12:00,262.64
2018/10/8 13:00,263.37
2018/10/8 14:00,264.42
2018/10/8 15:00,264.83
2018/10/8 16:00,265.09
2018/10/8 17:00,265.1
2018/10/8 18:00,264.83
2018/10/8 19:00,264.9
2018/10/8 20:00,264.83
2018/10/9 6:00,263.78
2018/10/9 7:00,263.6
2018/10/9 8:00,264.54
2018/10/9 9:00,264.29
2018/10/9 10:00,264.24
2018/10/9 11:00,265.0496
2018/10/9 12:00,264.18
2018/10/9 13:00,264.56
2018/10/9 14:00,264.88
2018/10/9 15:00,264.23
2018/10/9 16:00,264.23
2018/10/9 17:00,264.42
2018/10/9 18:00,264.72
2018/10/9 19:00,264.78
2018/10/9 20:00,264.23
2018/10/10 6:00,264.56
2018/10/10 8:00,263.83
2018/10/10 9:00,262.26
2018/10/10 10:00,261.13
2018/10/10 11:00,260.38
2018/10/10 12:00,260.41
2018/10/10 13:00,260.1
2018/10/10 14:00,259.1599
2018/10/10 15:00,256.12
2018/10/10 16:00,254.28
2018/10/10 17:00,254.5
2018/10/10 18:00,254.72
2018/10/10 19:00,254.56
2018/10/10 20:00,256.06
2018/10/11 4:00,252.33
2018/10/11 5:00,252.8
2018/10/11 6:00,252.9
2018/10/11 7:00,253.7
2018/10/11 8:00,254.4
2018/10/11 9:00,256.5899
2018/10/11 10:00,254.09
2018/10/11 11:00,254.53
2018/10/11 12:00,254.6671
2018/10/11 13:00,254.35
2018/10/11 14:00,250.9924
2018/10/11 15:00,250.41
2018/10/11 16:00,252.3299
2018/10/11 17:00,252.1
2018/10/11 18:00,252.86
2018/10/11 19:00,252.84
2018/10/11 20:00,250.27
2018/10/12 4:00,253.81
2018/10/12 5:00,253.58
2018/10/12 6:00,254.2
2018/10/12 7:00,254.04
2018/10/12 8:00,254.12
2018/10/12 9:00,253.96
2018/10/12 10:00,253.25
2018/10/12 11:00,252.085
2018/10/12 12:00,251.14
2018/10/12 13:00,251.54
2018/10/12 14:00,251.78
2018/10/12 15:00,253.24
2018/10/12 16:00,253.5
2018/10/12 17:00,253.5
2018/10/12 18:00,253.5
2018/10/12 19:00,253.75
2018/10/12 20:00,253.3
2018/10/15 5:00,252
2018/10/15 6:00,252.37
2018/10/15 7:00,253.07
2018/10/15 8:00,253.07
2018/10/15 9:00,253.12
2018/10/15 10:00,253.42
2018/10/15 11:00,253.09
2018/10/15 12:00,253.43
2018/10/15 13:00,254.15
2018/10/15 14:00,254.48
2018/10/15 15:00,252.34
2018/10/15 16:00,251.87
2018/10/15 17:00,251.75
2018/10/15 18:00,252.17
2018/10/15 19:00,252.48
2018/10/15 20:00,252.34
2018/10/16 4:00,253.04
2018/10/16 5:00,252.9
2018/10/16 6:00,253.5
2018/10/16 7:00,253.7
2018/10/16 8:00,254.22
2018/10/16 9:00,254.71
2018/10/16 10:00,255.7001
2018/10/16 11:00,256.09
2018/10/16 12:00,256.515
2018/10/16 13:00,256.81
2018/10/16 14:00,256.91
2018/10/16 15:00,257.83
2018/10/16 16:00,257.7
2018/10/16 17:00,257.93
2018/10/16 18:00,257.43
2018/10/16 19:00,257.74
2018/10/16 20:00,257.92
2018/10/17 5:00,256.99
2018/10/17 6:00,257.28
2018/10/17 7:00,256.76
2018/10/17 8:00,256.82
2018/10/17 9:00,255.85
2018/10/17 10:00,255.32
2018/10/17 11:00,257.35
2018/10/17 12:00,257.57
2018/10/17 13:00,257.73
2018/10/17 14:00,257.44
2018/10/17 15:00,256.98
2018/10/17 16:00,257.47
2018/10/17 17:00,257.33
2018/10/17 18:00,256.9
2018/10/17 19:00,256.81
2018/10/17 20:00,256.97
2018/10/18 5:00,256.68
2018/10/18 7:00,256.44
2018/10/18 8:00,256.54
2018/10/18 9:00,255.39
2018/10/18 10:00,256.64
2018/10/18 11:00,253.67
2018/10/18 12:00,254.1
2018/10/18 13:00,252.64
2018/10/18 14:00,253.6247
2018/10/18 15:00,253.78
2018/10/18 16:00,254
2018/10/18 17:00,254.01
2018/10/18 18:00,253.85
2018/10/18 19:00,254.06
2018/10/18 20:00,253.68
2018/10/19 4:00,253.98
2018/10/19 5:00,254.16
2018/10/19 6:00,254.42
2018/10/19 7:00,254.8
2018/10/19 8:00,254.7701
2018/10/19 9:00,255.33
2018/10/19 10:00,255.52
2018/10/19 11:00,255.17
2018/10/19 12:00,254.49
2018/10/19 13:00,254.61
2018/10/19 14:00,254.33
2018/10/19 15:00,254.27
2018/10/19 16:00,254.31
2018/10/19 17:00,254.1
2018/10/19 18:00,254.39
2018/10/19 19:00,254.39
2018/10/19 20:00,254.32
2018/10/22 4:00,254.5
2018/10/22 5:00,254.75
2018/10/22 6:00,254.97
2018/10/22 7:00,255.43
2018/10/22 8:00,255.08
2018/10/22 9:00,253.5415
2018/10/22 10:00,254.18
2018/10/22 11:00,252.7236
2018/10/22 12:00,252.91
2018/10/22 13:00,252.98
2018/10/22 14:00,253.66
2018/10/22 15:00,253.02
2018/10/22 16:00,252.98
2018/10/22 17:00,253.1
2018/10/22 18:00,253.04
2018/10/22 19:00,252.74
2018/10/22 20:00,253.04
2018/10/23 4:00,250.42
2018/10/23 5:00,249.95
2018/10/23 6:00,250.51
2018/10/23 7:00,249.3
2018/10/23 8:00,249
2018/10/23 9:00,249.22
2018/10/23 10:00,248.81
2018/10/23 11:00,248.048
2018/10/23 12:00,249.65
2018/10/23 13:00,250.18
2018/10/23 14:00,252.4
2018/10/23 15:00,251.78
2018/10/23 16:00,252.45
2018/10/23 17:00,251.8
2018/10/23 18:00,252.06
2018/10/23 19:00,252.5
2018/10/23 20:00,251.67
2018/10/24 4:00,250.72
2018/10/24 5:00,251.06
2018/10/24 6:00,251.41
2018/10/24 7:00,253
2018/10/24 8:00,252.81
2018/10/24 9:00,251.81
2018/10/24 10:00,250.37
2018/10/24 11:00,251.21
2018/10/24 12:00,250.65
2018/10/24 13:00,249.5666
2018/10/24 14:00,249.4351
2018/10/24 15:00,245.71
2018/10/24 16:00,247.28
2018/10/24 17:00,247.48
2018/10/24 18:00,247
2018/10/24 19:00,246.14
2018/10/24 20:00,245.64
2018/10/25 4:00,247.82
2018/10/25 5:00,248.61
2018/10/25 6:00,247.84
2018/10/25 7:00,247.72
2018/10/25 8:00,247.44
2018/10/25 9:00,247.77
2018/10/25 10:00,248.31
2018/10/25 11:00,249.14
2018/10/25 12:00,249.2013
2018/10/25 13:00,249.4106
2018/10/25 14:00,250.3008
2018/10/25 15:00,249.77
2018/10/25 16:00,248.6
2018/10/25 17:00,247.75
2018/10/25 18:00,248.16
2018/10/25 19:00,247.92
2018/10/25 20:00,249.77
2018/10/26 4:00,246.76
2018/10/26 5:00,246.16
2018/10/26 6:00,246.66
2018/10/26 7:00,246.55
2018/10/26 8:00,247.47
2018/10/26 9:00,247.07
2018/10/26 10:00,244.429
2018/10/26 11:00,246.15
2018/10/26 12:00,248.0614
2018/10/26 13:00,248.3
2018/10/26 14:00,246.072
2018/10/26 15:00,246.66
2018/10/26 16:00,246.53
2018/10/26 17:00,247.44
2018/10/26 18:00,247.44
2018/10/26 19:00,247.44
2018/10/26 20:00,246.53
2018/10/29 4:00,247.15
2018/10/29 5:00,248
2018/10/29 6:00,248.53
2018/10/29 7:00,248.89
2018/10/29 8:00,249.1901
2018/10/29 9:00,249.14
2018/10/29 10:00,249.54
2018/10/29 11:00,247.9
2018/10/29 12:00,247.14
2018/10/29 13:00,247.66
2018/10/29 14:00,245.2252
2018/10/29 15:00,244.39
2018/10/29 16:00,244.1
2018/10/29 17:00,244.5
2018/10/29 18:00,244.18
2018/10/29 19:00,244.36
2018/10/29 20:00,244.47
2018/10/30 4:00,245.26
2018/10/30 5:00,245.26
2018/10/30 6:00,245.44
2018/10/30 7:00,245.1
2018/10/30 8:00,244.78
2018/10/30 9:00,246.4901
2018/10/30 10:00,245.67
2018/10/30 11:00,246.06
2018/10/30 12:00,245.3501
2018/10/30 13:00,246.4539
2018/10/30 14:00,247.1742
2018/10/30 15:00,248.62
2018/10/30 16:00,249
2018/10/30 17:00,249
2018/10/30 18:00,248.78
2018/10/30 19:00,248.82
2018/10/30 20:00,248.7
2018/10/31 4:00,250.18
2018/10/31 5:00,249.86
2018/10/31 6:00,250.18
2018/10/31 7:00,250.61
2018/10/31 8:00,251.11
2018/10/31 9:00,251.56
2018/10/31 10:00,251.54
2018/10/31 11:00,251.57
2018/10/31 12:00,251.84
2018/10/31 13:00,252.3699
2018/10/31 14:00,252.85
2018/10/31 15:00,251.06
2018/10/31 16:00,250.65
2018/10/31 17:00,250.9
2018/10/31 18:00,251
2018/10/31 19:00,251.33
2018/10/31 20:00,251.19
2018/11/1 4:00,251.38
2018/11/1 5:00,251.94
2018/11/1 6:00,252.48
2018/11/1 7:00,252.29
2018/11/1 8:00,251.65
2018/11/1 9:00,251.5901
2018/11/1 10:00,252.85
2018/11/1 11:00,253.08
2018/11/1 12:00,253.31
2018/11/1 13:00,252.97
2018/11/1 14:00,253.16
2018/11/1 15:00,253.66
2018/11/1 16:00,253.03
2018/11/1 17:00,252.25
2018/11/1 18:00,252.62
2018/11/1 19:00,253.14
2018/11/1 20:00,253.73
2018/11/2 4:00,255.72
2018/11/2 5:00,255.5
2018/11/2 6:00,256
2018/11/2 7:00,256.75
2018/11/2 8:00,255.7301
2018/11/2 9:00,254.95
2018/11/2 10:00,253.3
2018/11/2 11:00,252.69
2018/11/2 12:00,251.18
2018/11/2 13:00,251.48
2018/11/2 14:00,252.17
2018/11/2 15:00,252.47
2018/11/2 16:00,252.58
2018/11/2 17:00,252.46
2018/11/2 18:00,252.48
2018/11/2 20:00,252.46
2018/11/5 4:00,251.8
2018/11/5 5:00,252.45
2018/11/5 6:00,252.8
2018/11/5 7:00,252.69
2018/11/5 8:00,252.6
2018/11/5 9:00,253.3948
2018/11/5 10:00,254.13
2018/11/5 11:00,254.1868
2018/11/5 12:00,253.4574
2018/11/5 13:00,254.1
2018/11/5 14:00,254.68
2018/11/5 15:00,254.48
2018/11/5 16:00,254.7
2018/11/5 17:00,254.75
2018/11/5 18:00,254.48
2018/11/5 19:00,255.24
2018/11/5 20:00,254.48
2018/11/6 4:00,254.22
2018/11/6 5:00,254.44
2018/11/6 6:00,254.28
2018/11/6 7:00,254.31
2018/11/6 8:00,254.16
2018/11/6 9:00,255.2
2018/11/6 10:00,255.43
2018/11/6 11:00,255.6119
2018/11/6 12:00,255.82
2018/11/6 13:00,255.7
2018/11/6 14:00,255.245
2018/11/6 15:00,256.24
2018/11/6 16:00,256.66
2018/11/6 17:00,256.55
2018/11/6 18:00,256.25
2018/11/6 19:00,256.35
2018/11/6 20:00,256.23
2018/11/7 4:00,258.64
2018/11/7 5:00,258.64
2018/11/7 6:00,258.42
2018/11/7 7:00,258.04
2018/11/7 8:00,257.98
2018/11/7 9:00,257.76
2018/11/7 10:00,258.8
2018/11/7 11:00,259.56
2018/11/7 12:00,259.9459
2018/11/7 13:00,259.77
2018/11/7 14:00,260.8042
2018/11/7 15:00,261.65
2018/11/7 16:00,262
2018/11/7 17:00,261.95
2018/11/7 18:00,261.95
2018/11/7 19:00,261.91
2018/11/7 20:00,261.78
2018/11/8 5:00,261.5
2018/11/8 6:00,261.2
2018/11/8 7:00,261.52
2018/11/8 8:00,261.55
2018/11/8 9:00,262.08
2018/11/8 10:00,262.21
2018/11/8 11:00,262.64
2018/11/8 12:00,262.35
2018/11/8 13:00,262.25
2018/11/8 14:00,261.48
2018/11/8 15:00,262.11
2018/11/8 16:00,262.19
2018/11/8 17:00,261.806
2018/11/8 18:00,262.1
2018/11/8 19:00,262.3
2018/11/8 20:00,262.1
2018/11/9 4:00,261.5
2018/11/9 5:00,260.9
2018/11/9 6:00,260.7
2018/11/9 7:00,261.05
2018/11/9 8:00,261.1499
2018/11/9 9:00,260.71
2018/11/9 10:00,260.3558
2018/11/9 11:00,259.6749
2018/11/9 12:00,259.82
2018/11/9 13:00,259.49
2018/11/9 14:00,259.91
2018/11/9 15:00,260.09
2018/11/9 16:00,260
2018/11/9 17:00,260.1
2018/11/9 18:00,260
2018/11/9 19:00,259.72
2018/11/9 20:00,260.09
2018/11/12 4:00,259.74
2018/11/12 6:00,259.51
2018/11/12 7:00,259.5
2018/11/12 8:00,259.55
2018/11/12 9:00,258.19
2018/11/12 10:00,256.9324
2018/11/12 11:00,256.1409
2018/11/12 12:00,255.4999
2018/11/12 13:00,255.84
2018/11/12 14:00,260.175
2018/11/12 15:00,254.23
2018/11/12 16:00,254.31
2018/11/12 17:00,254.5
2018/11/12 18:00,254.22
2018/11/12 19:00,253.48
2018/11/12 20:00,254.22
2018/11/13 4:00,255.3
2018/11/13 5:00,255.18
2018/11/13 6:00,255.5
2018/11/13 7:00,255.47
2018/11/13 8:00,254.51
2018/11/13 9:00,253.98
2018/11/13 10:00,253.57
2018/11/13 11:00,254.81
2018/11/13 12:00,253.9
2018/11/13 13:00,253.9
2018/11/13 14:00,253.03
2018/11/13 15:00,253.16
2018/11/13 16:00,253.85
2018/11/13 17:00,253.52
2018/11/13 18:00,254.48
2018/11/13 19:00,254.56
2018/11/13 20:00,253.06
2018/11/14 4:00,252.84
2018/11/14 5:00,253.82
2018/11/14 7:00,253.8
2018/11/14 8:00,254.82
2018/11/14 9:00,254.83
2018/11/14 10:00,253.13
2018/11/14 11:00,252.36
2018/11/14 12:00,251.38
2018/11/14 13:00,250.6173
2018/11/14 14:00,252.28
2018/11/14 15:00,251.15
2018/11/14 16:00,251.35
2018/11/14 17:00,251.39
2018/11/14 18:00,250.72
2018/11/14 19:00,251.46
2018/11/14 20:00,250.91
2018/11/15 4:00,250.78
2018/11/15 5:00,251.55
2018/11/15 6:00,251.7
2018/11/15 7:00,251.3
2018/11/15 8:00,251.09
2018/11/15 9:00,250
2018/11/15 10:00,249.3016
2018/11/15 11:00,250.71
2018/11/15 12:00,250.39
2018/11/15 13:00,252.87
2018/11/15 14:00,253.26
2018/11/15 15:00,253.38
2018/11/15 16:00,253.8
2018/11/15 17:00,253.69
2018/11/15 18:00,253.1
2018/11/15 19:00,253.18
2018/11/15 20:00,253.22
2018/11/16 4:00,252.13
2018/11/16 5:00,252.09
2018/11/16 6:00,252.06
2018/11/16 7:00,251.75
2018/11/16 8:00,251.79
2018/11/16 9:00,252.77
2018/11/16 10:00,253.4341
2018/11/16 11:00,252.77
2018/11/16 12:00,254.44
2018/11/16 13:00,253.3915
2018/11/16 14:00,254.07
2018/11/16 15:00,254.06
2018/11/16 16:00,254.4
2018/11/16 17:00,254.2
2018/11/16 18:00,254.2
2018/11/16 19:00,254.4
2018/11/16 20:00,254.05
2018/11/19 4:00,254.2
2018/11/19 5:00,253.94
2018/11/19 6:00,253.54
2018/11/19 7:00,253.56
2018/11/19 8:00,253.61
2018/11/19 9:00,252.9884
2018/11/19 10:00,252.0443
2018/11/19 11:00,250.15
2018/11/19 12:00,250.04
2018/11/19 13:00,249.34
2018/11/19 14:00,250.028
2018/11/19 15:00,250
2018/11/19 16:00,249.86
2018/11/19 17:00,250.26
2018/11/19 18:00,249.96
2018/11/19 19:00,249.69
2018/11/19 20:00,249.86
2018/11/20 4:00,248.56
2018/11/20 5:00,248.7
2018/11/20 6:00,249
2018/11/20 7:00,247.27
2018/11/20 8:00,246.5299
2018/11/20 9:00,245.28
2018/11/20 10:00,246.74
2018/11/20 11:00,246.27
2018/11/20 12:00,245.55
2018/11/20 13:00,244.82
2018/11/20 14:00,244.55
2018/11/20 15:00,244.5
2018/11/20 16:00,244.24
2018/11/20 17:00,244.02
2018/11/20 18:00,244.06
2018/11/20 19:00,244.64
2018/11/20 20:00,244.5
2018/11/21 4:00,245.52
2018/11/21 5:00,245.1
2018/11/21 6:00,245.7
2018/11/21 7:00,246.24
2018/11/21 8:00,245.79
2018/11/21 9:00,245.86
2018/11/21 10:00,245.78
2018/11/21 11:00,246.13
2018/11/21 12:00,246.38
2018/11/21 13:00,246.4299
2018/11/21 14:00,246.03
2018/11/21 15:00,244.65
2018/11/21 16:00,244.75
2018/11/21 17:00,244.79
2018/11/21 18:00,244.98
2018/11/21 19:00,245.21
2018/11/21 20:00,244.65
2018/11/23 4:00,244
2018/11/23 5:00,243.5
2018/11/23 6:00,243.5
2018/11/23 7:00,244.02
2018/11/23 8:00,243.02
2018/11/23 9:00,243.64
2018/11/23 10:00,243.4111
2018/11/23 11:00,243.27
2018/11/23 12:00,242.81
2018/11/23 13:00,242.6566
2018/11/23 14:00,242.85
2018/11/23 15:00,242.62
2018/11/23 16:00,242.5
2018/11/23 17:00,242.81
2018/11/26 4:00,246.43
2018/11/26 5:00,245.5
2018/11/26 6:00,244.51
2018/11/26 7:00,245.3
2018/11/26 8:00,245.18
2018/11/26 9:00,246.61
2018/11/26 10:00,246.6
2018/11/26 11:00,245.73
2018/11/26 12:00,244.9561
2018/11/26 13:00,245.63
2018/11/26 14:00,246.29
2018/11/26 15:00,246.38
2018/11/26 16:00,245.12
2018/11/26 17:00,245.5
2018/11/26 18:00,245.42
2018/11/26 19:00,245.04
2018/11/26 20:00,246.39
2018/11/27 4:00,246.16
2018/11/27 6:00,245.5
2018/11/27 7:00,245.13
2018/11/27 8:00,245.16
2018/11/27 9:00,244.72
2018/11/27 10:00,245.96
2018/11/27 11:00,246.1201
2018/11/27 12:00,245.5201
2018/11/27 13:00,246.53
2018/11/27 14:00,246.8169
2018/11/27 15:00,247.48
2018/11/27 16:00,247.82
2018/11/27 17:00,247.92
2018/11/27 18:00,247.68
2018/11/27 19:00,247.82
2018/11/27 20:00,247.5
2018/11/28 4:00,248.05
2018/11/28 5:00,248.4
2018/11/28 6:00,248.4
2018/11/28 7:00,249.07
2018/11/28 8:00,249.07
2018/11/28 9:00,249.16
2018/11/28 10:00,249.13
2018/11/28 11:00,249.715
2018/11/28 12:00,252.2329
2018/11/28 13:00,252.9645
2018/11/28 14:00,252.4346
2018/11/28 15:00,253.75
2018/11/28 16:00,253.44
2018/11/28 17:00,253.58
2018/11/28 18:00,253.4
2018/11/28 19:00,253.54
2018/11/28 20:00,253.84
2018/11/29 4:00,252.98
2018/11/29 5:00,252.74
2018/11/29 6:00,252.62
2018/11/29 7:00,252.98
2018/11/29 8:00,253.49
2018/11/29 9:00,253.24
2018/11/29 10:00,252.583
2018/11/29 11:00,253.2399
2018/11/29 12:00,253.42
2018/11/29 13:00,253.38
2018/11/29 14:00,254.86
2018/11/29 15:00,253.59
2018/11/29 16:00,253.93
2018/11/29 17:00,253.8
2018/11/29 18:00,253.61
2018/11/29 19:00,253.76
2018/11/29 20:00,253.59
2018/11/30 4:00,253.47
2018/11/30 5:00,253.22
2018/11/30 6:00,252.64
2018/11/30 7:00,252.75
2018/11/30 8:00,253.37
2018/11/30 9:00,253.48
2018/11/30 10:00,253.62
2018/11/30 11:00,253.49
2018/11/30 12:00,253.236
2018/11/30 13:00,254.34
2018/11/30 14:00,254.66
2018/11/30 15:00,255.44
2018/11/30 16:00,255.94
2018/11/30 17:00,255.98
2018/11/30 18:00,255.72
2018/11/30 19:00,255.92
2018/11/30 20:00,255.51
2018/12/3 6:00,260.11
2018/12/3 7:00,260.05
2018/12/3 8:00,259.99
2018/12/3 9:00,258.85
2018/12/3 10:00,257.8
2018/12/3 11:00,257.31
2018/12/3 12:00,258.05
2018/12/3 13:00,257.7419
2018/12/3 14:00,258.192
2018/12/3 15:00,258.61
2018/12/3 16:00,258.59
2018/12/3 17:00,258.28
2018/12/3 18:00,258.12
2018/12/3 19:00,257.78
2018/12/3 20:00,258.73
2018/12/4 4:00,257
2018/12/4 5:00,257.51
2018/12/4 6:00,257.36
2018/12/4 7:00,257.52
2018/12/4 8:00,257.93
2018/12/4 9:00,256.8099
2018/12/4 10:00,256.7025
2018/12/4 11:00,256.1622
2018/12/4 12:00,252.8617
2018/12/4 13:00,252
2018/12/4 14:00,252.25
2018/12/4 15:00,250.84
2018/12/4 16:00,250.58
2018/12/4 17:00,250.5999
2018/12/4 18:00,250.96
2018/12/4 19:00,251.04
2018/12/4 20:00,250.73
2018/12/6 4:00,246.4
2018/12/6 5:00,246.3
2018/12/6 6:00,246.3
2018/12/6 7:00,246.79
2018/12/6 8:00,246.51
2018/12/6 9:00,245.78
2018/12/6 10:00,244.6448
2018/12/6 11:00,244.7532
2018/12/6 12:00,246.32
2018/12/6 13:00,247.21
2018/12/6 14:00,247.055
2018/12/6 15:00,249.81
2018/12/6 16:00,249.72
2018/12/6 17:00,249.6
2018/12/6 18:00,249.38
2018/12/6 19:00,249.2
2018/12/6 20:00,249.72
2018/12/7 4:00,248.51
2018/12/7 6:00,248.22
2018/12/7 7:00,248.1
2018/12/7 8:00,249.4
2018/12/7 9:00,250.56
2018/12/7 10:00,247.92
2018/12/7 11:00,245.5443
2018/12/7 12:00,246.72
2018/12/7 13:00,244.8581
2018/12/7 14:00,243.77
2018/12/7 15:00,244.33
2018/12/7 16:00,244.48
2018/12/7 17:00,244.71
2018/12/7 18:00,244.44
2018/12/7 19:00,244.09
2018/12/7 20:00,244.31
2018/12/10 4:00,243.68
2018/12/10 5:00,244.06
2018/12/10 6:00,244.26
2018/12/10 7:00,244.67
2018/12/10 8:00,244.55
2018/12/10 9:00,242.2104
2018/12/10 10:00,240.906
2018/12/10 11:00,240.46
2018/12/10 12:00,242.5
2018/12/10 13:00,243.49
2018/12/10 14:00,243.88
2018/12/10 15:00,244.67
2018/12/10 16:00,244.98
2018/12/10 17:00,245
2018/12/10 18:00,244.56
2018/12/10 19:00,244.18
2018/12/10 20:00,244.71
2018/12/11 4:00,244.9
2018/12/11 6:00,247.13
2018/12/11 7:00,247.55
2018/12/11 8:00,248.28
2018/12/11 9:00,247.159
2018/12/11 10:00,246.2
2018/12/11 11:00,245.51
2018/12/11 12:00,243.9661
2018/12/11 13:00,242.8512
2018/12/11 14:00,245.12
2018/12/11 15:00,244.23
2018/12/11 16:00,243.61
2018/12/11 17:00,243.33
2018/12/11 18:00,244.32
2018/12/11 19:00,245.28
2018/12/11 20:00,244.23
2018/12/12 4:00,246.94
2018/12/12 5:00,246.56
2018/12/12 6:00,246.38
2018/12/12 7:00,246.83
2018/12/12 8:00,247.53
2018/12/12 9:00,246.82
2018/12/12 10:00,247.715
2018/12/12 11:00,247.98
2018/12/12 12:00,248.48
2018/12/12 13:00,248.15
2018/12/12 14:00,246.96
2018/12/12 15:00,245.84
2018/12/12 16:00,245.59
2018/12/12 17:00,245.88
2018/12/12 18:00,246.5
2018/12/12 19:00,246.32
2018/12/12 20:00,245.88
2018/12/13 4:00,246.16
2018/12/13 5:00,246.2
2018/12/13 6:00,245.42
2018/12/13 7:00,245.98
2018/12/13 8:00,246.39
2018/12/13 9:00,246.14
2018/12/13 10:00,246.43
2018/12/13 11:00,246.21
2018/12/13 12:00,245.94
2018/12/13 13:00,245.87
2018/12/13 14:00,245.96
2018/12/13 15:00,246.36
2018/12/13 16:00,246.2
2018/12/13 17:00,246.05
2018/12/13 18:00,246.34
2018/12/13 19:00,245.64
2018/12/13 20:00,246.27
2018/12/14 4:00,243.4
2018/12/14 5:00,243.78
2018/12/14 6:00,244.19
2018/12/14 7:00,244.13
2018/12/14 8:00,244.38
2018/12/14 9:00,244.6
2018/12/14 10:00,243.49
2018/12/14 11:00,241.88
2018/12/14 12:00,242.35
2018/12/14 13:00,241.82
2018/12/14 14:00,241.7178
2018/12/14 15:00,241.5
2018/12/14 16:00,241.02
2018/12/14 17:00,241.5
2018/12/14 18:00,241.3
2018/12/14 19:00,240.99
2018/12/14 20:00,241.42
2018/12/17 4:00,241.49
2018/12/17 5:00,241.7
2018/12/17 6:00,241.2
2018/12/17 7:00,240.75
2018/12/17 8:00,239.96
2018/12/17 9:00,239.54
2018/12/17 10:00,240.29
2018/12/17 11:00,241.205
2018/12/17 12:00,238.82
2018/12/17 13:00,237.78
2018/12/17 14:00,237.2663
2018/12/17 15:00,236.58
2018/12/17 16:00,237.4
2018/12/17 17:00,237.5
2018/12/17 18:00,237.96
2018/12/17 19:00,237.84
2018/12/17 20:00,236.43
2018/12/18 4:00,238.01
2018/12/18 5:00,237.68
2018/12/18 6:00,237.95
2018/12/18 7:00,238.93
2018/12/18 8:00,238.45
2018/12/18 9:00,239.53
2018/12/18 10:00,238.4
2018/12/18 11:00,238.67
2018/12/18 12:00,239.498
2018/12/18 13:00,238.13
2018/12/18 14:00,236.1725
2018/12/18 15:00,237.31
2018/12/18 16:00,236.15
2018/12/18 17:00,235.97
2018/12/18 18:00,236.72
2018/12/18 19:00,237.1
2018/12/18 20:00,237.36
2018/12/19 4:00,238.08
2018/12/19 5:00,238.46
2018/12/19 6:00,238.29
2018/12/19 7:00,238.52
2018/12/19 8:00,237.89
2018/12/19 9:00,238.61
2018/12/19 10:00,239.4668
2018/12/19 11:00,239.6
2018/12/19 12:00,239.81
2018/12/19 13:00,240.9127
2018/12/19 14:00,234.79
2018/12/19 15:00,233.69
2018/12/19 16:00,233.42
2018/12/19 17:00,233.305
2018/12/19 18:00,234.16
2018/12/19 19:00,234.46
2018/12/19 20:00,233.42
2018/12/20 4:00,233.04
2018/12/20 5:00,233.45
2018/12/20 6:00,234.12
2018/12/20 7:00,234.22
2018/12/20 8:00,233.23
2018/12/20 9:00,232.46
2018/12/20 10:00,232.4
2018/12/20 11:00,230.002
2018/12/20 12:00,230.2438
2018/12/20 13:00,228.87
2018/12/20 14:00,229.7239
2018/12/20 15:00,229
2018/12/20 16:00,231
2018/12/20 17:00,230
2018/12/20 18:00,230.56
2018/12/20 19:00,230.34
2018/12/20 20:00,228.89
2018/12/21 4:00,228.9
2018/12/21 5:00,229
2018/12/21 6:00,229.24
2018/12/21 7:00,229.1
2018/12/21 8:00,229.91
2018/12/21 9:00,229.6808
2018/12/21 10:00,230.13
2018/12/21 11:00,228.4433
2018/12/21 12:00,226.99
2018/12/21 13:00,226.88
2018/12/21 14:00,226.3115
2018/12/21 15:00,224.18
2018/12/21 16:00,224.47
2018/12/21 17:00,224.4
2018/12/21 18:00,224
2018/12/21 19:00,223.9
2018/12/21 20:00,224.09
2018/12/24 4:00,224.9
2018/12/24 5:00,224.72
2018/12/24 6:00,224.67
2018/12/24 7:00,222
2018/12/24 8:00,222.7299
2018/12/24 9:00,221.12
2018/12/24 10:00,222.0021
2018/12/24 11:00,219.91
2018/12/24 12:00,217.94
2018/12/24 13:00,217.55
2018/12/24 14:00,217.6
2018/12/24 15:00,218.1
2018/12/24 16:00,217.05
2018/12/24 17:00,218.1
2018/12/26 4:00,218.59
2018/12/26 5:00,217.94
2018/12/26 6:00,218.1
2018/12/26 7:00,219.16
2018/12/26 8:00,218.47
2018/12/26 9:00,218.55
2018/12/26 10:00,217.202
2018/12/26 11:00,221.22
2018/12/26 12:00,223.2
2018/12/26 13:00,224.08
2018/12/26 14:00,224.37
2018/12/26 15:00,228.69
2018/12/26 16:00,228.76
2018/12/26 17:00,228.99
2018/12/26 18:00,228.22
2018/12/26 19:00,227.66
2018/12/26 20:00,228.71
2018/12/27 4:00,224.66
2018/12/27 5:00,225
2018/12/27 6:00,225.34
2018/12/27 7:00,225.5
2018/12/27 8:00,225.62
2018/12/27 9:00,225.11
2018/12/27 10:00,224.59
2018/12/27 11:00,225.7
2018/12/27 12:00,225.11
2018/12/27 13:00,223.46
2018/12/27 14:00,225.33
2018/12/27 15:00,231.35
2018/12/27 16:00,231.13
2018/12/27 17:00,230.75
2018/12/27 18:00,230.58
2018/12/27 19:00,230.94
2018/12/27 20:00,231.26
2018/12/28 4:00,231.71
2018/12/28 5:00,232.93
2018/12/28 6:00,232.9
2018/12/28 7:00,232.5
2018/12/28 8:00,232.95
2018/12/28 9:00,232.24
2018/12/28 10:00,230.64
2018/12/28 11:00,231.84
2018/12/28 12:00,231.1672
2018/12/28 13:00,231.43
2018/12/28 14:00,233.49
2018/12/28 15:00,230.52
2018/12/28 16:00,230.48
2018/12/28 17:00,230.48
2018/12/28 18:00,230.48
2018/12/28 19:00,230.64
2018/12/28 20:00,230.48
2018/12/31 4:00,232.56
2018/12/31 5:00,232.42
2018/12/31 6:00,232.7
2018/12/31 7:00,233.05
2018/12/31 8:00,232.35
2018/12/31 9:00,232.5485
2018/12/31 10:00,231.94
2018/12/31 11:00,232
2018/12/31 12:00,232.65
2018/12/31 13:00,232.2023
2018/12/31 14:00,232.221
2018/12/31 15:00,233.2
2018/12/31 16:00,233.26
2018/12/31 17:00,233
2018/12/31 18:00,233.15
2018/12/31 19:00,233.29
2018/12/31 20:00,233.2