DATETIME_simple,fxb_PRICE
2018-01-02 09:00:00,131.695
2018-01-02 10:00:00,131.99
2018-01-02 11:00:00,132.08
2018-01-02 12:00:00,131.991
2018-01-02 13:00:00,132.05
2018-01-02 14:00:00,132.12
2018-01-02 15:00:00,132.14
2018-01-02 16:00:00,132.14
2018-01-02 18:00:00,132.14
2018-01-02 20:00:00,132.14
2018-01-03 09:00:00,131.52
2018-01-03 10:00:00,131.33
2018-01-03 11:00:00,131.395
2018-01-03 12:00:00,131.45
2018-01-03 13:00:00,131.45
2018-01-03 14:00:00,131.3526
2018-01-03 15:00:00,131.3
2018-01-03 16:00:00,131.33
2018-01-03 18:00:00,131.33
2018-01-03 20:00:00,131.33
2018-01-04 08:00:00,131.63
2018-01-04 09:00:00,131.64
2018-01-04 10:00:00,131.71
2018-01-04 11:00:00,131.57
2018-01-04 12:00:00,131.68
2018-01-04 13:00:00,131.61
2018-01-04 14:00:00,131.76
2018-01-04 15:00:00,131.71
2018-01-04 16:00:00,131.7
2018-01-04 18:00:00,131.7
2018-01-04 20:00:00,131.7
2018-01-05 08:00:00,131.99
2018-01-05 09:00:00,131.68
2018-01-05 10:00:00,131.816
2018-01-05 11:00:00,131.81
2018-01-05 12:00:00,131.85
2018-01-05 13:00:00,131.8679
2018-01-05 14:00:00,131.85
2018-01-05 15:00:00,131.84
2018-01-05 16:00:00,131.84
2018-01-05 18:00:00,131.84
2018-01-05 20:00:00,131.84
2018-01-08 09:00:00,131.715
2018-01-08 10:00:00,131.98
2018-01-08 11:00:00,131.83
2018-01-08 12:00:00,131.76
2018-01-08 13:00:00,131.84
2018-01-08 14:00:00,131.84
2018-01-08 15:00:00,131.83
2018-01-08 16:00:00,131.83
2018-01-08 18:00:00,131.83
2018-01-08 20:00:00,131.83
2018-01-09 08:00:00,131.37
2018-01-09 09:00:00,131.25
2018-01-09 10:00:00,131.44
2018-01-09 11:00:00,131.32
2018-01-09 12:00:00,131.4578
2018-01-09 13:00:00,131.55
2018-01-09 14:00:00,131.5117
2018-01-09 15:00:00,131.57
2018-01-09 16:00:00,131.57
2018-01-09 18:00:00,131.57
2018-01-09 20:00:00,131.57
2018-01-10 05:00:00,131.38
2018-01-10 09:00:00,131.3015
2018-01-10 10:00:00,131.43
2018-01-10 11:00:00,131.283
2018-01-10 12:00:00,131.37
2018-01-10 13:00:00,131.39
2018-01-10 14:00:00,131.2831
2018-01-10 15:00:00,131.31
2018-01-10 16:00:00,131.31
2018-01-10 18:00:00,131.31
2018-01-10 20:00:00,131.31
2018-01-11 08:00:00,131.27
2018-01-11 09:00:00,131.59
2018-01-11 10:00:00,131.53
2018-01-11 11:00:00,131.6001
2018-01-11 12:00:00,131.61
2018-01-11 13:00:00,131.53
2018-01-11 14:00:00,131.56
2018-01-11 15:00:00,131.53
2018-01-11 16:00:00,131.54
2018-01-11 18:00:00,131.54
2018-01-11 20:00:00,131.54
2018-01-12 04:00:00,132.33
2018-01-12 05:00:00,132.32
2018-01-12 08:00:00,132.76
2018-01-12 09:00:00,132.86
2018-01-12 10:00:00,133.03
2018-01-12 11:00:00,133.05
2018-01-12 12:00:00,133.03
2018-01-12 13:00:00,133.32
2018-01-12 14:00:00,133.47
2018-01-12 15:00:00,133.44
2018-01-12 16:00:00,133.47
2018-01-12 18:00:00,133.47
2018-01-12 20:00:00,133.47
2018-01-16 05:00:00,133.59
2018-01-16 07:00:00,133.71
2018-01-16 08:00:00,133.76
2018-01-16 09:00:00,133.66
2018-01-16 10:00:00,133.8699
2018-01-16 11:00:00,133.85
2018-01-16 12:00:00,133.86
2018-01-16 13:00:00,134.07
2018-01-16 14:00:00,134.042
2018-01-16 15:00:00,134.05
2018-01-16 16:00:00,134.05
2018-01-16 18:00:00,134.05
2018-01-16 20:00:00,134.05
2018-01-17 08:00:00,133.96
2018-01-17 09:00:00,134.1055
2018-01-17 10:00:00,134.37
2018-01-17 11:00:00,134.36
2018-01-17 12:00:00,134.5
2018-01-17 13:00:00,135.29
2018-01-17 14:00:00,134.91
2018-01-17 15:00:00,134.63
2018-01-17 16:00:00,134.62
2018-01-17 18:00:00,134.62
2018-01-17 20:00:00,134.62
2018-01-18 09:00:00,134.9189
2018-01-18 10:00:00,135.03
2018-01-18 11:00:00,134.96
2018-01-18 12:00:00,134.95
2018-01-18 13:00:00,134.88
2018-01-18 14:00:00,135.0108
2018-01-18 15:00:00,134.97
2018-01-18 16:00:00,135.04
2018-01-18 18:00:00,134.96
2018-01-18 20:00:00,134.96
2018-01-19 09:00:00,134.87
2018-01-19 10:00:00,134.63
2018-01-19 11:00:00,134.57
2018-01-19 12:00:00,134.69
2018-01-19 13:00:00,134.7867
2018-01-19 14:00:00,134.83
2018-01-19 15:00:00,134.73
2018-01-19 16:00:00,134.72
2018-01-19 18:00:00,134.72
2018-01-19 20:00:00,134.72
2018-01-22 06:00:00,135.08
2018-01-22 09:00:00,135.31
2018-01-22 10:00:00,135.74
2018-01-22 11:00:00,135.4885
2018-01-22 12:00:00,135.641
2018-01-22 13:00:00,135.6596
2018-01-22 14:00:00,135.86
2018-01-22 15:00:00,135.91
2018-01-22 16:00:00,135.91
2018-01-22 18:00:00,135.91
2018-01-22 20:00:00,135.91
2018-01-23 07:00:00,135.25
2018-01-23 09:00:00,136.0
2018-01-23 10:00:00,136.23
2018-01-23 11:00:00,135.78
2018-01-23 12:00:00,135.85
2018-01-23 13:00:00,135.8581
2018-01-23 14:00:00,136.05
2018-01-23 15:00:00,136.02
2018-01-23 16:00:00,136.0
2018-01-23 18:00:00,136.0
2018-01-23 20:00:00,136.0
2018-01-24 08:00:00,137.75
2018-01-24 09:00:00,138.1003
2018-01-24 10:00:00,138.23
2018-01-24 11:00:00,137.91
2018-01-24 12:00:00,137.92
2018-01-24 13:00:00,138.2502
2018-01-24 14:00:00,138.14
2018-01-24 15:00:00,138.08
2018-01-24 16:00:00,138.31
2018-01-24 17:00:00,138.75
2018-01-24 18:00:00,138.09
2018-01-24 20:00:00,138.09
2018-01-25 04:00:00,138.85
2018-01-25 05:00:00,138.73
2018-01-25 06:00:00,138.57
2018-01-25 08:00:00,139.08
2018-01-25 09:00:00,138.91
2018-01-25 10:00:00,138.92
2018-01-25 11:00:00,138.62
2018-01-25 12:00:00,138.47
2018-01-25 13:00:00,138.38
2018-01-25 14:00:00,137.21
2018-01-25 15:00:00,137.4
2018-01-25 16:00:00,137.34
2018-01-25 18:00:00,137.34
2018-01-25 20:00:00,137.34
2018-01-26 04:00:00,138.61
2018-01-26 09:00:00,138.2
2018-01-26 10:00:00,137.86
2018-01-26 11:00:00,137.8
2018-01-26 12:00:00,137.91
2018-01-26 13:00:00,137.94
2018-01-26 14:00:00,137.63
2018-01-26 15:00:00,137.48
2018-01-26 16:00:00,137.8
2018-01-26 18:00:00,137.48
2018-01-26 20:00:00,137.48
2018-01-29 06:00:00,136.71
2018-01-29 08:00:00,136.73
2018-01-29 09:00:00,136.875
2018-01-29 10:00:00,136.69
2018-01-29 11:00:00,136.41
2018-01-29 12:00:00,136.701
2018-01-29 13:00:00,136.63
2018-01-29 14:00:00,136.79
2018-01-29 15:00:00,136.75
2018-01-29 16:00:00,136.75
2018-01-29 18:00:00,136.75
2018-01-29 20:00:00,136.75
2018-01-30 04:00:00,136.77
2018-01-30 08:00:00,137.4
2018-01-30 09:00:00,137.305
2018-01-30 10:00:00,137.13
2018-01-30 11:00:00,137.22
2018-01-30 12:00:00,137.4128
2018-01-30 13:00:00,137.37
2018-01-30 14:00:00,137.5
2018-01-30 15:00:00,137.42
2018-01-30 16:00:00,137.43
2018-01-30 18:00:00,137.43
2018-01-30 20:00:00,137.43
2018-01-31 04:00:00,137.49
2018-01-31 08:00:00,137.82
2018-01-31 09:00:00,137.76
2018-01-31 10:00:00,138.19
2018-01-31 11:00:00,137.85
2018-01-31 12:00:00,137.781
2018-01-31 13:00:00,137.79
2018-01-31 14:00:00,137.699
2018-01-31 15:00:00,137.98
2018-01-31 16:00:00,137.84
2018-01-31 18:00:00,137.9726
2018-01-31 20:00:00,137.9726
2018-02-01 06:00:00,138.27
2018-02-01 09:00:00,138.0
2018-02-01 10:00:00,138.4326
2018-02-01 11:00:00,138.39
2018-02-01 12:00:00,138.37
2018-02-01 13:00:00,138.48
2018-02-01 14:00:00,138.6007
2018-02-01 15:00:00,138.67
2018-02-01 16:00:00,138.61
2018-02-01 18:00:00,138.69
2018-02-01 20:00:00,138.69
2018-02-02 08:00:00,137.69
2018-02-02 09:00:00,137.37
2018-02-02 10:00:00,137.2362
2018-02-02 11:00:00,137.34
2018-02-02 12:00:00,137.5664
2018-02-02 13:00:00,137.5
2018-02-02 14:00:00,137.29
2018-02-02 15:00:00,137.23
2018-02-02 16:00:00,137.25
2018-02-02 18:00:00,137.25
2018-02-02 20:00:00,137.25
2018-02-05 04:00:00,137.42
2018-02-05 06:00:00,136.47
2018-02-05 09:00:00,135.96
2018-02-05 10:00:00,136.18
2018-02-05 11:00:00,136.2
2018-02-05 12:00:00,136.311
2018-02-05 13:00:00,136.25
2018-02-05 14:00:00,135.97
2018-02-05 15:00:00,135.71
2018-02-05 16:00:00,135.75
2018-02-05 17:00:00,135.4
2018-02-05 18:00:00,135.68
2018-02-05 20:00:00,135.68
2018-02-06 05:00:00,135.68
2018-02-06 06:00:00,135.28
2018-02-06 09:00:00,134.82
2018-02-06 10:00:00,135.07
2018-02-06 11:00:00,135.55
2018-02-06 12:00:00,135.615
2018-02-06 13:00:00,135.8
2018-02-06 14:00:00,135.65
2018-02-06 15:00:00,135.53
2018-02-06 16:00:00,135.5499
2018-02-06 18:00:00,135.5499
2018-02-06 20:00:00,135.5499
2018-02-07 06:00:00,134.84
2018-02-07 08:00:00,135.19
2018-02-07 09:00:00,135.3
2018-02-07 10:00:00,134.87
2018-02-07 11:00:00,134.86
2018-02-07 12:00:00,134.83
2018-02-07 13:00:00,134.74
2018-02-07 14:00:00,134.86
2018-02-07 15:00:00,134.88
2018-02-07 16:00:00,134.8699
2018-02-07 18:00:00,134.8699
2018-02-07 20:00:00,134.8699
2018-02-08 04:00:00,134.68
2018-02-08 06:00:00,135.02
2018-02-08 07:00:00,135.91
2018-02-08 08:00:00,136.28
2018-02-08 09:00:00,136.48
2018-02-08 10:00:00,136.06
2018-02-08 11:00:00,135.44
2018-02-08 12:00:00,135.07
2018-02-08 13:00:00,135.37
2018-02-08 14:00:00,135.27
2018-02-08 15:00:00,135.13
2018-02-08 16:00:00,135.05
2018-02-08 18:00:00,135.05
2018-02-08 20:00:00,135.05
2018-02-09 09:00:00,134.2382
2018-02-09 10:00:00,134.1592
2018-02-09 11:00:00,133.99
2018-02-09 12:00:00,134.02
2018-02-09 13:00:00,134.18
2018-02-09 14:00:00,134.18
2018-02-09 15:00:00,134.26
2018-02-09 16:00:00,134.35
2018-02-09 18:00:00,134.35
2018-02-09 20:00:00,134.35
2018-02-12 05:00:00,134.51
2018-02-12 09:00:00,134.37
2018-02-12 10:00:00,134.2
2018-02-12 11:00:00,134.26
2018-02-12 12:00:00,134.23
2018-02-12 13:00:00,134.3786
2018-02-12 14:00:00,134.3429
2018-02-12 15:00:00,134.41
2018-02-12 16:00:00,134.41
2018-02-12 18:00:00,134.41
2018-02-12 20:00:00,134.41
2018-02-13 09:00:00,135.07
2018-02-13 10:00:00,134.88
2018-02-13 11:00:00,134.9699
2018-02-13 12:00:00,134.75
2018-02-13 13:00:00,134.75
2018-02-13 14:00:00,134.83
2018-02-13 15:00:00,134.94
2018-02-13 16:00:00,134.93
2018-02-13 18:00:00,134.93
2018-02-13 20:00:00,134.93
2018-02-14 06:00:00,134.71
2018-02-14 08:00:00,134.15
2018-02-14 09:00:00,134.43
2018-02-14 10:00:00,135.6
2018-02-14 11:00:00,135.58
2018-02-14 12:00:00,135.8388
2018-02-14 13:00:00,135.8599
2018-02-14 14:00:00,135.88
2018-02-14 15:00:00,136.17
2018-02-14 16:00:00,136.04
2018-02-14 18:00:00,136.09
2018-02-14 20:00:00,136.09
2018-02-15 05:00:00,136.57
2018-02-15 07:00:00,136.55
2018-02-15 08:00:00,136.75
2018-02-15 09:00:00,136.917
2018-02-15 10:00:00,136.63
2018-02-15 11:00:00,136.63
2018-02-15 12:00:00,136.372
2018-02-15 13:00:00,136.7
2018-02-15 14:00:00,136.87
2018-02-15 15:00:00,136.98
2018-02-15 16:00:00,136.98
2018-02-15 18:00:00,136.98
2018-02-15 20:00:00,136.98
2018-02-16 05:00:00,136.98
2018-02-16 08:00:00,136.4
2018-02-16 09:00:00,136.385
2018-02-16 10:00:00,136.32
2018-02-16 11:00:00,136.5326
2018-02-16 12:00:00,136.44
2018-02-16 13:00:00,136.3
2018-02-16 14:00:00,136.25
2018-02-16 15:00:00,136.17
2018-02-16 16:00:00,136.1757
2018-02-16 18:00:00,136.1757
2018-02-16 20:00:00,136.1757
2018-02-20 04:00:00,136.13
2018-02-20 08:00:00,136.14
2018-02-20 09:00:00,135.98
2018-02-20 10:00:00,136.0799
2018-02-20 11:00:00,136.24
2018-02-20 12:00:00,136.07
2018-02-20 13:00:00,135.9
2018-02-20 14:00:00,135.9001
2018-02-20 15:00:00,135.95
2018-02-20 16:00:00,135.95
2018-02-20 18:00:00,135.95
2018-02-20 20:00:00,135.95
2018-02-21 04:00:00,135.65
2018-02-21 05:00:00,135.7
2018-02-21 06:00:00,135.32
2018-02-21 09:00:00,135.5
2018-02-21 10:00:00,135.73
2018-02-21 11:00:00,135.48
2018-02-21 12:00:00,135.69
2018-02-21 13:00:00,135.65
2018-02-21 14:00:00,135.45
2018-02-21 15:00:00,135.24
2018-02-21 16:00:00,135.24
2018-02-21 18:00:00,135.24
2018-02-21 20:00:00,135.24
2018-02-22 06:00:00,134.77
2018-02-22 07:00:00,135.08
2018-02-22 08:00:00,135.14
2018-02-22 09:00:00,135.46
2018-02-22 10:00:00,135.4299
2018-02-22 11:00:00,135.4425
2018-02-22 12:00:00,135.64
2018-02-22 13:00:00,135.62
2018-02-22 14:00:00,135.623
2018-02-22 15:00:00,135.51
2018-02-22 16:00:00,135.51
2018-02-22 18:00:00,135.51
2018-02-22 20:00:00,135.51
2018-02-23 07:00:00,135.93
2018-02-23 09:00:00,135.72
2018-02-23 10:00:00,135.77
2018-02-23 11:00:00,135.81
2018-02-23 12:00:00,135.85
2018-02-23 13:00:00,135.71
2018-02-23 14:00:00,135.74
2018-02-23 15:00:00,135.69
2018-02-23 16:00:00,135.69
2018-02-23 18:00:00,135.69
2018-02-23 20:00:00,135.69
2018-02-26 05:00:00,136.61
2018-02-26 08:00:00,136.0
2018-02-26 09:00:00,135.68
2018-02-26 10:00:00,135.638
2018-02-26 11:00:00,135.61
2018-02-26 12:00:00,135.67
2018-02-26 13:00:00,135.69
2018-02-26 14:00:00,135.65
2018-02-26 15:00:00,135.67
2018-02-26 16:00:00,135.67
2018-02-26 18:00:00,135.67
2018-02-26 20:00:00,135.67
2018-02-27 05:00:00,135.6
2018-02-27 09:00:00,134.975
2018-02-27 10:00:00,134.8
2018-02-27 11:00:00,135.09
2018-02-27 12:00:00,135.3083
2018-02-27 13:00:00,135.3872
2018-02-27 14:00:00,135.27
2018-02-27 15:00:00,135.096
2018-02-27 16:00:00,135.18
2018-02-27 18:00:00,135.18
2018-02-27 20:00:00,135.18
2018-02-28 06:00:00,134.43
2018-02-28 07:00:00,134.23
2018-02-28 08:00:00,134.34
2018-02-28 09:00:00,134.17
2018-02-28 10:00:00,134.0
2018-02-28 11:00:00,133.93
2018-02-28 12:00:00,133.95
2018-02-28 13:00:00,133.87
2018-02-28 14:00:00,133.8
2018-02-28 15:00:00,133.76
2018-02-28 16:00:00,133.79
2018-02-28 18:00:00,133.74
2018-02-28 20:00:00,133.74
2018-03-01 07:00:00,133.57
2018-03-01 08:00:00,133.64
2018-03-01 09:00:00,133.181
2018-03-01 10:00:00,133.31
2018-03-01 11:00:00,133.6899
2018-03-01 12:00:00,133.45
2018-03-01 13:00:00,133.37
2018-03-01 14:00:00,133.8099
2018-03-01 15:00:00,133.86
2018-03-01 16:00:00,133.82
2018-03-01 18:00:00,133.82
2018-03-01 20:00:00,133.82
2018-03-02 06:00:00,133.98
2018-03-02 08:00:00,133.96
2018-03-02 09:00:00,133.73
2018-03-02 10:00:00,133.78
2018-03-02 11:00:00,133.77
2018-03-02 12:00:00,133.7572
2018-03-02 13:00:00,133.8
2018-03-02 14:00:00,133.9685
2018-03-02 15:00:00,134.01
2018-03-02 16:00:00,134.01
2018-03-02 18:00:00,134.01
2018-03-02 20:00:00,134.01
2018-03-05 05:00:00,134.32
2018-03-05 07:00:00,134.15
2018-03-05 09:00:00,134.27
2018-03-05 10:00:00,134.52
2018-03-05 11:00:00,134.631
2018-03-05 12:00:00,134.5252
2018-03-05 13:00:00,134.39
2018-03-05 14:00:00,134.36
2018-03-05 15:00:00,134.51
2018-03-05 16:00:00,134.54
2018-03-05 18:00:00,134.54
2018-03-05 20:00:00,134.54
2018-03-06 07:00:00,135.21
2018-03-06 09:00:00,135.06
2018-03-06 10:00:00,134.87
2018-03-06 11:00:00,134.82
2018-03-06 12:00:00,134.896
2018-03-06 13:00:00,135.0
2018-03-06 14:00:00,135.02
2018-03-06 15:00:00,134.92
2018-03-06 16:00:00,134.92
2018-03-06 18:00:00,134.92
2018-03-06 20:00:00,134.92
2018-03-07 04:00:00,134.72
2018-03-07 08:00:00,134.72
2018-03-07 09:00:00,134.9701
2018-03-07 10:00:00,135.02
2018-03-07 11:00:00,134.88
2018-03-07 12:00:00,134.82
2018-03-07 13:00:00,134.9886
2018-03-07 14:00:00,135.05
2018-03-07 15:00:00,135.07
2018-03-07 16:00:00,135.07
2018-03-07 18:00:00,135.07
2018-03-07 20:00:00,135.07
2018-03-08 05:00:00,134.69
2018-03-08 09:00:00,134.75
2018-03-08 10:00:00,134.35
2018-03-08 11:00:00,134.29
2018-03-08 12:00:00,134.2299
2018-03-08 13:00:00,134.17
2018-03-08 14:00:00,134.04
2018-03-08 15:00:00,134.2
2018-03-08 16:00:00,134.23
2018-03-08 18:00:00,134.23
2018-03-08 20:00:00,134.23
2018-03-09 05:00:00,134.18
2018-03-09 07:00:00,134.31
2018-03-09 08:00:00,134.44
2018-03-09 09:00:00,134.65
2018-03-09 10:00:00,134.76
2018-03-09 11:00:00,134.69
2018-03-09 12:00:00,134.56
2018-03-09 13:00:00,134.56
2018-03-09 14:00:00,134.55
2018-03-09 15:00:00,134.54
2018-03-09 16:00:00,134.54
2018-03-09 18:00:00,134.54
2018-03-09 20:00:00,134.54
2018-03-12 08:00:00,134.95
2018-03-12 09:00:00,135.05
2018-03-12 10:00:00,134.9389
2018-03-12 11:00:00,135.0299
2018-03-12 12:00:00,134.97
2018-03-12 13:00:00,135.03
2018-03-12 14:00:00,135.1
2018-03-12 15:00:00,135.13
2018-03-12 16:00:00,135.0999
2018-03-12 18:00:00,135.0999
2018-03-12 20:00:00,135.0999
2018-03-13 06:00:00,135.02
2018-03-13 09:00:00,135.6446
2018-03-13 10:00:00,135.675
2018-03-13 11:00:00,135.89
2018-03-13 12:00:00,135.92
2018-03-13 13:00:00,135.71
2018-03-13 14:00:00,135.7999
2018-03-13 15:00:00,135.61
2018-03-13 16:00:00,135.63
2018-03-13 18:00:00,135.63
2018-03-13 20:00:00,135.63
2018-03-14 07:00:00,135.72
2018-03-14 09:00:00,135.6999
2018-03-14 10:00:00,135.63
2018-03-14 11:00:00,135.36
2018-03-14 12:00:00,135.63
2018-03-14 13:00:00,135.75
2018-03-14 14:00:00,135.759
2018-03-14 15:00:00,135.7
2018-03-14 16:00:00,135.7
2018-03-14 18:00:00,135.7
2018-03-14 20:00:00,135.7
2018-03-15 06:00:00,135.41
2018-03-15 07:00:00,135.36
2018-03-15 08:00:00,135.41
2018-03-15 09:00:00,135.61
2018-03-15 10:00:00,135.76
2018-03-15 11:00:00,135.51
2018-03-15 12:00:00,135.48
2018-03-15 13:00:00,135.58
2018-03-15 14:00:00,135.35
2018-03-15 15:00:00,135.41
2018-03-15 16:00:00,135.41
2018-03-15 18:00:00,135.41
2018-03-15 20:00:00,135.41
2018-03-16 09:00:00,135.37
2018-03-16 10:00:00,134.97
2018-03-16 11:00:00,135.17
2018-03-16 12:00:00,135.38
2018-03-16 13:00:00,135.41
2018-03-16 14:00:00,135.41
2018-03-16 15:00:00,135.48
2018-03-16 16:00:00,135.49
2018-03-16 18:00:00,135.48
2018-03-16 20:00:00,135.48
2018-03-19 05:00:00,135.71
2018-03-19 06:00:00,136.08
2018-03-19 07:00:00,136.4
2018-03-19 08:00:00,136.6
2018-03-19 09:00:00,136.57
2018-03-19 10:00:00,136.4
2018-03-19 11:00:00,136.315
2018-03-19 12:00:00,136.3529
2018-03-19 13:00:00,136.44
2018-03-19 14:00:00,136.48
2018-03-19 15:00:00,136.3
2018-03-19 16:00:00,136.3
2018-03-19 18:00:00,136.3
2018-03-19 20:00:00,136.3
2018-03-20 05:00:00,136.4
2018-03-20 08:00:00,135.95
2018-03-20 09:00:00,136.0014
2018-03-20 10:00:00,136.05
2018-03-20 11:00:00,136.1152
2018-03-20 12:00:00,135.88
2018-03-20 13:00:00,136.0614
2018-03-20 14:00:00,136.0404
2018-03-20 15:00:00,135.99
2018-03-20 16:00:00,135.99
2018-03-20 18:00:00,135.99
2018-03-20 20:00:00,135.99
2018-03-21 05:00:00,136.61
2018-03-21 09:00:00,136.67
2018-03-21 10:00:00,136.7076
2018-03-21 11:00:00,136.63
2018-03-21 12:00:00,136.6445
2018-03-21 13:00:00,136.71
2018-03-21 14:00:00,137.27
2018-03-21 15:00:00,137.4248
2018-03-21 16:00:00,137.43
2018-03-21 18:00:00,137.43
2018-03-21 20:00:00,137.43
2018-03-22 07:00:00,137.43
2018-03-22 08:00:00,137.72
2018-03-22 09:00:00,137.1922
2018-03-22 10:00:00,136.9816
2018-03-22 11:00:00,136.8599
2018-03-22 12:00:00,137.0632
2018-03-22 13:00:00,137.06
2018-03-22 14:00:00,137.07
2018-03-22 15:00:00,137.08
2018-03-22 16:00:00,137.08
2018-03-22 18:00:00,137.08
2018-03-22 20:00:00,137.08
2018-03-23 06:00:00,136.91
2018-03-23 09:00:00,137.4486
2018-03-23 10:00:00,137.5799
2018-03-23 11:00:00,137.452
2018-03-23 12:00:00,137.47
2018-03-23 13:00:00,137.47
2018-03-23 14:00:00,137.435
2018-03-23 15:00:00,137.39
2018-03-23 16:00:00,137.39
2018-03-23 18:00:00,137.39
2018-03-23 20:00:00,137.39
2018-03-26 04:00:00,137.78
2018-03-26 05:00:00,138.01
2018-03-26 06:00:00,138.19
2018-03-26 08:00:00,137.93
2018-03-26 09:00:00,138.01
2018-03-26 10:00:00,138.17
2018-03-26 11:00:00,138.3024
2018-03-26 12:00:00,138.18
2018-03-26 13:00:00,138.2
2018-03-26 14:00:00,138.21
2018-03-26 15:00:00,138.2
2018-03-26 16:00:00,138.2399
2018-03-26 18:00:00,138.2399
2018-03-26 20:00:00,138.2399
2018-03-27 07:00:00,137.07
2018-03-27 08:00:00,136.83
2018-03-27 09:00:00,137.3787
2018-03-27 10:00:00,137.37
2018-03-27 11:00:00,137.55
2018-03-27 12:00:00,137.659
2018-03-27 13:00:00,137.6479
2018-03-27 15:00:00,137.4686
2018-03-27 16:00:00,137.45
2018-03-27 18:00:00,137.45
2018-03-27 20:00:00,137.45
2018-03-28 04:00:00,137.66
2018-03-28 05:00:00,137.55
2018-03-28 06:00:00,137.49
2018-03-28 07:00:00,137.56
2018-03-28 08:00:00,137.36
2018-03-28 09:00:00,136.97
2018-03-28 10:00:00,136.98
2018-03-28 11:00:00,137.035
2018-03-28 12:00:00,137.055
2018-03-28 13:00:00,136.84
2018-03-28 14:00:00,136.82
2018-03-28 15:00:00,136.72
2018-03-28 16:00:00,136.75
2018-03-28 18:00:00,136.75
2018-03-28 20:00:00,136.75
2018-03-29 04:00:00,136.46
2018-03-29 09:00:00,136.495
2018-03-29 10:00:00,136.47
2018-03-29 11:00:00,136.24
2018-03-29 12:00:00,136.12
2018-03-29 13:00:00,136.19
2018-03-29 14:00:00,136.315
2018-03-29 15:00:00,136.29
2018-03-29 16:00:00,136.29
2018-03-29 18:00:00,136.29
2018-03-29 20:00:00,136.29
2018-04-02 08:00:00,136.44
2018-04-02 09:00:00,136.36
2018-04-02 10:00:00,136.48
2018-04-02 11:00:00,136.2599
2018-04-02 12:00:00,136.3086
2018-04-02 13:00:00,136.43
2018-04-02 14:00:00,136.38
2018-04-02 15:00:00,136.47
2018-04-02 16:00:00,136.47
2018-04-02 18:00:00,136.47
2018-04-02 20:00:00,136.47
2018-04-03 05:00:00,136.8
2018-04-03 07:00:00,136.28
2018-04-03 09:00:00,136.364
2018-04-03 10:00:00,136.38
2018-04-03 11:00:00,136.63
2018-04-03 12:00:00,136.56
2018-04-03 13:00:00,136.5099
2018-04-03 14:00:00,136.51
2018-04-03 15:00:00,136.5499
2018-04-03 16:00:00,136.53
2018-04-03 18:00:00,136.53
2018-04-03 20:00:00,136.53
2018-04-04 06:00:00,136.43
2018-04-04 08:00:00,136.53
2018-04-04 09:00:00,136.74
2018-04-04 10:00:00,136.74
2018-04-04 11:00:00,136.709
2018-04-04 12:00:00,136.7595
2018-04-04 13:00:00,136.72
2018-04-04 14:00:00,136.7
2018-04-04 15:00:00,136.79
2018-04-04 16:00:00,136.78
2018-04-04 18:00:00,136.78
2018-04-04 20:00:00,136.78
2018-04-05 05:00:00,136.53
2018-04-05 08:00:00,136.04
2018-04-05 09:00:00,136.19
2018-04-05 10:00:00,135.9078
2018-04-05 11:00:00,135.86
2018-04-05 12:00:00,135.9001
2018-04-05 13:00:00,135.94
2018-04-05 14:00:00,135.9726
2018-04-05 15:00:00,136.01
2018-04-05 16:00:00,136.01
2018-04-05 18:00:00,136.01
2018-04-05 20:00:00,136.01
2018-04-06 05:00:00,136.05
2018-04-06 08:00:00,136.1
2018-04-06 09:00:00,136.67
2018-04-06 10:00:00,136.7914
2018-04-06 11:00:00,136.8401
2018-04-06 12:00:00,136.85
2018-04-06 13:00:00,136.7978
2018-04-06 14:00:00,136.7801
2018-04-06 15:00:00,136.874
2018-04-06 16:00:00,136.84
2018-04-06 18:00:00,136.84
2018-04-06 20:00:00,136.84
2018-04-09 05:00:00,137.05
2018-04-09 08:00:00,137.24
2018-04-09 09:00:00,137.415
2018-04-09 10:00:00,137.21
2018-04-09 11:00:00,137.28
2018-04-09 12:00:00,137.34
2018-04-09 13:00:00,137.252
2018-04-09 14:00:00,137.32
2018-04-09 15:00:00,137.22
2018-04-09 16:00:00,137.2232
2018-04-09 18:00:00,137.2232
2018-04-09 20:00:00,137.2232
2018-04-10 09:00:00,137.66
2018-04-10 10:00:00,137.63
2018-04-10 11:00:00,137.51
2018-04-10 12:00:00,137.59
2018-04-10 13:00:00,137.61
2018-04-10 14:00:00,137.74
2018-04-10 15:00:00,137.6774
2018-04-10 16:00:00,137.6799
2018-04-10 18:00:00,137.6799
2018-04-10 20:00:00,137.6799
2018-04-11 09:00:00,137.8783
2018-04-11 10:00:00,138.08
2018-04-11 11:00:00,137.8456
2018-04-11 12:00:00,137.7099
2018-04-11 13:00:00,137.7898
2018-04-11 14:00:00,137.64
2018-04-11 15:00:00,137.63
2018-04-11 16:00:00,137.63
2018-04-11 18:00:00,137.63
2018-04-11 20:00:00,137.63
2018-04-12 05:00:00,137.59
2018-04-12 09:00:00,137.89
2018-04-12 10:00:00,138.26
2018-04-12 11:00:00,138.317
2018-04-12 12:00:00,138.2007
2018-04-12 13:00:00,138.1776
2018-04-12 14:00:00,138.148
2018-04-12 15:00:00,138.16
2018-04-12 16:00:00,138.17
2018-04-12 18:00:00,138.17
2018-04-12 20:00:00,138.17
2018-04-13 07:00:00,138.45
2018-04-13 09:00:00,138.5086
2018-04-13 10:00:00,138.35
2018-04-13 11:00:00,138.46
2018-04-13 12:00:00,138.44
2018-04-13 13:00:00,138.43
2018-04-13 14:00:00,138.29
2018-04-13 15:00:00,138.3301
2018-04-13 16:00:00,138.31
2018-04-13 18:00:00,138.31
2018-04-13 20:00:00,138.31
2018-04-16 05:00:00,138.64
2018-04-16 09:00:00,139.155
2018-04-16 10:00:00,139.13
2018-04-16 11:00:00,139.17
2018-04-16 12:00:00,139.1579
2018-04-16 13:00:00,139.101
2018-04-16 14:00:00,139.1122
2018-04-16 15:00:00,139.24
2018-04-16 16:00:00,139.18
2018-04-16 18:00:00,139.18
2018-04-16 20:00:00,139.18
2018-04-17 08:00:00,139.0
2018-04-17 09:00:00,138.93
2018-04-17 10:00:00,138.96
2018-04-17 11:00:00,138.8399
2018-04-17 12:00:00,138.791
2018-04-17 13:00:00,138.8047
2018-04-17 14:00:00,138.765
2018-04-17 15:00:00,138.74
2018-04-17 16:00:00,138.81
2018-04-17 18:00:00,138.74
2018-04-17 20:00:00,138.74
2018-04-18 04:00:00,137.98
2018-04-18 05:00:00,137.73
2018-04-18 08:00:00,138.25
2018-04-18 09:00:00,138.1501
2018-04-18 10:00:00,138.24
2018-04-18 11:00:00,138.1
2018-04-18 12:00:00,138.071
2018-04-18 13:00:00,138.0336
2018-04-18 14:00:00,137.95
2018-04-18 15:00:00,137.92
2018-04-18 16:00:00,137.92
2018-04-18 18:00:00,137.92
2018-04-18 20:00:00,137.92
2018-04-19 05:00:00,137.77
2018-04-19 09:00:00,138.1501
2018-04-19 10:00:00,138.1778
2018-04-19 11:00:00,137.812
2018-04-19 12:00:00,137.81
2018-04-19 13:00:00,136.7619
2018-04-19 14:00:00,136.64
2018-04-19 15:00:00,136.84
2018-04-19 16:00:00,136.79
2018-04-19 18:00:00,136.84
2018-04-19 20:00:00,136.84
2018-04-20 05:00:00,136.56
2018-04-20 07:00:00,136.42
2018-04-20 08:00:00,136.5
2018-04-20 09:00:00,136.06
2018-04-20 10:00:00,136.1348
2018-04-20 11:00:00,136.2901
2018-04-20 12:00:00,136.34
2018-04-20 13:00:00,136.3
2018-04-20 14:00:00,136.17
2018-04-20 15:00:00,136.06
2018-04-20 16:00:00,136.07
2018-04-20 18:00:00,136.07
2018-04-20 20:00:00,136.07
2018-04-23 05:00:00,135.67
2018-04-23 07:00:00,135.56
2018-04-23 08:00:00,135.57
2018-04-23 09:00:00,135.37
2018-04-23 10:00:00,135.5
2018-04-23 11:00:00,135.4952
2018-04-23 12:00:00,135.43
2018-04-23 13:00:00,135.262
2018-04-23 14:00:00,135.39
2018-04-23 15:00:00,135.4
2018-04-23 16:00:00,135.4
2018-04-23 18:00:00,135.4
2018-04-23 20:00:00,135.4
2018-04-24 04:00:00,135.45
2018-04-24 05:00:00,135.47
2018-04-24 09:00:00,135.76
2018-04-24 10:00:00,135.65
2018-04-24 11:00:00,135.7
2018-04-24 12:00:00,135.7648
2018-04-24 13:00:00,135.7301
2018-04-24 14:00:00,135.72
2018-04-24 15:00:00,135.77
2018-04-24 16:00:00,135.79
2018-04-24 18:00:00,135.79
2018-04-24 20:00:00,135.79
2018-04-25 09:00:00,135.411
2018-04-25 10:00:00,135.33
2018-04-25 11:00:00,135.36
2018-04-25 12:00:00,135.39
2018-04-25 13:00:00,135.3
2018-04-25 14:00:00,135.38
2018-04-25 15:00:00,135.26
2018-04-25 16:00:00,135.26
2018-04-25 18:00:00,135.26
2018-04-25 20:00:00,135.26
2018-04-26 05:00:00,135.07
2018-04-26 09:00:00,135.78
2018-04-26 10:00:00,135.337
2018-04-26 11:00:00,135.23
2018-04-26 12:00:00,135.26
2018-04-26 13:00:00,135.21
2018-04-26 14:00:00,135.21
2018-04-26 15:00:00,135.14
2018-04-26 16:00:00,135.15
2018-04-26 18:00:00,135.15
2018-04-26 20:00:00,135.15
2018-04-27 05:00:00,134.17
2018-04-27 08:00:00,133.59
2018-04-27 09:00:00,133.81
2018-04-27 10:00:00,133.95
2018-04-27 11:00:00,133.83
2018-04-27 12:00:00,133.79
2018-04-27 13:00:00,133.76
2018-04-27 14:00:00,133.87
2018-04-27 15:00:00,133.83
2018-04-27 16:00:00,133.83
2018-04-27 18:00:00,133.83
2018-04-27 20:00:00,133.83
2018-04-30 04:00:00,133.62
2018-04-30 05:00:00,133.35
2018-04-30 07:00:00,133.3
2018-04-30 09:00:00,133.41
2018-04-30 10:00:00,133.7399
2018-04-30 11:00:00,133.53
2018-04-30 12:00:00,133.7499
2018-04-30 13:00:00,133.56
2018-04-30 14:00:00,133.5
2018-04-30 15:00:00,133.67
2018-04-30 16:00:00,133.67
2018-04-30 18:00:00,133.67
2018-04-30 20:00:00,133.67
2018-05-01 07:00:00,132.81
2018-05-01 08:00:00,132.72
2018-05-01 09:00:00,132.29
2018-05-01 10:00:00,132.0
2018-05-01 11:00:00,132.13
2018-05-01 12:00:00,132.32
2018-05-01 13:00:00,132.22
2018-05-01 14:00:00,132.22
2018-05-01 15:00:00,132.18
2018-05-01 16:00:00,132.17
2018-05-01 18:00:00,132.17
2018-05-01 20:00:00,132.17
2018-05-02 09:00:00,132.0901
2018-05-02 10:00:00,132.03
2018-05-02 11:00:00,132.0743
2018-05-02 12:00:00,132.07
2018-05-02 13:00:00,132.02
2018-05-02 14:00:00,132.25
2018-05-02 15:00:00,131.72
2018-05-02 16:00:00,131.7
2018-05-02 18:00:00,131.7
2018-05-02 20:00:00,131.7
2018-05-03 04:00:00,132.0
2018-05-03 05:00:00,131.9
2018-05-03 08:00:00,132.0
2018-05-03 09:00:00,131.9312
2018-05-03 10:00:00,131.49
2018-05-03 11:00:00,131.6965
2018-05-03 12:00:00,131.85
2018-05-03 13:00:00,131.75
2018-05-03 14:00:00,131.77
2018-05-03 15:00:00,131.72
2018-05-03 16:00:00,131.75
2018-05-03 18:00:00,131.71
2018-05-03 20:00:00,131.71
2018-05-04 08:00:00,131.63
2018-05-04 09:00:00,131.06
2018-05-04 10:00:00,131.2401
2018-05-04 11:00:00,131.43
2018-05-04 12:00:00,131.538
2018-05-04 13:00:00,131.58
2018-05-04 14:00:00,131.5
2018-05-04 15:00:00,131.39
2018-05-04 16:00:00,131.4
2018-05-04 18:00:00,131.4
2018-05-04 20:00:00,131.4
2018-05-07 05:00:00,131.4
2018-05-07 07:00:00,131.32
2018-05-07 09:00:00,131.441
2018-05-07 10:00:00,131.7402
2018-05-07 11:00:00,131.69
2018-05-07 12:00:00,131.7
2018-05-07 13:00:00,131.65
2018-05-07 14:00:00,131.6647
2018-05-07 15:00:00,131.63
2018-05-07 16:00:00,131.63
2018-05-07 18:00:00,131.63
2018-05-07 20:00:00,131.63
2018-05-08 07:00:00,131.06
2018-05-08 09:00:00,131.11
2018-05-08 10:00:00,131.233
2018-05-08 11:00:00,131.2
2018-05-08 12:00:00,131.54
2018-05-08 13:00:00,131.48
2018-05-08 14:00:00,131.4298
2018-05-08 15:00:00,131.53
2018-05-08 16:00:00,131.53
2018-05-08 18:00:00,131.53
2018-05-08 20:00:00,131.53
2018-05-09 06:00:00,131.67
2018-05-09 09:00:00,131.9
2018-05-09 10:00:00,131.78
2018-05-09 11:00:00,131.7307
2018-05-09 12:00:00,131.6308
2018-05-09 13:00:00,131.695
2018-05-09 14:00:00,131.6215
2018-05-09 15:00:00,131.51
2018-05-09 16:00:00,131.54
2018-05-09 18:00:00,131.54
2018-05-09 20:00:00,131.54
2018-05-10 07:00:00,131.33
2018-05-10 09:00:00,131.03
2018-05-10 10:00:00,130.78
2018-05-10 11:00:00,130.95
2018-05-10 12:00:00,131.07
2018-05-10 13:00:00,131.28
2018-05-10 14:00:00,131.25
2018-05-10 15:00:00,131.24
2018-05-10 16:00:00,131.39
2018-05-10 18:00:00,131.24
2018-05-10 20:00:00,131.24
2018-05-11 05:00:00,131.49
2018-05-11 07:00:00,131.68
2018-05-11 08:00:00,131.74
2018-05-11 09:00:00,131.7
2018-05-11 10:00:00,131.57
2018-05-11 11:00:00,131.63
2018-05-11 12:00:00,131.58
2018-05-11 13:00:00,131.51
2018-05-11 14:00:00,131.51
2018-05-11 15:00:00,131.46
2018-05-11 16:00:00,131.4601
2018-05-11 18:00:00,131.4601
2018-05-11 20:00:00,131.4601
2018-05-14 08:00:00,131.91
2018-05-14 09:00:00,132.0764
2018-05-14 10:00:00,131.9101
2018-05-14 11:00:00,131.9714
2018-05-14 12:00:00,131.8394
2018-05-14 13:00:00,131.68
2018-05-14 14:00:00,131.7
2018-05-14 15:00:00,131.63
2018-05-14 16:00:00,131.63
2018-05-14 18:00:00,131.63
2018-05-14 20:00:00,131.63
2018-05-15 07:00:00,131.22
2018-05-15 08:00:00,131.1
2018-05-15 09:00:00,130.69
2018-05-15 10:00:00,131.0437
2018-05-15 11:00:00,131.17
2018-05-15 12:00:00,131.27
2018-05-15 13:00:00,131.14
2018-05-15 14:00:00,131.16
2018-05-15 15:00:00,131.14
2018-05-15 16:00:00,131.16
2018-05-15 18:00:00,131.16
2018-05-15 20:00:00,131.16
2018-05-16 05:00:00,130.99
2018-05-16 08:00:00,130.66
2018-05-16 09:00:00,131.03
2018-05-16 10:00:00,130.9099
2018-05-16 11:00:00,130.84
2018-05-16 12:00:00,131.07
2018-05-16 13:00:00,131.04
2018-05-16 14:00:00,130.934
2018-05-16 15:00:00,130.96
2018-05-16 16:00:00,130.96
2018-05-16 18:00:00,130.96
2018-05-16 20:00:00,130.96
2018-05-17 06:00:00,130.94
2018-05-17 09:00:00,130.92
2018-05-17 10:00:00,131.11
2018-05-17 11:00:00,131.07
2018-05-17 12:00:00,131.28
2018-05-17 13:00:00,131.2228
2018-05-17 14:00:00,131.16
2018-05-17 15:00:00,131.16
2018-05-17 16:00:00,131.1184
2018-05-17 18:00:00,131.1184
2018-05-17 20:00:00,131.1184
2018-05-18 06:00:00,130.91
2018-05-18 09:00:00,130.6707
2018-05-18 10:00:00,130.84
2018-05-18 11:00:00,130.812
2018-05-18 12:00:00,130.88
2018-05-18 13:00:00,130.8419
2018-05-18 14:00:00,130.9126
2018-05-18 15:00:00,130.87
2018-05-18 16:00:00,130.8
2018-05-18 18:00:00,130.9
2018-05-18 20:00:00,130.9
2018-05-21 05:00:00,130.13
2018-05-21 07:00:00,130.11
2018-05-21 08:00:00,130.24
2018-05-21 09:00:00,130.28
2018-05-21 10:00:00,130.19
2018-05-21 11:00:00,130.2101
2018-05-21 12:00:00,130.185
2018-05-21 13:00:00,130.2376
2018-05-21 14:00:00,130.24
2018-05-21 15:00:00,130.33
2018-05-21 16:00:00,130.35
2018-05-21 18:00:00,130.35
2018-05-21 20:00:00,130.35
2018-05-22 09:00:00,130.58
2018-05-22 10:00:00,130.2418
2018-05-22 11:00:00,130.5226
2018-05-22 12:00:00,130.4
2018-05-22 13:00:00,130.41
2018-05-22 14:00:00,130.37
2018-05-22 15:00:00,130.41
2018-05-22 16:00:00,130.42
2018-05-22 18:00:00,130.41
2018-05-22 20:00:00,130.41
2018-05-23 04:00:00,129.7
2018-05-23 06:00:00,129.6
2018-05-23 07:00:00,129.24
2018-05-23 08:00:00,129.37
2018-05-23 09:00:00,129.59
2018-05-23 10:00:00,129.58
2018-05-23 11:00:00,129.49
2018-05-23 12:00:00,129.49
2018-05-23 13:00:00,129.38
2018-05-23 14:00:00,129.58
2018-05-23 15:00:00,129.63
2018-05-23 16:00:00,129.65
2018-05-23 18:00:00,129.65
2018-05-23 20:00:00,129.65
2018-05-24 04:00:00,130.11
2018-05-24 09:00:00,129.99
2018-05-24 10:00:00,129.83
2018-05-24 11:00:00,129.85
2018-05-24 12:00:00,129.961
2018-05-24 13:00:00,130.04
2018-05-24 14:00:00,130.04
2018-05-24 15:00:00,129.93
2018-05-24 16:00:00,129.91
2018-05-24 18:00:00,129.91
2018-05-24 20:00:00,129.91
2018-05-25 09:00:00,129.23
2018-05-25 10:00:00,129.2581
2018-05-25 11:00:00,129.26
2018-05-25 12:00:00,129.278
2018-05-25 13:00:00,129.19
2018-05-25 14:00:00,129.28
2018-05-25 15:00:00,129.24
2018-05-25 16:00:00,129.26
2018-05-25 18:00:00,129.26
2018-05-25 20:00:00,129.26
2018-05-29 07:00:00,128.56
2018-05-29 08:00:00,128.9
2018-05-29 09:00:00,128.879
2018-05-29 10:00:00,128.8301
2018-05-29 11:00:00,128.67
2018-05-29 12:00:00,128.5633
2018-05-29 13:00:00,128.5289
2018-05-29 14:00:00,128.59
2018-05-29 15:00:00,128.618
2018-05-29 16:00:00,128.62
2018-05-29 18:00:00,128.62
2018-05-29 20:00:00,128.62
2018-05-30 04:00:00,128.7
2018-05-30 05:00:00,128.9
2018-05-30 09:00:00,129.065
2018-05-30 10:00:00,128.8701
2018-05-30 11:00:00,128.98
2018-05-30 12:00:00,128.95
2018-05-30 13:00:00,128.95
2018-05-30 14:00:00,128.8401
2018-05-30 15:00:00,128.95
2018-05-30 16:00:00,128.95
2018-05-30 18:00:00,128.95
2018-05-30 20:00:00,128.95
2018-05-31 04:00:00,129.4
2018-05-31 05:00:00,129.36
2018-05-31 09:00:00,129.02
2018-05-31 10:00:00,129.22
2018-05-31 11:00:00,129.0
2018-05-31 12:00:00,129.01
2018-05-31 13:00:00,129.0239
2018-05-31 14:00:00,129.08
2018-05-31 15:00:00,129.04
2018-05-31 16:00:00,129.04
2018-05-31 18:00:00,129.04
2018-05-31 20:00:00,129.04
2018-06-01 08:00:00,129.21
2018-06-01 09:00:00,129.36
2018-06-01 10:00:00,129.38
2018-06-01 11:00:00,129.64
2018-06-01 12:00:00,129.55
2018-06-01 13:00:00,129.4899
2018-06-01 14:00:00,129.53
2018-06-01 15:00:00,129.54
2018-06-01 16:00:00,129.75
2018-06-01 18:00:00,129.54
2018-06-01 20:00:00,129.54
2018-06-04 06:00:00,129.87
2018-06-04 07:00:00,129.93
2018-06-04 08:00:00,129.93
2018-06-04 09:00:00,129.6873
2018-06-04 10:00:00,129.45
2018-06-04 11:00:00,129.24
2018-06-04 12:00:00,129.1951
2018-06-04 13:00:00,129.37
2018-06-04 14:00:00,129.26
2018-06-04 15:00:00,129.24
2018-06-04 16:00:00,129.21
2018-06-04 18:00:00,129.21
2018-06-04 20:00:00,129.21
2018-06-05 04:00:00,129.86
2018-06-05 05:00:00,129.87
2018-06-05 07:00:00,129.74
2018-06-05 08:00:00,129.81
2018-06-05 09:00:00,129.64
2018-06-05 10:00:00,129.5173
2018-06-05 11:00:00,129.641
2018-06-05 12:00:00,129.88
2018-06-05 13:00:00,130.11
2018-06-05 14:00:00,130.03
2018-06-05 15:00:00,129.98
2018-06-05 16:00:00,129.99
2018-06-05 18:00:00,129.99
2018-06-05 20:00:00,129.99
2018-06-06 05:00:00,130.36
2018-06-06 07:00:00,130.27
2018-06-06 08:00:00,130.32
2018-06-06 09:00:00,130.425
2018-06-06 10:00:00,130.36
2018-06-06 11:00:00,130.2399
2018-06-06 12:00:00,130.17
2018-06-06 13:00:00,130.1229
2018-06-06 14:00:00,130.1622
2018-06-06 15:00:00,130.17
2018-06-06 16:00:00,130.17
2018-06-06 18:00:00,130.17
2018-06-06 20:00:00,130.17
2018-06-07 08:00:00,130.28
2018-06-07 09:00:00,129.865
2018-06-07 10:00:00,130.23
2018-06-07 11:00:00,130.31
2018-06-07 12:00:00,130.16
2018-06-07 13:00:00,130.26
2018-06-07 14:00:00,130.38
2018-06-07 15:00:00,130.28
2018-06-07 16:00:00,130.28
2018-06-07 18:00:00,130.28
2018-06-07 20:00:00,130.28
2018-06-08 04:00:00,130.1
2018-06-08 08:00:00,130.02
2018-06-08 09:00:00,129.83
2018-06-08 10:00:00,129.8918
2018-06-08 11:00:00,130.11
2018-06-08 12:00:00,130.13
2018-06-08 13:00:00,130.16
2018-06-08 14:00:00,130.18
2018-06-08 15:00:00,130.12
2018-06-08 16:00:00,130.1381
2018-06-08 18:00:00,130.1381
2018-06-08 20:00:00,130.1381
2018-06-11 07:00:00,129.7
2018-06-11 09:00:00,129.91
2018-06-11 10:00:00,129.97
2018-06-11 11:00:00,129.89
2018-06-11 12:00:00,129.869
2018-06-11 13:00:00,129.79
2018-06-11 14:00:00,129.87
2018-06-11 15:00:00,129.9
2018-06-11 16:00:00,129.892
2018-06-11 18:00:00,129.892
2018-06-11 20:00:00,129.892
2018-06-12 09:00:00,129.59
2018-06-12 10:00:00,129.6499
2018-06-12 11:00:00,130.23
2018-06-12 12:00:00,130.09
2018-06-12 13:00:00,129.9
2018-06-12 14:00:00,129.81
2018-06-12 15:00:00,129.8
2018-06-12 16:00:00,129.803
2018-06-12 18:00:00,129.803
2018-06-12 19:00:00,129.2
2018-06-12 20:00:00,129.803
2018-06-13 09:00:00,129.6
2018-06-13 10:00:00,129.77
2018-06-13 11:00:00,129.83
2018-06-13 12:00:00,129.875
2018-06-13 13:00:00,129.88
2018-06-13 14:00:00,129.6301
2018-06-13 15:00:00,129.88
2018-06-13 16:00:00,129.8748
2018-06-13 18:00:00,129.8748
2018-06-13 20:00:00,129.8748
2018-06-14 09:00:00,129.3301
2018-06-14 10:00:00,129.35
2018-06-14 11:00:00,129.4
2018-06-14 12:00:00,129.03
2018-06-14 13:00:00,128.9162
2018-06-14 14:00:00,128.9078
2018-06-14 15:00:00,128.88
2018-06-14 16:00:00,128.73
2018-06-14 18:00:00,128.88
2018-06-14 20:00:00,128.88
2018-06-15 07:00:00,128.88
2018-06-15 09:00:00,128.73
2018-06-15 10:00:00,128.9799
2018-06-15 11:00:00,128.9101
2018-06-15 12:00:00,128.9001
2018-06-15 13:00:00,128.935
2018-06-15 14:00:00,128.93
2018-06-15 15:00:00,128.88
2018-06-15 16:00:00,128.93
2018-06-15 18:00:00,128.86
2018-06-15 20:00:00,128.86
2018-06-18 07:00:00,128.78
2018-06-18 09:00:00,128.51
2018-06-18 10:00:00,128.578
2018-06-18 11:00:00,128.559
2018-06-18 12:00:00,128.49
2018-06-18 13:00:00,128.5701
2018-06-18 14:00:00,128.595
2018-06-18 15:00:00,128.5
2018-06-18 16:00:00,128.52
2018-06-18 18:00:00,128.52
2018-06-18 20:00:00,128.52
2018-06-19 04:00:00,128.0
2018-06-19 07:00:00,127.76
2018-06-19 08:00:00,127.66
2018-06-19 09:00:00,127.83
2018-06-19 10:00:00,127.85
2018-06-19 11:00:00,127.8802
2018-06-19 12:00:00,127.84
2018-06-19 13:00:00,127.85
2018-06-19 14:00:00,127.851
2018-06-19 15:00:00,127.88
2018-06-19 16:00:00,127.88
2018-06-19 18:00:00,127.88
2018-06-19 20:00:00,127.88
2018-06-20 08:00:00,127.94
2018-06-20 09:00:00,128.1
2018-06-20 10:00:00,127.91
2018-06-20 11:00:00,128.2125
2018-06-20 12:00:00,128.06
2018-06-20 13:00:00,128.015
2018-06-20 14:00:00,127.935
2018-06-20 15:00:00,127.92
2018-06-20 16:00:00,127.74
2018-06-20 18:00:00,127.95
2018-06-20 20:00:00,127.95
2018-06-21 09:00:00,128.53
2018-06-21 10:00:00,128.7
2018-06-21 11:00:00,128.5676
2018-06-21 12:00:00,128.5484
2018-06-21 13:00:00,128.6
2018-06-21 14:00:00,128.65
2018-06-21 15:00:00,128.55
2018-06-21 16:00:00,128.53
2018-06-21 18:00:00,128.53
2018-06-21 20:00:00,128.53
2018-06-22 09:00:00,128.79
2018-06-22 10:00:00,128.7918
2018-06-22 11:00:00,128.79
2018-06-22 12:00:00,128.75
2018-06-22 13:00:00,128.72
2018-06-22 14:00:00,128.71
2018-06-22 15:00:00,128.7101
2018-06-22 16:00:00,128.7052
2018-06-22 18:00:00,128.7052
2018-06-22 20:00:00,128.7052
2018-06-25 09:00:00,128.83
2018-06-25 10:00:00,128.66
2018-06-25 11:00:00,128.7801
2018-06-25 12:00:00,128.73
2018-06-25 13:00:00,128.7901
2018-06-25 14:00:00,128.8601
2018-06-25 15:00:00,128.84
2018-06-25 16:00:00,128.87
2018-06-25 18:00:00,128.84
2018-06-25 20:00:00,128.84
2018-06-26 09:00:00,128.53
2018-06-26 10:00:00,128.52
2018-06-26 11:00:00,128.42
2018-06-26 12:00:00,128.431
2018-06-26 13:00:00,128.078
2018-06-26 14:00:00,128.42
2018-06-26 15:00:00,128.29
2018-06-26 16:00:00,128.29
2018-06-26 18:00:00,128.29
2018-06-26 20:00:00,128.29
2018-06-27 08:00:00,127.76
2018-06-27 09:00:00,127.71
2018-06-27 10:00:00,127.61
2018-06-27 11:00:00,127.4839
2018-06-27 12:00:00,127.49
2018-06-27 13:00:00,127.46
2018-06-27 14:00:00,127.4
2018-06-27 15:00:00,127.24
2018-06-27 16:00:00,127.29
2018-06-27 18:00:00,127.24
2018-06-27 20:00:00,127.24
2018-06-28 08:00:00,126.78
2018-06-28 09:00:00,127.0
2018-06-28 10:00:00,127.0699
2018-06-28 11:00:00,127.07
2018-06-28 12:00:00,127.01
2018-06-28 13:00:00,127.02
2018-06-28 14:00:00,126.8283
2018-06-28 15:00:00,126.88
2018-06-28 16:00:00,126.88
2018-06-28 18:00:00,126.88
2018-06-28 20:00:00,126.88
2018-06-29 09:00:00,127.6576
2018-06-29 10:00:00,128.125
2018-06-29 11:00:00,128.11
2018-06-29 12:00:00,128.055
2018-06-29 13:00:00,127.9778
2018-06-29 14:00:00,128.002
2018-06-29 15:00:00,128.08
2018-06-29 16:00:00,128.0765
2018-06-29 18:00:00,128.0765
2018-06-29 20:00:00,128.0765
2018-07-02 07:00:00,127.62
2018-07-02 08:00:00,127.44
2018-07-02 09:00:00,127.23
2018-07-02 10:00:00,127.56
2018-07-02 11:00:00,127.46
2018-07-02 12:00:00,127.39
2018-07-02 13:00:00,127.35
2018-07-02 14:00:00,127.35
2018-07-02 15:00:00,127.4
2018-07-02 16:00:00,127.52
2018-07-02 18:00:00,127.4
2018-07-02 20:00:00,127.4
2018-07-03 09:00:00,127.83
2018-07-03 10:00:00,127.86
2018-07-03 11:00:00,127.9
2018-07-03 12:00:00,127.75
2018-07-03 13:00:00,127.7431
2018-07-03 15:00:00,127.7431
2018-07-03 16:00:00,127.7431
2018-07-05 08:00:00,128.8
2018-07-05 09:00:00,128.3
2018-07-05 10:00:00,128.3873
2018-07-05 11:00:00,128.35
2018-07-05 12:00:00,128.28
2018-07-05 13:00:00,128.25
2018-07-05 14:00:00,128.19
2018-07-05 15:00:00,128.31
2018-07-05 16:00:00,128.3
2018-07-05 18:00:00,128.3
2018-07-05 20:00:00,128.3
2018-07-06 09:00:00,128.705
2018-07-06 10:00:00,128.83
2018-07-06 11:00:00,128.7
2018-07-06 12:00:00,128.75
2018-07-06 13:00:00,128.79
2018-07-06 14:00:00,128.72
2018-07-06 15:00:00,128.77
2018-07-06 16:00:00,128.7685
2018-07-06 18:00:00,128.7685
2018-07-06 20:00:00,128.7685
2018-07-09 04:00:00,129.46
2018-07-09 07:00:00,129.29
2018-07-09 08:00:00,129.5
2018-07-09 09:00:00,129.06
2018-07-09 10:00:00,128.67
2018-07-09 11:00:00,128.09
2018-07-09 12:00:00,128.262
2018-07-09 13:00:00,128.62
2018-07-09 14:00:00,128.6
2018-07-09 15:00:00,128.57
2018-07-09 16:00:00,128.59
2018-07-09 18:00:00,128.59
2018-07-09 20:00:00,128.59
2018-07-10 09:00:00,128.76
2018-07-10 10:00:00,128.73
2018-07-10 11:00:00,128.76
2018-07-10 12:00:00,128.61
2018-07-10 13:00:00,128.7803
2018-07-10 14:00:00,128.74
2018-07-10 15:00:00,128.77
2018-07-10 16:00:00,128.7989
2018-07-10 18:00:00,128.7989
2018-07-10 20:00:00,128.7989
2018-07-11 09:00:00,128.74
2018-07-11 10:00:00,128.64
2018-07-11 11:00:00,128.47
2018-07-11 12:00:00,128.2352
2018-07-11 13:00:00,128.18
2018-07-11 14:00:00,128.21
2018-07-11 15:00:00,128.13
2018-07-11 16:00:00,128.14
2018-07-11 18:00:00,128.0965
2018-07-11 20:00:00,128.0965
2018-07-12 09:00:00,128.35
2018-07-12 10:00:00,128.3
2018-07-12 11:00:00,128.35
2018-07-12 12:00:00,128.325
2018-07-12 13:00:00,128.23
2018-07-12 14:00:00,128.19
2018-07-12 15:00:00,128.21
2018-07-12 16:00:00,128.21
2018-07-12 18:00:00,128.21
2018-07-12 20:00:00,128.21
2018-07-13 07:00:00,127.44
2018-07-13 09:00:00,127.86
2018-07-13 10:00:00,128.11
2018-07-13 11:00:00,128.1001
2018-07-13 12:00:00,128.22
2018-07-13 13:00:00,128.33
2018-07-13 14:00:00,128.34
2018-07-13 15:00:00,128.42
2018-07-13 16:00:00,128.42
2018-07-13 18:00:00,128.42
2018-07-13 20:00:00,128.42
2018-07-16 09:00:00,128.68
2018-07-16 10:00:00,128.4822
2018-07-16 11:00:00,128.37
2018-07-16 12:00:00,128.3501
2018-07-16 13:00:00,128.38
2018-07-16 14:00:00,128.4
2018-07-16 15:00:00,128.41
2018-07-16 16:00:00,128.41
2018-07-16 18:00:00,128.41
2018-07-16 20:00:00,128.41
2018-07-17 09:00:00,127.69
2018-07-17 10:00:00,127.738
2018-07-17 11:00:00,127.7207
2018-07-17 12:00:00,127.4401
2018-07-17 13:00:00,127.5399
2018-07-17 14:00:00,127.2801
2018-07-17 15:00:00,127.27
2018-07-17 16:00:00,127.27
2018-07-17 18:00:00,127.27
2018-07-17 20:00:00,127.27
2018-07-18 07:00:00,126.36
2018-07-18 09:00:00,126.63
2018-07-18 10:00:00,126.62
2018-07-18 11:00:00,126.61
2018-07-18 12:00:00,126.7701
2018-07-18 13:00:00,126.7134
2018-07-18 14:00:00,126.69
2018-07-18 15:00:00,126.91
2018-07-18 16:00:00,126.91
2018-07-18 18:00:00,126.91
2018-07-18 20:00:00,126.91
2018-07-19 04:00:00,126.35
2018-07-19 06:00:00,126.07
2018-07-19 07:00:00,126.0
2018-07-19 08:00:00,125.84
2018-07-19 09:00:00,125.97
2018-07-19 10:00:00,126.1648
2018-07-19 11:00:00,125.9675
2018-07-19 12:00:00,126.0082
2018-07-19 13:00:00,126.33
2018-07-19 14:00:00,126.3375
2018-07-19 15:00:00,126.17
2018-07-19 16:00:00,126.17
2018-07-19 18:00:00,126.17
2018-07-19 20:00:00,126.17
2018-07-20 08:00:00,126.6
2018-07-20 09:00:00,127.0601
2018-07-20 10:00:00,127.12
2018-07-20 11:00:00,127.21
2018-07-20 12:00:00,127.26
2018-07-20 13:00:00,127.35
2018-07-20 14:00:00,127.45
2018-07-20 15:00:00,127.43
2018-07-20 16:00:00,127.4407
2018-07-20 18:00:00,127.4407
2018-07-20 20:00:00,127.4407
2018-07-23 08:00:00,127.39
2018-07-23 09:00:00,127.299
2018-07-23 10:00:00,127.24
2018-07-23 11:00:00,127.2399
2018-07-23 12:00:00,127.151
2018-07-23 13:00:00,127.19
2018-07-23 14:00:00,127.135
2018-07-23 15:00:00,127.13
2018-07-23 16:00:00,127.13
2018-07-23 18:00:00,127.13
2018-07-23 20:00:00,127.13
2018-07-24 09:00:00,127.57
2018-07-24 10:00:00,127.65
2018-07-24 11:00:00,127.45
2018-07-24 12:00:00,127.4732
2018-07-24 13:00:00,127.4526
2018-07-24 14:00:00,127.4631
2018-07-24 15:00:00,127.57
2018-07-24 16:00:00,127.57
2018-07-24 18:00:00,127.57
2018-07-24 20:00:00,127.57
2018-07-25 05:00:00,127.68
2018-07-25 09:00:00,127.57
2018-07-25 10:00:00,127.58
2018-07-25 11:00:00,127.6001
2018-07-25 12:00:00,127.57
2018-07-25 13:00:00,127.77
2018-07-25 14:00:00,127.83
2018-07-25 15:00:00,128.01
2018-07-25 16:00:00,128.02
2018-07-25 18:00:00,128.02
2018-07-25 20:00:00,128.02
2018-07-26 07:00:00,128.01
2018-07-26 08:00:00,127.7
2018-07-26 09:00:00,127.5569
2018-07-26 10:00:00,127.57
2018-07-26 11:00:00,127.311
2018-07-26 12:00:00,127.4014
2018-07-26 13:00:00,127.369
2018-07-26 14:00:00,127.2
2018-07-26 15:00:00,127.16
2018-07-26 16:00:00,127.15
2018-07-26 18:00:00,127.15
2018-07-26 20:00:00,127.15
2018-07-27 09:00:00,127.2599
2018-07-27 10:00:00,127.34
2018-07-27 11:00:00,127.26
2018-07-27 12:00:00,127.185
2018-07-27 13:00:00,127.18
2018-07-27 14:00:00,127.24
2018-07-27 15:00:00,127.21
2018-07-27 16:00:00,127.18
2018-07-27 18:00:00,127.18
2018-07-27 20:00:00,127.18
2018-07-30 05:00:00,127.33
2018-07-30 09:00:00,127.45
2018-07-30 10:00:00,127.55
2018-07-30 11:00:00,127.5599
2018-07-30 12:00:00,127.44
2018-07-30 13:00:00,127.5299
2018-07-30 14:00:00,127.5068
2018-07-30 15:00:00,127.43
2018-07-30 16:00:00,127.3942
2018-07-30 18:00:00,127.3942
2018-07-30 20:00:00,127.3942
2018-07-31 05:00:00,127.71
2018-07-31 07:00:00,127.75
2018-07-31 09:00:00,127.3
2018-07-31 10:00:00,127.279
2018-07-31 11:00:00,127.28
2018-07-31 12:00:00,127.3831
2018-07-31 13:00:00,127.34
2018-07-31 14:00:00,127.38
2018-07-31 15:00:00,127.33
2018-07-31 16:00:00,127.3304
2018-07-31 18:00:00,127.3304
2018-07-31 20:00:00,127.3304
2018-08-01 09:00:00,127.3282
2018-08-01 10:00:00,127.292
2018-08-01 11:00:00,127.27
2018-08-01 12:00:00,127.28
2018-08-01 13:00:00,127.3
2018-08-01 14:00:00,127.36
2018-08-01 15:00:00,127.33
2018-08-01 16:00:00,127.331
2018-08-01 18:00:00,127.331
2018-08-01 20:00:00,127.331
2018-08-02 07:00:00,126.44
2018-08-02 08:00:00,126.57
2018-08-02 09:00:00,126.71
2018-08-02 10:00:00,126.42
2018-08-02 11:00:00,126.4774
2018-08-02 12:00:00,126.43
2018-08-02 13:00:00,126.41
2018-08-02 14:00:00,126.36
2018-08-02 15:00:00,126.28
2018-08-02 16:00:00,126.2954
2018-08-02 18:00:00,126.2954
2018-08-02 20:00:00,126.2954
2018-08-03 09:00:00,126.12
2018-08-03 10:00:00,126.2901
2018-08-03 11:00:00,126.3001
2018-08-03 12:00:00,126.2601
2018-08-03 13:00:00,126.24
2018-08-03 14:00:00,126.1801
2018-08-03 15:00:00,126.17
2018-08-03 16:00:00,126.17
2018-08-03 18:00:00,126.17
2018-08-03 20:00:00,126.17
2018-08-06 06:00:00,125.5
2018-08-06 08:00:00,125.48
2018-08-06 09:00:00,125.42
2018-08-06 10:00:00,125.5599
2018-08-06 11:00:00,125.5984
2018-08-06 12:00:00,125.56
2018-08-06 13:00:00,125.5431
2018-08-06 14:00:00,125.6
2018-08-06 15:00:00,125.58
2018-08-06 16:00:00,125.55
2018-08-06 18:00:00,125.55
2018-08-06 20:00:00,125.55
2018-08-07 09:00:00,125.61
2018-08-07 10:00:00,125.68
2018-08-07 11:00:00,125.73
2018-08-07 12:00:00,125.64
2018-08-07 13:00:00,125.54
2018-08-07 14:00:00,125.51
2018-08-07 15:00:00,125.56
2018-08-07 16:00:00,125.56
2018-08-07 18:00:00,125.56
2018-08-07 20:00:00,125.56
2018-08-08 08:00:00,124.88
2018-08-08 09:00:00,124.89
2018-08-08 10:00:00,124.95
2018-08-08 11:00:00,124.989
2018-08-08 12:00:00,124.94
2018-08-08 13:00:00,125.0576
2018-08-08 14:00:00,125.0367
2018-08-08 15:00:00,125.0
2018-08-08 16:00:00,125.03
2018-08-08 18:00:00,125.03
2018-08-08 20:00:00,125.03
2018-08-09 04:00:00,124.9
2018-08-09 09:00:00,124.97
2018-08-09 10:00:00,124.86
2018-08-09 11:00:00,124.8068
2018-08-09 12:00:00,124.67
2018-08-09 13:00:00,124.678
2018-08-09 14:00:00,124.6731
2018-08-09 15:00:00,124.45
2018-08-09 16:00:00,124.46
2018-08-09 18:00:00,124.46
2018-08-09 20:00:00,124.46
2018-08-10 07:00:00,123.88
2018-08-10 08:00:00,123.85
2018-08-10 09:00:00,123.57
2018-08-10 10:00:00,123.974
2018-08-10 11:00:00,123.86
2018-08-10 12:00:00,123.6524
2018-08-10 13:00:00,123.6326
2018-08-10 14:00:00,123.84
2018-08-10 15:00:00,123.85
2018-08-10 16:00:00,123.8556
2018-08-10 18:00:00,123.8556
2018-08-10 20:00:00,123.8556
2018-08-13 09:00:00,124.05
2018-08-13 10:00:00,123.98
2018-08-13 11:00:00,123.75
2018-08-13 12:00:00,123.65
2018-08-13 13:00:00,123.77
2018-08-13 14:00:00,123.74
2018-08-13 15:00:00,123.77
2018-08-13 16:00:00,123.7207
2018-08-13 18:00:00,123.7207
2018-08-13 19:00:00,124.72
2018-08-13 20:00:00,123.7207
2018-08-14 09:00:00,123.92
2018-08-14 10:00:00,123.7
2018-08-14 11:00:00,123.55
2018-08-14 12:00:00,123.3423
2018-08-14 13:00:00,123.41
2018-08-14 14:00:00,123.34
2018-08-14 15:00:00,123.36
2018-08-14 16:00:00,123.3211
2018-08-14 18:00:00,123.3211
2018-08-14 20:00:00,123.3211
2018-08-15 09:00:00,122.91
2018-08-15 10:00:00,122.8758
2018-08-15 11:00:00,123.06
2018-08-15 12:00:00,123.2148
2018-08-15 13:00:00,123.09
2018-08-15 14:00:00,123.14
2018-08-15 15:00:00,123.16
2018-08-15 16:00:00,123.1785
2018-08-15 18:00:00,123.1785
2018-08-15 20:00:00,123.1785
2018-08-16 09:00:00,123.64
2018-08-16 10:00:00,123.45
2018-08-16 11:00:00,123.38
2018-08-16 12:00:00,123.23
2018-08-16 13:00:00,123.22
2018-08-16 14:00:00,123.34
2018-08-16 15:00:00,123.37
2018-08-16 16:00:00,123.37
2018-08-16 18:00:00,123.37
2018-08-16 20:00:00,123.37
2018-08-17 09:00:00,123.4874
2018-08-17 10:00:00,123.6099
2018-08-17 11:00:00,123.555
2018-08-17 12:00:00,123.48
2018-08-17 14:00:00,123.68
2018-08-17 15:00:00,123.69
2018-08-17 16:00:00,123.69
2018-08-17 18:00:00,123.69
2018-08-17 20:00:00,123.69
2018-08-20 09:00:00,123.9
2018-08-20 10:00:00,123.7943
2018-08-20 11:00:00,123.83
2018-08-20 12:00:00,124.0516
2018-08-20 13:00:00,124.03
2018-08-20 14:00:00,124.05
2018-08-20 15:00:00,124.07
2018-08-20 16:00:00,124.07
2018-08-20 18:00:00,124.07
2018-08-20 20:00:00,124.07
2018-08-21 09:00:00,124.62
2018-08-21 10:00:00,124.811
2018-08-21 11:00:00,124.65
2018-08-21 12:00:00,124.9211
2018-08-21 13:00:00,125.17
2018-08-21 14:00:00,125.2181
2018-08-21 15:00:00,125.2
2018-08-21 16:00:00,125.2
2018-08-21 18:00:00,125.2
2018-08-21 20:00:00,125.2
2018-08-22 09:00:00,125.37
2018-08-22 10:00:00,125.25
2018-08-22 11:00:00,125.243
2018-08-22 12:00:00,125.22
2018-08-22 13:00:00,125.22
2018-08-22 14:00:00,125.26
2018-08-22 15:00:00,125.38
2018-08-22 16:00:00,125.38
2018-08-22 18:00:00,125.38
2018-08-22 20:00:00,125.38
2018-08-23 09:00:00,124.7725
2018-08-23 10:00:00,124.53
2018-08-23 11:00:00,124.4912
2018-08-23 12:00:00,124.319
2018-08-23 13:00:00,124.3367
2018-08-23 14:00:00,124.32
2018-08-23 15:00:00,124.34
2018-08-23 16:00:00,124.32
2018-08-23 18:00:00,124.32
2018-08-23 20:00:00,124.32
2018-08-24 09:00:00,124.67
2018-08-24 10:00:00,124.76
2018-08-24 11:00:00,124.71
2018-08-24 12:00:00,124.71
2018-08-24 13:00:00,124.64
2018-08-24 14:00:00,124.62
2018-08-24 15:00:00,124.65
2018-08-24 16:00:00,124.65
2018-08-24 18:00:00,124.65
2018-08-24 20:00:00,124.65
2018-08-27 09:00:00,124.95
2018-08-27 10:00:00,125.0318
2018-08-27 11:00:00,125.05
2018-08-27 12:00:00,125.0801
2018-08-27 13:00:00,125.03
2018-08-27 14:00:00,125.07
2018-08-27 15:00:00,125.08
2018-08-27 16:00:00,125.08
2018-08-27 18:00:00,125.08
2018-08-27 20:00:00,125.08
2018-08-28 08:00:00,125.35
2018-08-28 09:00:00,125.3301
2018-08-28 10:00:00,124.88
2018-08-28 11:00:00,125.0038
2018-08-28 12:00:00,125.0
2018-08-28 13:00:00,125.02
2018-08-28 14:00:00,124.8219
2018-08-28 15:00:00,124.84
2018-08-28 16:00:00,124.84
2018-08-28 18:00:00,124.84
2018-08-28 20:00:00,124.84
2018-08-29 09:00:00,125.68
2018-08-29 10:00:00,126.14
2018-08-29 11:00:00,126.21
2018-08-29 12:00:00,126.1349
2018-08-29 13:00:00,126.1821
2018-08-29 14:00:00,126.319
2018-08-29 15:00:00,126.38
2018-08-29 16:00:00,126.41
2018-08-29 18:00:00,126.39
2018-08-29 20:00:00,126.39
2018-08-30 09:00:00,126.19
2018-08-30 10:00:00,126.1501
2018-08-30 11:00:00,126.08
2018-08-30 12:00:00,126.1701
2018-08-30 13:00:00,126.205
2018-08-30 14:00:00,126.2401
2018-08-30 15:00:00,126.27
2018-08-30 16:00:00,126.3
2018-08-30 18:00:00,126.3
2018-08-30 20:00:00,126.3
2018-08-31 09:00:00,125.79
2018-08-31 10:00:00,125.9697
2018-08-31 11:00:00,125.75
2018-08-31 12:00:00,125.658
2018-08-31 13:00:00,125.7508
2018-08-31 14:00:00,125.7082
2018-08-31 15:00:00,125.7201
2018-08-31 16:00:00,125.7409
2018-08-31 18:00:00,125.7409
2018-08-31 20:00:00,125.7409
2018-09-04 09:00:00,124.522
2018-09-04 10:00:00,124.52
2018-09-04 11:00:00,124.4594
2018-09-04 12:00:00,124.55
2018-09-04 13:00:00,124.7303
2018-09-04 14:00:00,124.72
2018-09-04 15:00:00,124.72
2018-09-04 16:00:00,124.73
2018-09-04 18:00:00,124.73
2018-09-04 20:00:00,124.73
2018-09-05 09:00:00,125.77
2018-09-05 10:00:00,125.7
2018-09-05 11:00:00,125.1
2018-09-05 12:00:00,125.2
2018-09-05 13:00:00,125.12
2018-09-05 14:00:00,125.1077
2018-09-05 15:00:00,125.23
2018-09-05 16:00:00,125.23
2018-09-05 18:00:00,125.23
2018-09-05 20:00:00,125.23
2018-09-06 09:00:00,125.61
2018-09-06 10:00:00,125.49
2018-09-06 11:00:00,125.43
2018-09-06 12:00:00,125.481
2018-09-06 13:00:00,125.41
2018-09-06 14:00:00,125.55
2018-09-06 15:00:00,125.4
2018-09-06 16:00:00,125.45
2018-09-06 18:00:00,125.4098
2018-09-06 20:00:00,125.4098
2018-09-07 09:00:00,125.67
2018-09-07 10:00:00,125.6399
2018-09-07 11:00:00,125.495
2018-09-07 12:00:00,125.38
2018-09-07 13:00:00,125.29
2018-09-07 14:00:00,125.3148
2018-09-07 15:00:00,125.345
2018-09-07 16:00:00,125.3409
2018-09-07 18:00:00,125.3409
2018-09-07 20:00:00,125.3409
2018-09-10 08:00:00,126.33
2018-09-10 09:00:00,126.2547
2018-09-10 10:00:00,126.31
2018-09-10 11:00:00,126.3901
2018-09-10 12:00:00,126.4
2018-09-10 13:00:00,126.44
2018-09-10 14:00:00,126.41
2018-09-10 15:00:00,126.41
2018-09-10 16:00:00,126.4
2018-09-10 18:00:00,126.4
2018-09-10 20:00:00,126.4
2018-09-11 09:00:00,126.0001
2018-09-11 10:00:00,126.1
2018-09-11 11:00:00,126.18
2018-09-11 12:00:00,126.1999
2018-09-11 13:00:00,126.265
2018-09-11 14:00:00,126.185
2018-09-11 15:00:00,126.27
2018-09-11 16:00:00,126.27
2018-09-11 18:00:00,126.27
2018-09-11 20:00:00,126.27
2018-09-12 09:00:00,126.17
2018-09-12 10:00:00,126.2849
2018-09-12 11:00:00,126.39
2018-09-12 12:00:00,126.72
2018-09-12 13:00:00,126.79
2018-09-12 14:00:00,126.6599
2018-09-12 15:00:00,126.6
2018-09-12 16:00:00,126.5949
2018-09-12 18:00:00,126.5949
2018-09-12 20:00:00,126.5949
2018-09-13 08:00:00,127.0
2018-09-13 09:00:00,127.24
2018-09-13 10:00:00,127.01
2018-09-13 11:00:00,127.12
2018-09-13 12:00:00,127.145
2018-09-13 13:00:00,127.21
2018-09-13 14:00:00,127.2
2018-09-13 15:00:00,127.14
2018-09-13 16:00:00,127.17
2018-09-13 18:00:00,127.17
2018-09-13 20:00:00,127.17
2018-09-14 08:00:00,127.44
2018-09-14 09:00:00,126.9614
2018-09-14 10:00:00,126.8701
2018-09-14 11:00:00,126.92
2018-09-14 12:00:00,126.82
2018-09-14 13:00:00,126.85
2018-09-14 14:00:00,126.77
2018-09-14 15:00:00,126.72
2018-09-14 16:00:00,126.706
2018-09-14 18:00:00,126.706
2018-09-14 20:00:00,126.706
2018-09-17 08:00:00,127.48
2018-09-17 09:00:00,127.6
2018-09-17 10:00:00,127.6
2018-09-17 11:00:00,127.53
2018-09-17 12:00:00,127.59
2018-09-17 13:00:00,127.66
2018-09-17 14:00:00,127.69
2018-09-17 15:00:00,127.7
2018-09-17 16:00:00,127.69
2018-09-17 18:00:00,127.69
2018-09-17 20:00:00,127.69
2018-09-18 09:00:00,127.692
2018-09-18 10:00:00,127.55
2018-09-18 11:00:00,127.525
2018-09-18 12:00:00,127.41
2018-09-18 13:00:00,127.465
2018-09-18 14:00:00,127.5
2018-09-18 15:00:00,127.52
2018-09-18 16:00:00,127.52
2018-09-18 18:00:00,127.52
2018-09-18 20:00:00,127.52
2018-09-19 09:00:00,127.3303
2018-09-19 10:00:00,127.6
2018-09-19 11:00:00,127.64
2018-09-19 12:00:00,127.6899
2018-09-19 13:00:00,127.51
2018-09-19 14:00:00,127.5399
2018-09-19 15:00:00,127.54
2018-09-19 16:00:00,127.5247
2018-09-19 18:00:00,127.5247
2018-09-19 20:00:00,127.5247
2018-09-20 07:00:00,128.82
2018-09-20 08:00:00,128.96
2018-09-20 09:00:00,128.73
2018-09-20 10:00:00,128.55
2018-09-20 11:00:00,128.41
2018-09-20 12:00:00,128.4999
2018-09-20 13:00:00,128.59
2018-09-20 14:00:00,128.6999
2018-09-20 15:00:00,128.72
2018-09-20 16:00:00,128.72
2018-09-20 18:00:00,128.72
2018-09-20 20:00:00,128.72
2018-09-21 08:00:00,127.43
2018-09-21 09:00:00,126.82
2018-09-21 10:00:00,127.06
2018-09-21 11:00:00,126.7518
2018-09-21 12:00:00,127.02
2018-09-21 13:00:00,126.8399
2018-09-21 14:00:00,126.87
2018-09-21 15:00:00,126.88
2018-09-21 16:00:00,126.9
2018-09-21 18:00:00,126.88
2018-09-21 20:00:00,126.88
2018-09-24 04:00:00,127.2
2018-09-24 07:00:00,127.59
2018-09-24 08:00:00,127.65
2018-09-24 09:00:00,127.512
2018-09-24 10:00:00,127.47
2018-09-24 11:00:00,127.3694
2018-09-24 12:00:00,127.32
2018-09-24 13:00:00,127.2709
2018-09-24 14:00:00,127.26
2018-09-24 15:00:00,127.22
2018-09-24 16:00:00,127.19
2018-09-24 18:00:00,127.19
2018-09-24 20:00:00,127.19
2018-09-25 09:00:00,127.58
2018-09-25 10:00:00,127.6576
2018-09-25 11:00:00,127.66
2018-09-25 12:00:00,127.7311
2018-09-25 13:00:00,127.68
2018-09-25 14:00:00,127.92
2018-09-25 15:00:00,127.87
2018-09-25 16:00:00,127.87
2018-09-25 18:00:00,127.87
2018-09-25 20:00:00,127.87
2018-09-26 09:00:00,127.62
2018-09-26 10:00:00,127.96
2018-09-26 11:00:00,127.8485
2018-09-26 12:00:00,127.8499
2018-09-26 13:00:00,127.5329
2018-09-26 14:00:00,127.8899
2018-09-26 15:00:00,127.74
2018-09-26 16:00:00,127.7
2018-09-26 18:00:00,127.7
2018-09-26 20:00:00,127.7
2018-09-27 09:00:00,127.3111
2018-09-27 10:00:00,127.23
2018-09-27 11:00:00,127.11
2018-09-27 12:00:00,127.0973
2018-09-27 13:00:00,127.036
2018-09-27 14:00:00,126.9425
2018-09-27 15:00:00,126.88
2018-09-27 16:00:00,126.8904
2018-09-27 18:00:00,126.8904
2018-09-27 20:00:00,126.8904
2018-09-28 09:00:00,126.2008
2018-09-28 10:00:00,126.5101
2018-09-28 11:00:00,126.64
2018-09-28 12:00:00,126.52
2018-09-28 13:00:00,126.525
2018-09-28 14:00:00,126.53
2018-09-28 15:00:00,126.38
2018-09-28 16:00:00,126.4201
2018-09-28 18:00:00,126.4201
2018-09-28 20:00:00,126.4201
2018-10-01 08:00:00,126.91
2018-10-01 09:00:00,126.85
2018-10-01 10:00:00,126.5902
2018-10-01 11:00:00,126.429
2018-10-01 12:00:00,126.48
2018-10-01 13:00:00,126.49
2018-10-01 14:00:00,126.49
2018-10-01 15:00:00,126.5
2018-10-01 16:00:00,126.4996
2018-10-01 18:00:00,126.4996
2018-10-01 20:00:00,126.4996
2018-10-02 09:00:00,125.81
2018-10-02 10:00:00,125.9883
2018-10-02 11:00:00,125.96
2018-10-02 12:00:00,125.9472
2018-10-02 13:00:00,125.9
2018-10-02 14:00:00,125.92
2018-10-02 15:00:00,125.95
2018-10-02 16:00:00,125.95
2018-10-02 18:00:00,125.95
2018-10-02 20:00:00,125.95
2018-10-03 09:00:00,126.1445
2018-10-03 10:00:00,126.145
2018-10-03 11:00:00,126.041
2018-10-03 12:00:00,126.05
2018-10-03 13:00:00,125.9962
2018-10-03 14:00:00,125.8631
2018-10-03 15:00:00,125.89
2018-10-03 16:00:00,125.51
2018-10-03 18:00:00,125.9
2018-10-03 20:00:00,125.9
2018-10-04 07:00:00,126.15
2018-10-04 09:00:00,126.2699
2018-10-04 10:00:00,126.395
2018-10-04 11:00:00,126.2772
2018-10-04 12:00:00,126.2101
2018-10-04 13:00:00,126.28
2018-10-04 14:00:00,126.36
2018-10-04 15:00:00,126.33
2018-10-04 16:00:00,126.34
2018-10-04 18:00:00,126.34
2018-10-04 20:00:00,126.34
2018-10-05 09:00:00,126.99
2018-10-05 10:00:00,126.79
2018-10-05 11:00:00,127.02
2018-10-05 12:00:00,127.01
2018-10-05 13:00:00,127.1471
2018-10-05 14:00:00,127.17
2018-10-05 15:00:00,127.25
2018-10-05 16:00:00,127.22
2018-10-05 18:00:00,127.22
2018-10-05 20:00:00,127.22
2018-10-08 09:00:00,126.66
2018-10-08 10:00:00,126.7101
2018-10-08 11:00:00,126.6802
2018-10-08 12:00:00,126.8046
2018-10-08 13:00:00,126.9192
2018-10-08 15:00:00,127.03
2018-10-08 16:00:00,127.0304
2018-10-08 18:00:00,127.0304
2018-10-08 20:00:00,127.0304
2018-10-09 09:00:00,126.61
2018-10-09 10:00:00,127.0
2018-10-09 11:00:00,127.46
2018-10-09 12:00:00,127.36
2018-10-09 13:00:00,127.51
2018-10-09 15:00:00,127.52
2018-10-09 16:00:00,127.5268
2018-10-09 18:00:00,127.5268
2018-10-09 20:00:00,127.5268
2018-10-10 08:00:00,127.72
2018-10-10 09:00:00,127.92
2018-10-10 10:00:00,128.04
2018-10-10 11:00:00,128.11
2018-10-10 12:00:00,128.15
2018-10-10 13:00:00,128.0973
2018-10-10 14:00:00,128.03
2018-10-10 15:00:00,127.94
2018-10-10 16:00:00,127.9186
2018-10-10 18:00:00,127.9186
2018-10-10 20:00:00,127.9186
2018-10-11 08:00:00,128.3799
2018-10-11 09:00:00,128.24
2018-10-11 10:00:00,128.282
2018-10-11 11:00:00,127.9717
2018-10-11 12:00:00,128.0203
2018-10-11 13:00:00,128.08
2018-10-11 14:00:00,128.35
2018-10-11 15:00:00,128.33
2018-10-11 16:00:00,128.3335
2018-10-11 18:00:00,128.3335
2018-10-11 20:00:00,128.3335
2018-10-12 07:00:00,128.3
2018-10-12 09:00:00,127.84
2018-10-12 10:00:00,127.65
2018-10-12 11:00:00,127.66
2018-10-12 12:00:00,127.62
2018-10-12 13:00:00,127.59
2018-10-12 14:00:00,127.69
2018-10-12 15:00:00,127.59
2018-10-12 16:00:00,127.6002
2018-10-12 18:00:00,127.6002
2018-10-12 20:00:00,127.6002
2018-10-15 09:00:00,127.49
2018-10-15 10:00:00,127.502
2018-10-15 11:00:00,127.73
2018-10-15 12:00:00,127.69
2018-10-15 13:00:00,127.57
2018-10-15 14:00:00,127.6
2018-10-15 15:00:00,127.6
2018-10-15 16:00:00,127.5558
2018-10-15 18:00:00,127.5558
2018-10-15 20:00:00,127.5558
2018-10-16 09:00:00,128.195
2018-10-16 10:00:00,128.24
2018-10-16 11:00:00,128.15
2018-10-16 12:00:00,127.96
2018-10-16 13:00:00,127.92
2018-10-16 14:00:00,127.96
2018-10-16 15:00:00,127.96
2018-10-16 16:00:00,127.96
2018-10-16 18:00:00,127.96
2018-10-16 20:00:00,127.96
2018-10-17 09:00:00,127.42
2018-10-17 10:00:00,127.41
2018-10-17 11:00:00,127.5
2018-10-17 12:00:00,127.56
2018-10-17 13:00:00,127.35
2018-10-17 14:00:00,127.33
2018-10-17 15:00:00,127.31
2018-10-17 16:00:00,127.32
2018-10-17 18:00:00,127.32
2018-10-17 20:00:00,127.32
2018-10-18 09:00:00,127.02
2018-10-18 10:00:00,126.8169
2018-10-18 11:00:00,126.774
2018-10-18 12:00:00,126.63
2018-10-18 13:00:00,126.3003
2018-10-18 14:00:00,126.411
2018-10-18 15:00:00,126.3
2018-10-18 16:00:00,126.35
2018-10-18 18:00:00,126.31
2018-10-18 20:00:00,126.31
2018-10-19 09:00:00,126.64
2018-10-19 10:00:00,126.54
2018-10-19 11:00:00,126.56
2018-10-19 12:00:00,126.84
2018-10-19 13:00:00,126.76
2018-10-19 14:00:00,126.75
2018-10-19 15:00:00,126.73
2018-10-19 16:00:00,126.72
2018-10-19 18:00:00,126.72
2018-10-19 20:00:00,126.72
2018-10-22 09:00:00,125.851
2018-10-22 10:00:00,125.95
2018-10-22 11:00:00,125.87
2018-10-22 12:00:00,125.882
2018-10-22 13:00:00,125.8618
2018-10-22 14:00:00,125.84
2018-10-22 15:00:00,125.79
2018-10-22 16:00:00,125.78
2018-10-22 18:00:00,125.78
2018-10-22 20:00:00,125.78
2018-10-23 09:00:00,126.11
2018-10-23 10:00:00,125.9
2018-10-23 11:00:00,125.9568
2018-10-23 12:00:00,126.0516
2018-10-23 13:00:00,126.0802
2018-10-23 14:00:00,126.02
2018-10-23 15:00:00,125.92
2018-10-23 16:00:00,125.95
2018-10-23 18:00:00,125.95
2018-10-23 20:00:00,125.95
2018-10-24 04:00:00,125.51
2018-10-24 09:00:00,125.35
2018-10-24 10:00:00,125.2723
2018-10-24 11:00:00,125.155
2018-10-24 12:00:00,124.9849
2018-10-24 13:00:00,124.92
2018-10-24 14:00:00,124.9601
2018-10-24 15:00:00,125.01
2018-10-24 16:00:00,124.99
2018-10-24 18:00:00,124.99
2018-10-24 20:00:00,124.99
2018-10-25 09:00:00,124.6
2018-10-25 10:00:00,124.35
2018-10-25 11:00:00,124.42
2018-10-25 12:00:00,124.44
2018-10-25 13:00:00,124.35
2018-10-25 14:00:00,124.415
2018-10-25 15:00:00,124.36
2018-10-25 16:00:00,124.33
2018-10-25 18:00:00,124.33
2018-10-25 20:00:00,124.33
2018-10-26 09:00:00,124.235
2018-10-26 10:00:00,124.35
2018-10-26 11:00:00,124.43
2018-10-26 12:00:00,124.4975
2018-10-26 13:00:00,124.54
2018-10-26 14:00:00,124.47
2018-10-26 15:00:00,124.5
2018-10-26 16:00:00,124.47
2018-10-26 18:00:00,124.47
2018-10-26 20:00:00,124.47
2018-10-29 09:00:00,124.42
2018-10-29 10:00:00,124.3
2018-10-29 11:00:00,124.22
2018-10-29 12:00:00,124.14
2018-10-29 13:00:00,124.21
2018-10-29 14:00:00,124.24
2018-10-29 15:00:00,124.21
2018-10-29 16:00:00,124.21
2018-10-29 18:00:00,124.2
2018-10-29 20:00:00,124.2
2018-10-30 07:00:00,123.64
2018-10-30 09:00:00,123.8685
2018-10-30 10:00:00,123.61
2018-10-30 11:00:00,123.5371
2018-10-30 12:00:00,123.24
2018-10-30 13:00:00,123.3099
2018-10-30 14:00:00,123.25
2018-10-30 15:00:00,123.31
2018-10-30 16:00:00,123.28
2018-10-30 18:00:00,123.28
2018-10-30 20:00:00,123.28
2018-10-31 05:00:00,123.67
2018-10-31 09:00:00,123.75
2018-10-31 10:00:00,123.85
2018-10-31 11:00:00,124.17
2018-10-31 12:00:00,123.73
2018-10-31 13:00:00,123.75
2018-10-31 14:00:00,123.812
2018-10-31 15:00:00,124.01
2018-10-31 16:00:00,123.9686
2018-10-31 18:00:00,123.9686
2018-10-31 20:00:00,123.9686
2018-11-01 09:00:00,125.3
2018-11-01 10:00:00,125.61
2018-11-01 11:00:00,125.81
2018-11-01 12:00:00,126.07
2018-11-01 13:00:00,126.1174
2018-11-01 14:00:00,126.25
2018-11-01 15:00:00,126.21
2018-11-01 16:00:00,126.2203
2018-11-01 18:00:00,126.2203
2018-11-01 20:00:00,126.2203
2018-11-02 08:00:00,126.22
2018-11-02 09:00:00,126.0199
2018-11-02 10:00:00,125.9396
2018-11-02 11:00:00,125.94
2018-11-02 12:00:00,125.7825
2018-11-02 13:00:00,125.6855
2018-11-02 14:00:00,125.73
2018-11-02 15:00:00,125.81
2018-11-02 16:00:00,125.79
2018-11-02 18:00:00,125.79
2018-11-02 20:00:00,125.79
2018-11-05 09:00:00,126.44
2018-11-05 10:00:00,126.27
2018-11-05 11:00:00,126.3
2018-11-05 12:00:00,126.27
2018-11-05 13:00:00,126.55
2018-11-05 14:00:00,126.6
2018-11-05 15:00:00,126.51
2018-11-05 16:00:00,126.44
2018-11-05 18:00:00,126.44
2018-11-05 20:00:00,126.44
2018-11-06 08:00:00,127.0
2018-11-06 09:00:00,126.7799
2018-11-06 10:00:00,126.8627
2018-11-06 11:00:00,126.95
2018-11-06 12:00:00,126.915
2018-11-06 13:00:00,127.0418
2018-11-06 14:00:00,126.995
2018-11-06 15:00:00,127.07
2018-11-06 16:00:00,127.07
2018-11-06 18:00:00,127.07
2018-11-06 19:00:00,127.36
2018-11-06 20:00:00,127.07
2018-11-07 04:00:00,127.51
2018-11-07 09:00:00,127.52
2018-11-07 10:00:00,127.63
2018-11-07 11:00:00,127.49
2018-11-07 12:00:00,127.607
2018-11-07 13:00:00,127.46
2018-11-07 14:00:00,127.5101
2018-11-07 15:00:00,127.42
2018-11-07 16:00:00,127.4
2018-11-07 18:00:00,127.4177
2018-11-07 20:00:00,127.4177
2018-11-08 09:00:00,127.0878
2018-11-08 10:00:00,127.2945
2018-11-08 12:00:00,127.0308
2018-11-08 14:00:00,126.64
2018-11-08 15:00:00,126.69
2018-11-08 16:00:00,126.69
2018-11-08 18:00:00,126.69
2018-11-08 20:00:00,126.69
2018-11-09 09:00:00,126.45
2018-11-09 10:00:00,126.4
2018-11-09 11:00:00,126.21
2018-11-09 12:00:00,125.91
2018-11-09 13:00:00,125.8826
2018-11-09 14:00:00,125.88
2018-11-09 15:00:00,125.8
2018-11-09 16:00:00,125.83
2018-11-09 18:00:00,125.8
2018-11-09 20:00:00,125.8
2018-11-12 09:00:00,125.15
2018-11-12 10:00:00,124.79
2018-11-12 11:00:00,124.745
2018-11-12 12:00:00,124.6539
2018-11-12 13:00:00,124.6604
2018-11-12 14:00:00,124.6914
2018-11-12 15:00:00,124.7
2018-11-12 16:00:00,124.62
2018-11-12 18:00:00,124.67
2018-11-12 20:00:00,124.67
2018-11-13 09:00:00,125.58
2018-11-13 10:00:00,126.06
2018-11-13 11:00:00,126.39
2018-11-13 12:00:00,125.99
2018-11-13 13:00:00,125.63
2018-11-13 14:00:00,125.66
2018-11-13 15:00:00,125.69
2018-11-13 16:00:00,125.75
2018-11-13 18:00:00,125.7103
2018-11-13 20:00:00,125.7103
2018-11-14 08:00:00,125.62
2018-11-14 09:00:00,126.075
2018-11-14 10:00:00,126.14
2018-11-14 11:00:00,126.23
2018-11-14 12:00:00,125.62
2018-11-14 13:00:00,125.5059
2018-11-14 14:00:00,126.42
2018-11-14 15:00:00,126.26
2018-11-14 16:00:00,126.04
2018-11-14 18:00:00,126.22
2018-11-14 20:00:00,126.22
2018-11-15 07:00:00,124.0
2018-11-15 08:00:00,124.05
2018-11-15 09:00:00,124.1
2018-11-15 10:00:00,124.05
2018-11-15 11:00:00,123.71
2018-11-15 12:00:00,123.71
2018-11-15 13:00:00,123.6
2018-11-15 14:00:00,124.13
2018-11-15 15:00:00,123.97
2018-11-15 16:00:00,123.96
2018-11-15 18:00:00,123.95
2018-11-15 20:00:00,123.95
2018-11-16 09:00:00,124.8
2018-11-16 10:00:00,124.57
2018-11-16 11:00:00,124.558
2018-11-16 12:00:00,124.36
2018-11-16 13:00:00,124.3991
2018-11-16 14:00:00,124.4703
2018-11-16 15:00:00,124.441
2018-11-16 16:00:00,124.45
2018-11-16 18:00:00,124.441
2018-11-16 20:00:00,124.441
2018-11-19 09:00:00,124.47
2018-11-19 10:00:00,124.77
2018-11-19 11:00:00,124.54
2018-11-19 12:00:00,124.75
2018-11-19 13:00:00,124.79
2018-11-19 14:00:00,124.675
2018-11-19 15:00:00,124.64
2018-11-19 16:00:00,124.64
2018-11-19 18:00:00,124.64
2018-11-19 20:00:00,124.64
2018-11-20 08:00:00,124.55
2018-11-20 09:00:00,124.4989
2018-11-20 10:00:00,124.39
2018-11-20 11:00:00,124.24
2018-11-20 12:00:00,124.1
2018-11-20 13:00:00,123.971
2018-11-20 14:00:00,124.011
2018-11-20 15:00:00,124.04
2018-11-20 16:00:00,124.01
2018-11-20 18:00:00,124.0673
2018-11-20 20:00:00,124.0673
2018-11-21 08:00:00,124.15
2018-11-21 09:00:00,123.97
2018-11-21 10:00:00,123.97
2018-11-21 11:00:00,123.97
2018-11-21 12:00:00,123.95
2018-11-21 13:00:00,124.03
2018-11-21 14:00:00,123.98
2018-11-21 15:00:00,123.9
2018-11-21 16:00:00,123.91
2018-11-21 18:00:00,123.9181
2018-11-21 20:00:00,123.9181
2018-11-23 09:00:00,124.44
2018-11-23 10:00:00,124.22
2018-11-23 11:00:00,124.19
2018-11-23 12:00:00,124.25
2018-11-23 13:00:00,124.25
2018-11-23 15:00:00,124.25
2018-11-23 17:00:00,124.25
2018-11-26 09:00:00,124.59
2018-11-26 10:00:00,124.5001
2018-11-26 11:00:00,124.25
2018-11-26 12:00:00,124.33
2018-11-26 13:00:00,124.33
2018-11-26 14:00:00,124.26
2018-11-26 15:00:00,124.27
2018-11-26 16:00:00,124.25
2018-11-26 18:00:00,124.27
2018-11-26 20:00:00,124.27
2018-11-27 09:00:00,123.58
2018-11-27 10:00:00,123.57
2018-11-27 11:00:00,123.465
2018-11-27 12:00:00,123.53
2018-11-27 13:00:00,123.57
2018-11-27 14:00:00,123.51
2018-11-27 15:00:00,123.5
2018-11-27 16:00:00,123.55
2018-11-27 18:00:00,123.5
2018-11-27 20:00:00,123.5
2018-11-28 09:00:00,123.97
2018-11-28 10:00:00,123.7001
2018-11-28 11:00:00,123.69
2018-11-28 12:00:00,124.25
2018-11-28 13:00:00,124.58
2018-11-28 14:00:00,124.51
2018-11-28 15:00:00,124.42
2018-11-28 16:00:00,124.4222
2018-11-28 18:00:00,124.4222
2018-11-28 20:00:00,124.4222
2018-11-29 08:00:00,123.87
2018-11-29 09:00:00,123.95
2018-11-29 10:00:00,123.93
2018-11-29 11:00:00,124.05
2018-11-29 12:00:00,123.97
2018-11-29 13:00:00,123.82
2018-11-29 14:00:00,124.0
2018-11-29 15:00:00,123.98
2018-11-29 16:00:00,124.01
2018-11-29 18:00:00,123.97
2018-11-29 20:00:00,123.97
2018-11-30 09:00:00,123.6
2018-11-30 10:00:00,123.68
2018-11-30 11:00:00,123.88
2018-11-30 12:00:00,123.7015
2018-11-30 13:00:00,123.64
2018-11-30 14:00:00,123.61
2018-11-30 15:00:00,123.61
2018-11-30 16:00:00,123.58
2018-11-30 18:00:00,123.58
2018-11-30 20:00:00,123.58
2018-12-03 08:00:00,123.22
2018-12-03 09:00:00,123.41
2018-12-03 10:00:00,123.54
2018-12-03 11:00:00,123.57
2018-12-03 12:00:00,123.58
2018-12-03 13:00:00,123.46
2018-12-03 14:00:00,123.45
2018-12-03 15:00:00,123.45
2018-12-03 16:00:00,123.47
2018-12-03 18:00:00,123.47
2018-12-03 20:00:00,123.47
2018-12-04 09:00:00,123.69
2018-12-04 10:00:00,123.46
2018-12-04 11:00:00,123.35
2018-12-04 12:00:00,123.34
2018-12-04 13:00:00,123.48
2018-12-04 14:00:00,123.3141
2018-12-04 15:00:00,123.31
2018-12-04 16:00:00,123.3
2018-12-04 18:00:00,123.3
2018-12-04 20:00:00,123.3
2018-12-06 08:00:00,123.51
2018-12-06 09:00:00,123.99
2018-12-06 10:00:00,124.0
2018-12-06 11:00:00,123.91
2018-12-06 12:00:00,124.12
2018-12-06 13:00:00,124.03
2018-12-06 14:00:00,123.9
2018-12-06 15:00:00,124.03
2018-12-06 16:00:00,124.03
2018-12-06 18:00:00,123.95
2018-12-06 20:00:00,123.95
2018-12-07 09:00:00,123.72
2018-12-07 10:00:00,123.78
2018-12-07 11:00:00,123.64
2018-12-07 12:00:00,123.4864
2018-12-07 13:00:00,123.47
2018-12-07 14:00:00,123.7
2018-12-07 15:00:00,123.61
2018-12-07 16:00:00,123.58
2018-12-07 18:00:00,123.58
2018-12-07 20:00:00,123.58
2018-12-10 08:00:00,122.46
2018-12-10 09:00:00,122.58
2018-12-10 10:00:00,121.6
2018-12-10 11:00:00,121.8
2018-12-10 12:00:00,121.8973
2018-12-10 13:00:00,121.8485
2018-12-10 14:00:00,121.8
2018-12-10 15:00:00,121.79
2018-12-10 16:00:00,121.83
2018-12-10 18:00:00,121.83
2018-12-10 20:00:00,121.83
2018-12-11 09:00:00,122.0
2018-12-11 10:00:00,121.45
2018-12-11 11:00:00,121.4367
2018-12-11 12:00:00,121.42
2018-12-11 13:00:00,121.49
2018-12-11 14:00:00,121.54
2018-12-11 15:00:00,121.22
2018-12-11 16:00:00,121.2
2018-12-11 18:00:00,121.25
2018-12-11 20:00:00,121.25
2018-12-12 09:00:00,122.46
2018-12-12 10:00:00,122.82
2018-12-12 11:00:00,122.827
2018-12-12 12:00:00,122.695
2018-12-12 13:00:00,122.47
2018-12-12 14:00:00,122.55
2018-12-12 15:00:00,123.03
2018-12-12 16:00:00,122.31
2018-12-12 17:00:00,122.71
2018-12-12 18:00:00,123.03
2018-12-12 20:00:00,123.03
2018-12-13 08:00:00,122.82
2018-12-13 09:00:00,122.5299
2018-12-13 10:00:00,122.409
2018-12-13 11:00:00,122.46
2018-12-13 12:00:00,122.5072
2018-12-13 13:00:00,122.74
2018-12-13 14:00:00,122.8
2018-12-13 15:00:00,122.87
2018-12-13 16:00:00,122.8537
2018-12-13 18:00:00,122.8537
2018-12-13 20:00:00,122.8537
2018-12-14 09:00:00,121.728
2018-12-14 10:00:00,121.8
2018-12-14 11:00:00,121.9114
2018-12-14 12:00:00,121.95
2018-12-14 13:00:00,121.98
2018-12-14 14:00:00,122.0385
2018-12-14 15:00:00,122.03
2018-12-14 16:00:00,122.04
2018-12-14 18:00:00,122.04
2018-12-14 20:00:00,122.04
2018-12-17 09:00:00,122.29
2018-12-17 10:00:00,122.3161
2018-12-17 11:00:00,122.173
2018-12-17 12:00:00,122.45
2018-12-17 13:00:00,122.51
2018-12-17 14:00:00,122.51
2018-12-17 15:00:00,122.33
2018-12-17 16:00:00,122.3579
2018-12-17 18:00:00,122.3579
2018-12-17 20:00:00,122.3579
2018-12-18 09:00:00,122.66
2018-12-18 10:00:00,122.51
2018-12-18 11:00:00,122.6323
2018-12-18 12:00:00,122.6606
2018-12-18 13:00:00,122.5918
2018-12-18 14:00:00,122.62
2018-12-18 15:00:00,122.59
2018-12-18 16:00:00,122.59
2018-12-18 18:00:00,122.59
2018-12-18 20:00:00,122.59
2018-12-19 09:00:00,122.83
2018-12-19 10:00:00,122.63
2018-12-19 11:00:00,122.89
2018-12-19 12:00:00,122.72
2018-12-19 13:00:00,122.84
2018-12-19 14:00:00,122.4439
2018-12-19 15:00:00,122.37
2018-12-19 16:00:00,122.37
2018-12-19 18:00:00,122.37
2018-12-19 20:00:00,122.37
2018-12-20 09:00:00,122.76
2018-12-20 10:00:00,122.59
2018-12-20 11:00:00,122.638
2018-12-20 12:00:00,122.99
2018-12-20 13:00:00,122.9703
2018-12-20 14:00:00,122.922
2018-12-20 15:00:00,122.85
2018-12-20 16:00:00,122.8539
2018-12-20 18:00:00,122.8539
2018-12-20 20:00:00,122.8539
2018-12-21 09:00:00,122.7065
2018-12-21 10:00:00,122.97
2018-12-21 11:00:00,123.021
2018-12-21 12:00:00,122.63
2018-12-21 13:00:00,122.5201
2018-12-21 14:00:00,122.55
2018-12-21 15:00:00,122.47
2018-12-21 16:00:00,122.46
2018-12-21 18:00:00,122.46
2018-12-21 20:00:00,122.46
2018-12-24 09:00:00,123.4426
2018-12-24 10:00:00,123.35
2018-12-24 11:00:00,123.495
2018-12-24 12:00:00,123.37
2018-12-24 13:00:00,123.3654
2018-12-24 15:00:00,123.3654
2018-12-24 17:00:00,123.3654
2018-12-26 09:00:00,123.049
2018-12-26 10:00:00,123.04
2018-12-26 11:00:00,122.9299
2018-12-26 12:00:00,122.625
2018-12-26 13:00:00,122.6
2018-12-26 14:00:00,122.64
2018-12-26 15:00:00,122.6
2018-12-26 16:00:00,122.6
2018-12-26 18:00:00,122.6
2018-12-26 20:00:00,122.6
2018-12-27 09:00:00,122.68
2018-12-27 10:00:00,122.71
2018-12-27 11:00:00,122.54
2018-12-27 12:00:00,122.54
2018-12-27 13:00:00,122.74
2018-12-27 14:00:00,122.64
2018-12-27 15:00:00,122.72
2018-12-27 16:00:00,122.72
2018-12-27 18:00:00,122.72
2018-12-27 20:00:00,122.72
2018-12-28 09:00:00,123.0133
2018-12-28 10:00:00,122.97
2018-12-28 11:00:00,123.14
2018-12-28 12:00:00,123.17
2018-12-28 13:00:00,123.0713
2018-12-28 14:00:00,123.14
2018-12-28 15:00:00,123.19
2018-12-28 16:00:00,123.16
2018-12-28 18:00:00,123.16
2018-12-28 20:00:00,123.16
2018-12-31 09:00:00,124.1632
2018-12-31 10:00:00,123.58
2018-12-31 11:00:00,123.7931
2018-12-31 12:00:00,123.5
2018-12-31 13:00:00,123.57
2018-12-31 14:00:00,123.73
2018-12-31 15:00:00,123.65
2018-12-31 16:00:00,123.65
2018-12-31 18:00:00,123.65
2018-12-31 20:00:00,123.65
