DATETIME_simple,fxy_PRICE
2018-01-02 09:00:00,85.49
2018-01-02 10:00:00,85.57
2018-01-02 11:00:00,85.54
2018-01-02 12:00:00,85.45
2018-01-02 13:00:00,85.41
2018-01-02 14:00:00,85.47
2018-01-02 15:00:00,85.45
2018-01-02 16:00:00,85.47
2018-01-02 18:00:00,85.47
2018-01-02 20:00:00,85.47
2018-01-03 09:00:00,85.5
2018-01-03 10:00:00,85.32
2018-01-03 11:00:00,85.4493
2018-01-03 12:00:00,85.4
2018-01-03 13:00:00,85.421
2018-01-03 14:00:00,85.2775
2018-01-03 15:00:00,85.31
2018-01-03 16:00:00,85.3
2018-01-03 18:00:00,85.3
2018-01-03 20:00:00,85.3
2018-01-04 04:00:00,85.3
2018-01-04 09:00:00,85.04
2018-01-04 10:00:00,85.09
2018-01-04 11:00:00,85.06
2018-01-04 12:00:00,85.0799
2018-01-04 13:00:00,85.0475
2018-01-04 14:00:00,85.1
2018-01-04 15:00:00,85.12
2018-01-04 16:00:00,85.13
2018-01-04 18:00:00,85.13
2018-01-04 20:00:00,85.13
2018-01-05 09:00:00,84.72
2018-01-05 10:00:00,84.7475
2018-01-05 11:00:00,84.791
2018-01-05 12:00:00,84.7899
2018-01-05 13:00:00,84.77
2018-01-05 14:00:00,84.8054
2018-01-05 15:00:00,84.82
2018-01-05 16:00:00,84.86
2018-01-05 18:00:00,84.84
2018-01-05 20:00:00,84.84
2018-01-08 05:00:00,84.84
2018-01-08 06:00:00,84.83
2018-01-08 07:00:00,84.88
2018-01-08 08:00:00,84.95
2018-01-08 09:00:00,84.91
2018-01-08 10:00:00,84.8968
2018-01-08 11:00:00,84.85
2018-01-08 12:00:00,84.85
2018-01-08 13:00:00,84.865
2018-01-08 14:00:00,84.87
2018-01-08 15:00:00,84.8533
2018-01-08 16:00:00,84.8533
2018-01-08 18:00:00,84.8533
2018-01-08 20:00:00,84.8533
2018-01-09 06:00:00,85.18
2018-01-09 08:00:00,85.21
2018-01-09 09:00:00,85.1
2018-01-09 10:00:00,85.35
2018-01-09 11:00:00,85.2636
2018-01-09 12:00:00,85.22
2018-01-09 13:00:00,85.259
2018-01-09 14:00:00,85.19
2018-01-09 15:00:00,85.23
2018-01-09 16:00:00,85.23
2018-01-09 18:00:00,85.2101
2018-01-09 20:00:00,85.2101
2018-01-10 06:00:00,86.16
2018-01-10 09:00:00,86.11
2018-01-10 10:00:00,86.19
2018-01-10 11:00:00,86.06
2018-01-10 12:00:00,86.0658
2018-01-10 13:00:00,86.0975
2018-01-10 14:00:00,86.17
2018-01-10 15:00:00,86.17
2018-01-10 16:00:00,86.1
2018-01-10 18:00:00,86.17
2018-01-10 20:00:00,86.17
2018-01-11 04:00:00,85.96
2018-01-11 05:00:00,85.96
2018-01-11 06:00:00,85.97
2018-01-11 07:00:00,85.94
2018-01-11 08:00:00,86.0
2018-01-11 09:00:00,86.04
2018-01-11 10:00:00,86.14
2018-01-11 11:00:00,86.15
2018-01-11 12:00:00,86.17
2018-01-11 13:00:00,86.3703
2018-01-11 14:00:00,86.35
2018-01-11 15:00:00,86.27
2018-01-11 16:00:00,86.28
2018-01-11 18:00:00,86.28
2018-01-11 20:00:00,86.28
2018-01-12 07:00:00,86.31
2018-01-12 08:00:00,86.04
2018-01-12 09:00:00,86.05
2018-01-12 10:00:00,86.198
2018-01-12 11:00:00,86.26
2018-01-12 12:00:00,86.2699
2018-01-12 13:00:00,86.44
2018-01-12 14:00:00,86.3901
2018-01-12 15:00:00,86.42
2018-01-12 16:00:00,86.42
2018-01-12 18:00:00,86.42
2018-01-12 20:00:00,86.42
2018-01-16 04:00:00,86.68
2018-01-16 05:00:00,86.66
2018-01-16 08:00:00,86.65
2018-01-16 09:00:00,86.59
2018-01-16 10:00:00,86.7
2018-01-16 11:00:00,86.6425
2018-01-16 12:00:00,86.6475
2018-01-16 13:00:00,86.7866
2018-01-16 14:00:00,86.99
2018-01-16 15:00:00,86.93
2018-01-16 16:00:00,86.94
2018-01-16 18:00:00,86.94
2018-01-16 20:00:00,86.94
2018-01-17 04:00:00,86.61
2018-01-17 07:00:00,86.57
2018-01-17 09:00:00,86.71
2018-01-17 10:00:00,86.6619
2018-01-17 11:00:00,86.56
2018-01-17 12:00:00,86.6
2018-01-17 13:00:00,86.73
2018-01-17 14:00:00,86.44
2018-01-17 15:00:00,86.33
2018-01-17 16:00:00,86.3
2018-01-17 18:00:00,86.3
2018-01-17 20:00:00,86.3
2018-01-18 04:00:00,86.22
2018-01-18 05:00:00,86.22
2018-01-18 06:00:00,86.24
2018-01-18 09:00:00,86.5
2018-01-18 10:00:00,86.5
2018-01-18 11:00:00,86.54
2018-01-18 12:00:00,86.49
2018-01-18 13:00:00,86.37
2018-01-18 14:00:00,86.4558
2018-01-18 15:00:00,86.41
2018-01-18 16:00:00,86.4876
2018-01-18 18:00:00,86.41
2018-01-18 20:00:00,86.41
2018-01-19 05:00:00,86.69
2018-01-19 06:00:00,86.69
2018-01-19 08:00:00,86.78
2018-01-19 09:00:00,86.72
2018-01-19 10:00:00,86.71
2018-01-19 11:00:00,86.78
2018-01-19 12:00:00,86.75
2018-01-19 13:00:00,86.77
2018-01-19 14:00:00,86.76
2018-01-19 15:00:00,86.64
2018-01-19 16:00:00,86.64
2018-01-19 18:00:00,86.64
2018-01-19 20:00:00,86.64
2018-01-22 08:00:00,86.58
2018-01-22 09:00:00,86.56
2018-01-22 10:00:00,86.64
2018-01-22 11:00:00,86.33
2018-01-22 12:00:00,86.3289
2018-01-22 13:00:00,86.39
2018-01-22 14:00:00,86.44
2018-01-22 15:00:00,86.48
2018-01-22 16:00:00,86.48
2018-01-22 18:00:00,86.48
2018-01-22 20:00:00,86.48
2018-01-23 06:00:00,86.74
2018-01-23 07:00:00,86.82
2018-01-23 09:00:00,86.93
2018-01-23 10:00:00,86.98
2018-01-23 11:00:00,86.8675
2018-01-23 12:00:00,86.899
2018-01-23 13:00:00,86.913
2018-01-23 14:00:00,86.9701
2018-01-23 15:00:00,86.98
2018-01-23 16:00:00,86.98
2018-01-23 18:00:00,86.98
2018-01-23 20:00:00,86.98
2018-01-24 04:00:00,87.57
2018-01-24 08:00:00,87.7
2018-01-24 09:00:00,87.85
2018-01-24 10:00:00,87.87
2018-01-24 11:00:00,87.88
2018-01-24 12:00:00,87.84
2018-01-24 13:00:00,88.02
2018-01-24 14:00:00,87.96
2018-01-24 15:00:00,87.92
2018-01-24 16:00:00,87.94
2018-01-24 18:00:00,87.94
2018-01-24 20:00:00,87.94
2018-01-25 09:00:00,88.14
2018-01-25 10:00:00,88.27
2018-01-25 11:00:00,88.29
2018-01-25 12:00:00,88.27
2018-01-25 13:00:00,88.38
2018-01-25 14:00:00,87.68
2018-01-25 15:00:00,87.81
2018-01-25 16:00:00,87.81
2018-01-25 18:00:00,87.81
2018-01-25 20:00:00,87.81
2018-01-26 08:00:00,87.74
2018-01-26 09:00:00,88.251
2018-01-26 10:00:00,88.37
2018-01-26 11:00:00,88.5384
2018-01-26 12:00:00,88.45
2018-01-26 13:00:00,88.56
2018-01-26 14:00:00,88.28
2018-01-26 15:00:00,88.26
2018-01-26 16:00:00,88.26
2018-01-26 18:00:00,88.26
2018-01-26 20:00:00,88.26
2018-01-29 04:00:00,88.2
2018-01-29 05:00:00,88.2
2018-01-29 06:00:00,88.23
2018-01-29 09:00:00,88.14
2018-01-29 10:00:00,88.0052
2018-01-29 11:00:00,87.89
2018-01-29 12:00:00,87.94
2018-01-29 13:00:00,87.98
2018-01-29 14:00:00,88.05
2018-01-29 15:00:00,88.05
2018-01-29 16:00:00,88.07
2018-01-29 18:00:00,88.07
2018-01-29 20:00:00,88.07
2018-01-30 04:00:00,88.29
2018-01-30 06:00:00,88.38
2018-01-30 08:00:00,88.29
2018-01-30 09:00:00,88.39
2018-01-30 10:00:00,88.13
2018-01-30 11:00:00,88.09
2018-01-30 12:00:00,88.14
2018-01-30 13:00:00,88.15
2018-01-30 14:00:00,88.1864
2018-01-30 15:00:00,88.14
2018-01-30 16:00:00,88.14
2018-01-30 18:00:00,88.14
2018-01-30 20:00:00,88.14
2018-01-31 04:00:00,88.24
2018-01-31 05:00:00,88.22
2018-01-31 06:00:00,88.17
2018-01-31 07:00:00,88.18
2018-01-31 08:00:00,88.05
2018-01-31 09:00:00,88.08
2018-01-31 10:00:00,87.89
2018-01-31 11:00:00,87.75
2018-01-31 12:00:00,87.75
2018-01-31 13:00:00,87.83
2018-01-31 14:00:00,87.92
2018-01-31 15:00:00,87.88
2018-01-31 16:00:00,87.88
2018-01-31 18:00:00,87.88
2018-01-31 20:00:00,87.88
2018-02-01 06:00:00,87.46
2018-02-01 08:00:00,87.65
2018-02-01 09:00:00,87.64
2018-02-01 10:00:00,87.72
2018-02-01 11:00:00,87.58
2018-02-01 12:00:00,87.549
2018-02-01 13:00:00,87.63
2018-02-01 14:00:00,87.67
2018-02-01 15:00:00,87.77
2018-02-01 16:00:00,87.78
2018-02-01 18:00:00,87.78
2018-02-01 20:00:00,87.78
2018-02-02 08:00:00,86.93
2018-02-02 09:00:00,86.88
2018-02-02 10:00:00,86.8919
2018-02-02 11:00:00,86.88
2018-02-02 12:00:00,87.0911
2018-02-02 13:00:00,87.05
2018-02-02 14:00:00,87.01
2018-02-02 15:00:00,87.13
2018-02-02 16:00:00,87.06
2018-02-02 18:00:00,87.13
2018-02-02 20:00:00,87.13
2018-02-05 06:00:00,87.37
2018-02-05 07:00:00,87.36
2018-02-05 08:00:00,87.28
2018-02-05 09:00:00,87.08
2018-02-05 10:00:00,87.11
2018-02-05 11:00:00,87.1199
2018-02-05 12:00:00,87.1818
2018-02-05 13:00:00,87.29
2018-02-05 14:00:00,87.44
2018-02-05 15:00:00,87.82
2018-02-05 16:00:00,87.8
2018-02-05 18:00:00,87.8
2018-02-05 20:00:00,87.8
2018-02-06 05:00:00,87.97
2018-02-06 07:00:00,87.77
2018-02-06 08:00:00,87.68
2018-02-06 09:00:00,87.66
2018-02-06 10:00:00,87.74
2018-02-06 11:00:00,87.86
2018-02-06 12:00:00,87.71
2018-02-06 13:00:00,87.8717
2018-02-06 14:00:00,87.72
2018-02-06 15:00:00,87.57
2018-02-06 16:00:00,87.57
2018-02-06 18:00:00,87.57
2018-02-06 20:00:00,87.57
2018-02-07 06:00:00,87.97
2018-02-07 07:00:00,87.83
2018-02-07 08:00:00,87.78
2018-02-07 09:00:00,87.83
2018-02-07 10:00:00,87.78
2018-02-07 11:00:00,87.59
2018-02-07 12:00:00,87.511
2018-02-07 13:00:00,87.719
2018-02-07 14:00:00,87.67
2018-02-07 15:00:00,87.5293
2018-02-07 16:00:00,87.72
2018-02-07 18:00:00,87.52
2018-02-07 20:00:00,87.52
2018-02-08 04:00:00,87.51
2018-02-08 05:00:00,87.41
2018-02-08 08:00:00,87.55
2018-02-08 09:00:00,87.65
2018-02-08 10:00:00,87.79
2018-02-08 11:00:00,87.95
2018-02-08 12:00:00,88.2514
2018-02-08 13:00:00,88.08
2018-02-08 14:00:00,88.0917
2018-02-08 15:00:00,88.21
2018-02-08 16:00:00,88.17
2018-02-08 18:00:00,88.21
2018-02-08 20:00:00,88.21
2018-02-09 04:00:00,87.93
2018-02-09 08:00:00,88.01
2018-02-09 09:00:00,88.05
2018-02-09 10:00:00,88.2597
2018-02-09 11:00:00,88.38
2018-02-09 12:00:00,88.4501
2018-02-09 13:00:00,88.6184
2018-02-09 14:00:00,88.26
2018-02-09 15:00:00,88.19
2018-02-09 16:00:00,88.21
2018-02-09 18:00:00,88.21
2018-02-09 20:00:00,88.21
2018-02-12 05:00:00,88.25
2018-02-12 09:00:00,88.36
2018-02-12 10:00:00,88.39
2018-02-12 11:00:00,88.211
2018-02-12 12:00:00,88.24
2018-02-12 13:00:00,88.2
2018-02-12 14:00:00,88.25
2018-02-12 15:00:00,88.31
2018-02-12 16:00:00,88.3
2018-02-12 18:00:00,88.3
2018-02-12 20:00:00,88.3
2018-02-13 04:00:00,89.08
2018-02-13 05:00:00,89.17
2018-02-13 07:00:00,89.17
2018-02-13 08:00:00,89.15
2018-02-13 09:00:00,89.1248
2018-02-13 10:00:00,89.25
2018-02-13 11:00:00,89.12
2018-02-13 12:00:00,89.07
2018-02-13 13:00:00,89.055
2018-02-13 14:00:00,89.055
2018-02-13 15:00:00,88.97
2018-02-13 16:00:00,88.96
2018-02-13 18:00:00,88.99
2018-02-13 20:00:00,88.99
2018-02-14 04:00:00,89.25
2018-02-14 05:00:00,89.26
2018-02-14 06:00:00,89.25
2018-02-14 08:00:00,89.45
2018-02-14 09:00:00,89.33
2018-02-14 10:00:00,89.78
2018-02-14 11:00:00,89.63
2018-02-14 12:00:00,89.599
2018-02-14 13:00:00,89.67
2018-02-14 14:00:00,89.56
2018-02-14 15:00:00,89.68
2018-02-14 16:00:00,89.68
2018-02-14 18:00:00,89.68
2018-02-14 20:00:00,89.68
2018-02-15 05:00:00,90.11
2018-02-15 07:00:00,89.93
2018-02-15 08:00:00,89.96
2018-02-15 09:00:00,90.16
2018-02-15 10:00:00,90.26
2018-02-15 11:00:00,90.23
2018-02-15 12:00:00,89.91
2018-02-15 13:00:00,90.15
2018-02-15 14:00:00,90.2472
2018-02-15 15:00:00,90.41
2018-02-15 16:00:00,90.41
2018-02-15 18:00:00,90.41
2018-02-15 20:00:00,90.41
2018-02-16 05:00:00,90.41
2018-02-16 07:00:00,90.21
2018-02-16 09:00:00,90.25
2018-02-16 10:00:00,90.45
2018-02-16 11:00:00,90.47
2018-02-16 12:00:00,90.421
2018-02-16 13:00:00,90.26
2018-02-16 14:00:00,90.21
2018-02-16 15:00:00,90.21
2018-02-16 16:00:00,90.22
2018-02-16 18:00:00,90.22
2018-02-16 20:00:00,90.22
2018-02-20 04:00:00,89.49
2018-02-20 05:00:00,89.51
2018-02-20 07:00:00,89.52
2018-02-20 08:00:00,89.35
2018-02-20 09:00:00,89.5
2018-02-20 10:00:00,89.55
2018-02-20 11:00:00,89.44
2018-02-20 12:00:00,89.411
2018-02-20 13:00:00,89.38
2018-02-20 14:00:00,89.41
2018-02-20 15:00:00,89.41
2018-02-20 16:00:00,89.39
2018-02-20 17:00:00,89.39
2018-02-20 18:00:00,89.39
2018-02-20 20:00:00,89.39
2018-02-21 04:00:00,89.24
2018-02-21 05:00:00,89.18
2018-02-21 06:00:00,89.24
2018-02-21 07:00:00,89.24
2018-02-21 09:00:00,89.19
2018-02-21 10:00:00,89.1075
2018-02-21 11:00:00,89.07
2018-02-21 12:00:00,89.1018
2018-02-21 13:00:00,89.09
2018-02-21 14:00:00,89.02
2018-02-21 15:00:00,89.07
2018-02-21 16:00:00,89.04
2018-02-21 18:00:00,89.04
2018-02-21 20:00:00,89.04
2018-02-22 04:00:00,89.44
2018-02-22 05:00:00,89.36
2018-02-22 09:00:00,89.7314
2018-02-22 10:00:00,89.72
2018-02-22 11:00:00,89.66
2018-02-22 12:00:00,89.7902
2018-02-22 13:00:00,89.76
2018-02-22 14:00:00,89.93
2018-02-22 15:00:00,89.9
2018-02-22 16:00:00,89.91
2018-02-22 18:00:00,89.91
2018-02-22 20:00:00,89.91
2018-02-23 05:00:00,89.71
2018-02-23 08:00:00,89.85
2018-02-23 09:00:00,89.78
2018-02-23 10:00:00,89.97
2018-02-23 11:00:00,89.92
2018-02-23 12:00:00,89.99
2018-02-23 13:00:00,89.96
2018-02-23 14:00:00,89.8664
2018-02-23 15:00:00,89.73
2018-02-23 16:00:00,89.72
2018-02-23 18:00:00,89.72
2018-02-23 20:00:00,89.72
2018-02-26 04:00:00,89.99
2018-02-26 05:00:00,89.98
2018-02-26 09:00:00,89.69
2018-02-26 10:00:00,89.64
2018-02-26 11:00:00,89.64
2018-02-26 12:00:00,89.5974
2018-02-26 13:00:00,89.6256
2018-02-26 14:00:00,89.7
2018-02-26 15:00:00,89.68
2018-02-26 16:00:00,89.63
2018-02-26 18:00:00,89.63
2018-02-26 20:00:00,89.63
2018-02-27 04:00:00,89.62
2018-02-27 06:00:00,89.6
2018-02-27 08:00:00,89.59
2018-02-27 09:00:00,89.45
2018-02-27 10:00:00,89.13
2018-02-27 11:00:00,89.2
2018-02-27 12:00:00,89.311
2018-02-27 13:00:00,89.38
2018-02-27 14:00:00,89.31
2018-02-27 15:00:00,89.31
2018-02-27 16:00:00,89.28
2018-02-27 18:00:00,89.28
2018-02-27 20:00:00,89.28
2018-02-28 05:00:00,89.57
2018-02-28 06:00:00,89.51
2018-02-28 08:00:00,89.5
2018-02-28 09:00:00,89.53
2018-02-28 10:00:00,89.89
2018-02-28 11:00:00,89.93
2018-02-28 12:00:00,89.85
2018-02-28 13:00:00,89.84
2018-02-28 14:00:00,89.9
2018-02-28 15:00:00,89.87
2018-02-28 16:00:00,89.94
2018-02-28 18:00:00,89.94
2018-02-28 20:00:00,89.94
2018-03-01 05:00:00,89.82
2018-03-01 06:00:00,89.8
2018-03-01 08:00:00,89.83
2018-03-01 09:00:00,89.55
2018-03-01 10:00:00,89.56
2018-03-01 11:00:00,89.6673
2018-03-01 12:00:00,89.77
2018-03-01 13:00:00,90.0
2018-03-01 14:00:00,90.27
2018-03-01 15:00:00,90.3
2018-03-01 16:00:00,90.27
2018-03-01 18:00:00,90.31
2018-03-01 20:00:00,90.31
2018-03-02 04:00:00,90.52
2018-03-02 06:00:00,90.93
2018-03-02 07:00:00,90.96
2018-03-02 08:00:00,90.96
2018-03-02 09:00:00,90.99
2018-03-02 10:00:00,90.86
2018-03-02 11:00:00,90.78
2018-03-02 12:00:00,90.8
2018-03-02 13:00:00,90.88
2018-03-02 14:00:00,90.82
2018-03-02 15:00:00,90.72
2018-03-02 16:00:00,90.72
2018-03-02 18:00:00,90.74
2018-03-02 20:00:00,90.74
2018-03-05 05:00:00,90.8
2018-03-05 09:00:00,90.67
2018-03-05 10:00:00,90.59
2018-03-05 11:00:00,90.5
2018-03-05 12:00:00,90.35
2018-03-05 13:00:00,90.3118
2018-03-05 14:00:00,90.29
2018-03-05 15:00:00,90.32
2018-03-05 16:00:00,90.31
2018-03-05 18:00:00,90.31
2018-03-05 20:00:00,90.31
2018-03-06 04:00:00,90.5
2018-03-06 05:00:00,90.57
2018-03-06 06:00:00,90.15
2018-03-06 09:00:00,90.41
2018-03-06 10:00:00,90.43
2018-03-06 11:00:00,90.43
2018-03-06 12:00:00,90.28
2018-03-06 13:00:00,90.37
2018-03-06 14:00:00,90.29
2018-03-06 15:00:00,90.29
2018-03-06 16:00:00,90.29
2018-03-06 18:00:00,90.29
2018-03-06 20:00:00,90.29
2018-03-07 04:00:00,90.77
2018-03-07 05:00:00,90.78
2018-03-07 06:00:00,90.82
2018-03-07 07:00:00,90.7
2018-03-07 08:00:00,90.58
2018-03-07 09:00:00,90.5201
2018-03-07 10:00:00,90.4899
2018-03-07 11:00:00,90.49
2018-03-07 12:00:00,90.52
2018-03-07 13:00:00,90.52
2018-03-07 14:00:00,90.42
2018-03-07 15:00:00,90.41
2018-03-07 16:00:00,90.41
2018-03-07 18:00:00,90.41
2018-03-07 20:00:00,90.41
2018-03-08 04:00:00,90.4
2018-03-08 09:00:00,90.33
2018-03-08 10:00:00,90.3776
2018-03-08 11:00:00,90.39
2018-03-08 12:00:00,90.379
2018-03-08 13:00:00,90.3487
2018-03-08 14:00:00,90.2555
2018-03-08 15:00:00,90.24
2018-03-08 16:00:00,90.23
2018-03-08 18:00:00,90.23
2018-03-08 20:00:00,90.23
2018-03-09 04:00:00,89.83
2018-03-09 07:00:00,89.76
2018-03-09 08:00:00,89.65
2018-03-09 09:00:00,89.73
2018-03-09 10:00:00,89.65
2018-03-09 11:00:00,89.83
2018-03-09 12:00:00,89.771
2018-03-09 13:00:00,89.75
2018-03-09 14:00:00,89.8139
2018-03-09 15:00:00,89.76
2018-03-09 16:00:00,89.74
2018-03-09 18:00:00,89.74
2018-03-09 20:00:00,89.74
2018-03-12 06:00:00,89.97
2018-03-12 07:00:00,89.97
2018-03-12 09:00:00,89.99
2018-03-12 10:00:00,90.07
2018-03-12 11:00:00,90.0593
2018-03-12 12:00:00,90.0
2018-03-12 13:00:00,90.0005
2018-03-12 14:00:00,90.16
2018-03-12 15:00:00,90.16
2018-03-12 16:00:00,90.17
2018-03-12 18:00:00,90.17
2018-03-12 20:00:00,90.17
2018-03-13 05:00:00,89.5
2018-03-13 08:00:00,89.76
2018-03-13 09:00:00,89.7
2018-03-13 10:00:00,89.71
2018-03-13 11:00:00,89.92
2018-03-13 12:00:00,89.93
2018-03-13 13:00:00,89.92
2018-03-13 14:00:00,89.9503
2018-03-13 15:00:00,89.99
2018-03-13 16:00:00,89.99
2018-03-13 18:00:00,89.99
2018-03-13 20:00:00,89.99
2018-03-14 04:00:00,89.89
2018-03-14 08:00:00,90.14
2018-03-14 09:00:00,90.01
2018-03-14 10:00:00,90.13
2018-03-14 11:00:00,90.29
2018-03-14 12:00:00,90.235
2018-03-14 13:00:00,90.16
2018-03-14 14:00:00,90.24
2018-03-14 15:00:00,90.25
2018-03-14 16:00:00,90.25
2018-03-14 18:00:00,90.25
2018-03-14 20:00:00,90.25
2018-03-15 04:00:00,90.38
2018-03-15 05:00:00,90.5
2018-03-15 06:00:00,90.54
2018-03-15 07:00:00,90.48
2018-03-15 08:00:00,90.42
2018-03-15 09:00:00,90.52
2018-03-15 10:00:00,90.46
2018-03-15 11:00:00,90.38
2018-03-15 12:00:00,90.27
2018-03-15 13:00:00,90.47
2018-03-15 14:00:00,90.24
2018-03-15 15:00:00,90.23
2018-03-15 16:00:00,90.14
2018-03-15 18:00:00,90.24
2018-03-15 20:00:00,90.24
2018-03-16 04:00:00,90.64
2018-03-16 07:00:00,90.8
2018-03-16 08:00:00,90.69
2018-03-16 09:00:00,90.37
2018-03-16 10:00:00,90.32
2018-03-16 11:00:00,90.36
2018-03-16 12:00:00,90.37
2018-03-16 13:00:00,90.36
2018-03-16 14:00:00,90.38
2018-03-16 15:00:00,90.39
2018-03-16 16:00:00,90.42
2018-03-16 18:00:00,90.4
2018-03-16 20:00:00,90.4
2018-03-19 04:00:00,90.54
2018-03-19 05:00:00,90.46
2018-03-19 07:00:00,90.26
2018-03-19 08:00:00,90.22
2018-03-19 09:00:00,90.35
2018-03-19 10:00:00,90.4
2018-03-19 11:00:00,90.58
2018-03-19 12:00:00,90.51
2018-03-19 13:00:00,90.54
2018-03-19 14:00:00,90.47
2018-03-19 15:00:00,90.32
2018-03-19 16:00:00,90.32
2018-03-19 18:00:00,90.32
2018-03-19 20:00:00,90.32
2018-03-20 07:00:00,90.0
2018-03-20 09:00:00,90.07
2018-03-20 10:00:00,90.025
2018-03-20 11:00:00,90.06
2018-03-20 12:00:00,90.07
2018-03-20 13:00:00,90.06
2018-03-20 14:00:00,90.04
2018-03-20 15:00:00,89.97
2018-03-20 16:00:00,89.97
2018-03-20 18:00:00,89.97
2018-03-20 20:00:00,89.97
2018-03-21 09:00:00,90.21
2018-03-21 10:00:00,90.18
2018-03-21 11:00:00,90.14
2018-03-21 12:00:00,90.14
2018-03-21 13:00:00,90.27
2018-03-21 14:00:00,90.3
2018-03-21 15:00:00,90.51
2018-03-21 16:00:00,90.47
2018-03-21 18:00:00,90.52
2018-03-21 19:00:00,90.35
2018-03-21 20:00:00,90.52
2018-03-22 05:00:00,90.72
2018-03-22 06:00:00,90.75
2018-03-22 07:00:00,90.78
2018-03-22 08:00:00,91.01
2018-03-22 09:00:00,90.89
2018-03-22 10:00:00,90.92
2018-03-22 11:00:00,91.0
2018-03-22 12:00:00,90.72
2018-03-22 13:00:00,90.64
2018-03-22 14:00:00,90.752
2018-03-22 15:00:00,90.96
2018-03-22 16:00:00,91.05
2018-03-22 18:00:00,90.98
2018-03-22 20:00:00,90.98
2018-03-23 04:00:00,91.33
2018-03-23 07:00:00,91.34
2018-03-23 08:00:00,91.13
2018-03-23 09:00:00,91.169
2018-03-23 10:00:00,91.19
2018-03-23 11:00:00,91.418
2018-03-23 12:00:00,91.38
2018-03-23 13:00:00,91.28
2018-03-23 14:00:00,91.47
2018-03-23 15:00:00,91.48
2018-03-23 16:00:00,91.5
2018-03-23 18:00:00,91.52
2018-03-23 20:00:00,91.52
2018-03-26 04:00:00,91.23
2018-03-26 05:00:00,91.37
2018-03-26 06:00:00,91.22
2018-03-26 08:00:00,91.22
2018-03-26 09:00:00,91.16
2018-03-26 10:00:00,91.24
2018-03-26 11:00:00,91.31
2018-03-26 12:00:00,91.2
2018-03-26 13:00:00,91.21
2018-03-26 14:00:00,91.12
2018-03-26 15:00:00,90.92
2018-03-26 16:00:00,90.91
2018-03-26 18:00:00,90.91
2018-03-26 20:00:00,90.91
2018-03-27 05:00:00,90.77
2018-03-27 07:00:00,90.65
2018-03-27 08:00:00,90.67
2018-03-27 09:00:00,90.65
2018-03-27 10:00:00,90.64
2018-03-27 11:00:00,90.66
2018-03-27 12:00:00,90.68
2018-03-27 13:00:00,90.744
2018-03-27 14:00:00,90.82
2018-03-27 15:00:00,90.91
2018-03-27 16:00:00,90.87
2018-03-27 18:00:00,90.87
2018-03-27 20:00:00,90.87
2018-03-28 04:00:00,90.77
2018-03-28 05:00:00,90.77
2018-03-28 08:00:00,90.27
2018-03-28 09:00:00,90.24
2018-03-28 10:00:00,90.26
2018-03-28 11:00:00,90.2093
2018-03-28 12:00:00,90.0605
2018-03-28 13:00:00,89.75
2018-03-28 14:00:00,89.71
2018-03-28 15:00:00,89.6
2018-03-28 16:00:00,89.59
2018-03-28 18:00:00,89.59
2018-03-28 20:00:00,89.59
2018-03-29 05:00:00,89.85
2018-03-29 06:00:00,89.94
2018-03-29 07:00:00,89.96
2018-03-29 08:00:00,89.97
2018-03-29 09:00:00,90.141
2018-03-29 10:00:00,90.13
2018-03-29 11:00:00,90.12
2018-03-29 12:00:00,90.065
2018-03-29 13:00:00,90.04
2018-03-29 14:00:00,89.9861
2018-03-29 15:00:00,90.1
2018-03-29 16:00:00,90.11
2018-03-29 18:00:00,90.11
2018-03-29 20:00:00,90.11
2018-04-02 09:00:00,90.1155
2018-04-02 10:00:00,90.22
2018-04-02 11:00:00,90.42
2018-04-02 12:00:00,90.39
2018-04-02 13:00:00,90.69
2018-04-02 14:00:00,90.54
2018-04-02 15:00:00,90.52
2018-04-02 16:00:00,90.48
2018-04-02 18:00:00,90.52
2018-04-02 20:00:00,90.52
2018-04-03 05:00:00,90.36
2018-04-03 09:00:00,90.05
2018-04-03 10:00:00,89.95
2018-04-03 11:00:00,90.04
2018-04-03 12:00:00,90.05
2018-04-03 13:00:00,89.94
2018-04-03 14:00:00,89.94
2018-04-03 15:00:00,89.86
2018-04-03 16:00:00,89.85
2018-04-03 18:00:00,89.85
2018-04-03 20:00:00,89.85
2018-04-04 05:00:00,90.29
2018-04-04 06:00:00,90.3
2018-04-04 07:00:00,90.21
2018-04-04 08:00:00,90.23
2018-04-04 09:00:00,90.13
2018-04-04 10:00:00,89.95
2018-04-04 11:00:00,89.95
2018-04-04 12:00:00,89.88
2018-04-04 13:00:00,89.98
2018-04-04 14:00:00,89.8
2018-04-04 15:00:00,89.74
2018-04-04 16:00:00,89.73
2018-04-04 18:00:00,89.73
2018-04-04 20:00:00,89.73
2018-04-05 04:00:00,89.47
2018-04-05 05:00:00,89.56
2018-04-05 06:00:00,89.59
2018-04-05 08:00:00,89.55
2018-04-05 09:00:00,89.48
2018-04-05 10:00:00,89.2
2018-04-05 11:00:00,89.205
2018-04-05 12:00:00,89.22
2018-04-05 13:00:00,89.27
2018-04-05 14:00:00,89.2
2018-04-05 15:00:00,89.16
2018-04-05 16:00:00,89.21
2018-04-05 18:00:00,89.17
2018-04-05 20:00:00,89.17
2018-04-06 05:00:00,89.21
2018-04-06 06:00:00,89.26
2018-04-06 08:00:00,89.35
2018-04-06 09:00:00,89.353
2018-04-06 10:00:00,89.4348
2018-04-06 11:00:00,89.51
2018-04-06 12:00:00,89.47
2018-04-06 13:00:00,89.66
2018-04-06 14:00:00,89.68
2018-04-06 15:00:00,89.67
2018-04-06 16:00:00,89.66
2018-04-06 18:00:00,89.68
2018-04-06 20:00:00,89.68
2018-04-09 07:00:00,89.51
2018-04-09 09:00:00,89.53
2018-04-09 10:00:00,89.521
2018-04-09 11:00:00,89.49
2018-04-09 12:00:00,89.61
2018-04-09 13:00:00,89.615
2018-04-09 14:00:00,89.73
2018-04-09 15:00:00,89.83
2018-04-09 16:00:00,89.78
2018-04-09 18:00:00,89.83
2018-04-09 20:00:00,89.83
2018-04-10 08:00:00,89.52
2018-04-10 09:00:00,89.571
2018-04-10 10:00:00,89.42
2018-04-10 11:00:00,89.3
2018-04-10 12:00:00,89.36
2018-04-10 13:00:00,89.3169
2018-04-10 14:00:00,89.41
2018-04-10 15:00:00,89.39
2018-04-10 16:00:00,89.39
2018-04-10 18:00:00,89.39
2018-04-10 20:00:00,89.39
2018-04-11 05:00:00,89.54
2018-04-11 06:00:00,89.65
2018-04-11 07:00:00,89.71
2018-04-11 09:00:00,89.6381
2018-04-11 10:00:00,89.7859
2018-04-11 11:00:00,89.78
2018-04-11 12:00:00,89.6568
2018-04-11 13:00:00,89.68
2018-04-11 14:00:00,89.63
2018-04-11 15:00:00,89.68
2018-04-11 16:00:00,89.7
2018-04-11 18:00:00,89.7
2018-04-11 20:00:00,89.7
2018-04-12 06:00:00,89.41
2018-04-12 07:00:00,89.4
2018-04-12 09:00:00,89.215
2018-04-12 10:00:00,89.29
2018-04-12 11:00:00,89.322
2018-04-12 12:00:00,89.35
2018-04-12 13:00:00,89.42
2018-04-12 14:00:00,89.369
2018-04-12 15:00:00,89.3499
2018-04-12 16:00:00,89.35
2018-04-12 18:00:00,89.35
2018-04-12 20:00:00,89.35
2018-04-13 04:00:00,89.02
2018-04-13 07:00:00,88.97
2018-04-13 09:00:00,89.0116
2018-04-13 10:00:00,89.1145
2018-04-13 11:00:00,89.12
2018-04-13 12:00:00,89.22
2018-04-13 13:00:00,89.1261
2018-04-13 14:00:00,89.18
2018-04-13 15:00:00,89.22
2018-04-13 16:00:00,89.22
2018-04-13 18:00:00,89.21
2018-04-13 20:00:00,89.21
2018-04-16 05:00:00,89.39
2018-04-16 06:00:00,89.34
2018-04-16 07:00:00,89.31
2018-04-16 08:00:00,89.27
2018-04-16 09:00:00,89.34
2018-04-16 10:00:00,89.31
2018-04-16 11:00:00,89.31
2018-04-16 12:00:00,89.44
2018-04-16 13:00:00,89.49
2018-04-16 14:00:00,89.46
2018-04-16 15:00:00,89.43
2018-04-16 16:00:00,89.44
2018-04-16 18:00:00,89.44
2018-04-16 20:00:00,89.44
2018-04-17 07:00:00,89.51
2018-04-17 09:00:00,89.43
2018-04-17 10:00:00,89.41
2018-04-17 11:00:00,89.46
2018-04-17 12:00:00,89.5701
2018-04-17 13:00:00,89.54
2018-04-17 14:00:00,89.53
2018-04-17 15:00:00,89.52
2018-04-17 16:00:00,89.51
2018-04-17 18:00:00,89.51
2018-04-17 20:00:00,89.51
2018-04-18 05:00:00,89.31
2018-04-18 09:00:00,89.39
2018-04-18 10:00:00,89.35
2018-04-18 11:00:00,89.3221
2018-04-18 12:00:00,89.3648
2018-04-18 13:00:00,89.35
2018-04-18 14:00:00,89.32
2018-04-18 15:00:00,89.33
2018-04-18 16:00:00,89.35
2018-04-18 18:00:00,89.34
2018-04-18 20:00:00,89.34
2018-04-19 05:00:00,89.23
2018-04-19 09:00:00,89.24
2018-04-19 10:00:00,89.24
2018-04-19 11:00:00,89.17
2018-04-19 12:00:00,89.23
2018-04-19 13:00:00,89.28
2018-04-19 14:00:00,89.21
2018-04-19 15:00:00,89.23
2018-04-19 16:00:00,89.23
2018-04-19 18:00:00,89.23
2018-04-19 20:00:00,89.23
2018-04-20 04:00:00,89.06
2018-04-20 05:00:00,89.0
2018-04-20 06:00:00,88.96
2018-04-20 07:00:00,89.04
2018-04-20 09:00:00,88.87
2018-04-20 10:00:00,88.95
2018-04-20 11:00:00,89.05
2018-04-20 12:00:00,89.1
2018-04-20 13:00:00,89.06
2018-04-20 14:00:00,89.06
2018-04-20 15:00:00,89.01
2018-04-20 16:00:00,89.01
2018-04-20 18:00:00,89.01
2018-04-20 20:00:00,89.01
2018-04-23 04:00:00,88.78
2018-04-23 07:00:00,88.55
2018-04-23 08:00:00,88.5
2018-04-23 09:00:00,88.401
2018-04-23 10:00:00,88.34
2018-04-23 11:00:00,88.19
2018-04-23 12:00:00,88.17
2018-04-23 13:00:00,88.1172
2018-04-23 14:00:00,88.2559
2018-04-23 15:00:00,88.11
2018-04-23 16:00:00,88.1
2018-04-23 18:00:00,88.1
2018-04-23 20:00:00,88.1
2018-04-24 05:00:00,88.02
2018-04-24 07:00:00,88.05
2018-04-24 08:00:00,88.04
2018-04-24 09:00:00,87.83
2018-04-24 10:00:00,87.76
2018-04-24 11:00:00,87.86
2018-04-24 12:00:00,88.06
2018-04-24 13:00:00,88.16
2018-04-24 14:00:00,88.22
2018-04-24 15:00:00,88.11
2018-04-24 16:00:00,88.1
2018-04-24 18:00:00,88.1
2018-04-24 20:00:00,88.1
2018-04-25 09:00:00,87.799
2018-04-25 10:00:00,87.6562
2018-04-25 11:00:00,87.6
2018-04-25 12:00:00,87.71
2018-04-25 13:00:00,87.61
2018-04-25 14:00:00,87.63
2018-04-25 15:00:00,87.63
2018-04-25 16:00:00,87.63
2018-04-25 18:00:00,87.63
2018-04-25 20:00:00,87.63
2018-04-26 05:00:00,87.69
2018-04-26 07:00:00,87.76
2018-04-26 09:00:00,87.76
2018-04-26 10:00:00,87.63
2018-04-26 11:00:00,87.7
2018-04-26 12:00:00,87.76
2018-04-26 13:00:00,87.6768
2018-04-26 14:00:00,87.63
2018-04-26 15:00:00,87.64
2018-04-26 16:00:00,87.63
2018-04-26 18:00:00,87.63
2018-04-26 20:00:00,87.63
2018-04-27 04:00:00,87.59
2018-04-27 05:00:00,87.68
2018-04-27 06:00:00,87.62
2018-04-27 08:00:00,87.55
2018-04-27 09:00:00,87.78
2018-04-27 10:00:00,87.84
2018-04-27 11:00:00,87.81
2018-04-27 12:00:00,87.8271
2018-04-27 13:00:00,87.82
2018-04-27 14:00:00,87.88
2018-04-27 15:00:00,87.86
2018-04-27 16:00:00,87.84
2018-04-27 18:00:00,87.84
2018-04-27 20:00:00,87.84
2018-04-30 04:00:00,87.64
2018-04-30 05:00:00,87.67
2018-04-30 06:00:00,87.67
2018-04-30 08:00:00,87.66
2018-04-30 09:00:00,87.6024
2018-04-30 10:00:00,87.57
2018-04-30 11:00:00,87.688
2018-04-30 12:00:00,87.7699
2018-04-30 13:00:00,87.71
2018-04-30 14:00:00,87.69
2018-04-30 15:00:00,87.64
2018-04-30 16:00:00,87.65
2018-04-30 18:00:00,87.65
2018-04-30 20:00:00,87.65
2018-05-01 05:00:00,87.38
2018-05-01 09:00:00,87.3
2018-05-01 10:00:00,87.27
2018-05-01 11:00:00,87.3372
2018-05-01 12:00:00,87.4205
2018-05-01 13:00:00,87.33
2018-05-01 14:00:00,87.26
2018-05-01 15:00:00,87.19
2018-05-01 16:00:00,87.17
2018-05-01 18:00:00,87.17
2018-05-01 20:00:00,87.17
2018-05-02 09:00:00,87.18
2018-05-02 10:00:00,87.1041
2018-05-02 11:00:00,87.16
2018-05-02 12:00:00,87.2
2018-05-02 13:00:00,87.2
2018-05-02 14:00:00,87.29
2018-05-02 15:00:00,87.15
2018-05-02 16:00:00,87.14
2018-05-02 18:00:00,87.14
2018-05-02 20:00:00,87.14
2018-05-03 04:00:00,87.4
2018-05-03 07:00:00,87.68
2018-05-03 08:00:00,87.7
2018-05-03 09:00:00,87.59
2018-05-03 10:00:00,87.85
2018-05-03 11:00:00,87.84
2018-05-03 12:00:00,87.77
2018-05-03 13:00:00,87.7
2018-05-03 14:00:00,87.72
2018-05-03 15:00:00,87.73
2018-05-03 16:00:00,87.74
2018-05-03 18:00:00,87.74
2018-05-03 20:00:00,87.74
2018-05-04 04:00:00,87.84
2018-05-04 07:00:00,87.98
2018-05-04 08:00:00,88.15
2018-05-04 09:00:00,87.73
2018-05-04 10:00:00,87.8033
2018-05-04 11:00:00,87.71
2018-05-04 12:00:00,87.91
2018-05-04 13:00:00,87.82
2018-05-04 14:00:00,87.8
2018-05-04 15:00:00,87.82
2018-05-04 16:00:00,87.8
2018-05-04 18:00:00,87.8
2018-05-04 20:00:00,87.8
2018-05-07 07:00:00,87.59
2018-05-07 08:00:00,87.7
2018-05-07 09:00:00,87.57
2018-05-07 10:00:00,87.68
2018-05-07 11:00:00,87.75
2018-05-07 12:00:00,87.81
2018-05-07 13:00:00,87.82
2018-05-07 14:00:00,87.83
2018-05-07 15:00:00,87.85
2018-05-07 16:00:00,87.85
2018-05-07 18:00:00,87.85
2018-05-07 20:00:00,87.85
2018-05-08 07:00:00,87.92
2018-05-08 08:00:00,87.82
2018-05-08 09:00:00,87.71
2018-05-08 10:00:00,87.7
2018-05-08 11:00:00,87.74
2018-05-08 12:00:00,87.83
2018-05-08 13:00:00,87.85
2018-05-08 14:00:00,87.89
2018-05-08 15:00:00,87.79
2018-05-08 16:00:00,87.79
2018-05-08 18:00:00,87.79
2018-05-08 20:00:00,87.79
2018-05-09 04:00:00,87.25
2018-05-09 07:00:00,87.34
2018-05-09 09:00:00,87.28
2018-05-09 10:00:00,87.34
2018-05-09 11:00:00,87.3301
2018-05-09 12:00:00,87.36
2018-05-09 13:00:00,87.37
2018-05-09 14:00:00,87.32
2018-05-09 15:00:00,87.29
2018-05-09 16:00:00,87.29
2018-05-09 18:00:00,87.29
2018-05-09 20:00:00,87.29
2018-05-10 08:00:00,87.5
2018-05-10 09:00:00,87.46
2018-05-10 10:00:00,87.4
2018-05-10 11:00:00,87.44
2018-05-10 12:00:00,87.52
2018-05-10 13:00:00,87.58
2018-05-10 14:00:00,87.6
2018-05-10 15:00:00,87.56
2018-05-10 16:00:00,87.57
2018-05-10 18:00:00,87.57
2018-05-10 20:00:00,87.57
2018-05-11 07:00:00,87.64
2018-05-11 09:00:00,87.73
2018-05-11 10:00:00,87.6
2018-05-11 11:00:00,87.64
2018-05-11 12:00:00,87.691
2018-05-11 13:00:00,87.65
2018-05-11 14:00:00,87.64
2018-05-11 15:00:00,87.65
2018-05-11 16:00:00,87.65
2018-05-11 18:00:00,87.65
2018-05-11 20:00:00,87.65
2018-05-14 04:00:00,87.45
2018-05-14 07:00:00,87.45
2018-05-14 08:00:00,87.48
2018-05-14 09:00:00,87.4676
2018-05-14 10:00:00,87.46
2018-05-14 11:00:00,87.46
2018-05-14 12:00:00,87.51
2018-05-14 13:00:00,87.43
2018-05-14 14:00:00,87.35
2018-05-14 15:00:00,87.35
2018-05-14 16:00:00,87.33
2018-05-14 18:00:00,87.33
2018-05-14 20:00:00,87.33
2018-05-15 04:00:00,87.17
2018-05-15 05:00:00,87.17
2018-05-15 06:00:00,87.14
2018-05-15 07:00:00,87.02
2018-05-15 09:00:00,86.7938
2018-05-15 10:00:00,86.84
2018-05-15 11:00:00,86.88
2018-05-15 12:00:00,86.8309
2018-05-15 13:00:00,86.79
2018-05-15 14:00:00,86.8045
2018-05-15 15:00:00,86.77
2018-05-15 16:00:00,86.77
2018-05-15 18:00:00,86.77
2018-05-15 20:00:00,86.77
2018-05-16 07:00:00,86.92
2018-05-16 08:00:00,86.96
2018-05-16 09:00:00,86.939
2018-05-16 10:00:00,86.8317
2018-05-16 11:00:00,86.92
2018-05-16 12:00:00,87.0
2018-05-16 13:00:00,86.95
2018-05-16 14:00:00,86.871
2018-05-16 15:00:00,86.79
2018-05-16 16:00:00,86.79
2018-05-16 18:00:00,86.79
2018-05-16 20:00:00,86.79
2018-05-17 09:00:00,86.47
2018-05-17 10:00:00,86.44
2018-05-17 11:00:00,86.45
2018-05-17 12:00:00,86.56
2018-05-17 13:00:00,86.52
2018-05-17 14:00:00,86.48
2018-05-17 15:00:00,86.45
2018-05-17 16:00:00,86.46
2018-05-17 18:00:00,86.46
2018-05-17 20:00:00,86.46
2018-05-18 09:00:00,86.35
2018-05-18 10:00:00,86.55
2018-05-18 11:00:00,86.48
2018-05-18 12:00:00,86.57
2018-05-18 13:00:00,86.525
2018-05-18 14:00:00,86.53
2018-05-18 15:00:00,86.5
2018-05-18 16:00:00,86.5
2018-05-18 18:00:00,86.5
2018-05-18 20:00:00,86.5
2018-05-21 07:00:00,86.05
2018-05-21 08:00:00,86.08
2018-05-21 09:00:00,86.17
2018-05-21 10:00:00,86.11
2018-05-21 11:00:00,86.18
2018-05-21 12:00:00,86.26
2018-05-21 13:00:00,86.2188
2018-05-21 14:00:00,86.18
2018-05-21 15:00:00,86.24
2018-05-21 16:00:00,86.26
2018-05-21 18:00:00,86.26
2018-05-21 20:00:00,86.26
2018-05-22 07:00:00,86.33
2018-05-22 08:00:00,86.4
2018-05-22 09:00:00,86.32
2018-05-22 10:00:00,86.27
2018-05-22 11:00:00,86.33
2018-05-22 12:00:00,86.3
2018-05-22 13:00:00,86.3
2018-05-22 14:00:00,86.26
2018-05-22 15:00:00,86.36
2018-05-22 16:00:00,86.36
2018-05-22 18:00:00,86.36
2018-05-22 20:00:00,86.36
2018-05-23 05:00:00,87.23
2018-05-23 07:00:00,87.29
2018-05-23 09:00:00,86.9789
2018-05-23 10:00:00,87.12
2018-05-23 11:00:00,87.01
2018-05-23 12:00:00,86.86
2018-05-23 13:00:00,86.81
2018-05-23 14:00:00,86.989
2018-05-23 15:00:00,86.95
2018-05-23 16:00:00,87.02
2018-05-23 18:00:00,86.96
2018-05-23 20:00:00,86.96
2018-05-24 05:00:00,87.33
2018-05-24 06:00:00,87.25
2018-05-24 07:00:00,87.35
2018-05-24 09:00:00,87.75
2018-05-24 10:00:00,87.83
2018-05-24 11:00:00,87.65
2018-05-24 12:00:00,87.61
2018-05-24 13:00:00,87.603
2018-05-24 14:00:00,87.62
2018-05-24 15:00:00,87.65
2018-05-24 16:00:00,87.6499
2018-05-24 18:00:00,87.6499
2018-05-24 20:00:00,87.6499
2018-05-25 05:00:00,87.45
2018-05-25 08:00:00,87.54
2018-05-25 09:00:00,87.7105
2018-05-25 10:00:00,87.65
2018-05-25 11:00:00,87.58
2018-05-25 12:00:00,87.54
2018-05-25 13:00:00,87.51
2018-05-25 14:00:00,87.55
2018-05-25 15:00:00,87.49
2018-05-25 16:00:00,87.49
2018-05-25 18:00:00,87.49
2018-05-25 20:00:00,87.49
2018-05-29 09:00:00,87.87
2018-05-29 10:00:00,87.9901
2018-05-29 11:00:00,88.1699
2018-05-29 12:00:00,88.03
2018-05-29 13:00:00,88.22
2018-05-29 14:00:00,88.45
2018-05-29 15:00:00,88.12
2018-05-29 16:00:00,88.13
2018-05-29 18:00:00,88.13
2018-05-29 20:00:00,88.13
2018-05-30 05:00:00,88.12
2018-05-30 08:00:00,87.95
2018-05-30 09:00:00,87.9999
2018-05-30 10:00:00,87.93
2018-05-30 11:00:00,87.87
2018-05-30 12:00:00,87.91
2018-05-30 13:00:00,87.89
2018-05-30 14:00:00,87.95
2018-05-30 15:00:00,87.9
2018-05-30 16:00:00,87.89
2018-05-30 18:00:00,87.89
2018-05-30 20:00:00,87.89
2018-05-31 05:00:00,87.98
2018-05-31 08:00:00,87.95
2018-05-31 09:00:00,88.255
2018-05-31 10:00:00,88.169
2018-05-31 11:00:00,88.0647
2018-05-31 12:00:00,88.06
2018-05-31 13:00:00,88.08
2018-05-31 14:00:00,88.15
2018-05-31 15:00:00,88.03
2018-05-31 16:00:00,88.03
2018-05-31 18:00:00,88.03
2018-05-31 20:00:00,88.03
2018-06-01 04:00:00,87.74
2018-06-01 07:00:00,87.51
2018-06-01 08:00:00,87.34
2018-06-01 09:00:00,87.27
2018-06-01 10:00:00,87.39
2018-06-01 11:00:00,87.4483
2018-06-01 12:00:00,87.45
2018-06-01 13:00:00,87.42
2018-06-01 14:00:00,87.43
2018-06-01 15:00:00,87.37
2018-06-01 16:00:00,87.37
2018-06-01 18:00:00,87.37
2018-06-01 20:00:00,87.37
2018-06-04 08:00:00,87.45
2018-06-04 09:00:00,87.38
2018-06-04 10:00:00,87.32
2018-06-04 11:00:00,87.3
2018-06-04 12:00:00,87.28
2018-06-04 13:00:00,87.28
2018-06-04 14:00:00,87.25
2018-06-04 15:00:00,87.16
2018-06-04 16:00:00,87.16
2018-06-04 18:00:00,87.16
2018-06-04 20:00:00,87.16
2018-06-05 07:00:00,87.22
2018-06-05 08:00:00,87.31
2018-06-05 09:00:00,87.22
2018-06-05 10:00:00,87.21
2018-06-05 11:00:00,87.3263
2018-06-05 12:00:00,87.38
2018-06-05 13:00:00,87.35
2018-06-05 14:00:00,87.24
2018-06-05 15:00:00,87.27
2018-06-05 16:00:00,87.21
2018-06-05 18:00:00,87.29
2018-06-05 20:00:00,87.29
2018-06-06 07:00:00,86.89
2018-06-06 09:00:00,87.07
2018-06-06 10:00:00,87.02
2018-06-06 11:00:00,87.06
2018-06-06 12:00:00,86.95
2018-06-06 13:00:00,86.91
2018-06-06 14:00:00,86.91
2018-06-06 15:00:00,86.88
2018-06-06 16:00:00,86.89
2018-06-06 18:00:00,86.89
2018-06-06 20:00:00,86.89
2018-06-07 08:00:00,87.06
2018-06-07 09:00:00,87.03
2018-06-07 10:00:00,87.05
2018-06-07 11:00:00,87.12
2018-06-07 12:00:00,87.2201
2018-06-07 13:00:00,87.3
2018-06-07 14:00:00,87.26
2018-06-07 15:00:00,87.3
2018-06-07 16:00:00,87.29
2018-06-07 18:00:00,87.29
2018-06-07 20:00:00,87.29
2018-06-08 09:00:00,87.44
2018-06-08 10:00:00,87.57
2018-06-08 11:00:00,87.46
2018-06-08 12:00:00,87.44
2018-06-08 13:00:00,87.52
2018-06-08 14:00:00,87.46
2018-06-08 15:00:00,87.49
2018-06-08 16:00:00,87.49
2018-06-08 18:00:00,87.49
2018-06-08 20:00:00,87.49
2018-06-11 04:00:00,87.09
2018-06-11 08:00:00,87.13
2018-06-11 09:00:00,87.11
2018-06-11 10:00:00,87.12
2018-06-11 11:00:00,87.08
2018-06-11 12:00:00,87.0195
2018-06-11 13:00:00,86.97
2018-06-11 14:00:00,87.02
2018-06-11 15:00:00,87.01
2018-06-11 16:00:00,87.01
2018-06-11 18:00:00,87.01
2018-06-11 19:00:00,86.95
2018-06-11 20:00:00,87.01
2018-06-12 05:00:00,86.96
2018-06-12 09:00:00,86.87
2018-06-12 10:00:00,86.82
2018-06-12 11:00:00,86.86
2018-06-12 12:00:00,86.83
2018-06-12 13:00:00,86.7685
2018-06-12 14:00:00,86.77
2018-06-12 15:00:00,86.75
2018-06-12 16:00:00,86.77
2018-06-12 18:00:00,86.77
2018-06-12 20:00:00,86.77
2018-06-13 08:00:00,86.64
2018-06-13 09:00:00,86.725
2018-06-13 10:00:00,86.7
2018-06-13 11:00:00,86.72
2018-06-13 12:00:00,86.7096
2018-06-13 13:00:00,86.73
2018-06-13 14:00:00,86.62
2018-06-13 15:00:00,86.81
2018-06-13 16:00:00,86.81
2018-06-13 18:00:00,86.81
2018-06-13 20:00:00,86.81
2018-06-14 06:00:00,87.05
2018-06-14 09:00:00,86.78
2018-06-14 10:00:00,86.83
2018-06-14 11:00:00,86.685
2018-06-14 12:00:00,86.7
2018-06-14 13:00:00,86.59
2018-06-14 14:00:00,86.57
2018-06-14 15:00:00,86.56
2018-06-14 16:00:00,86.56
2018-06-14 18:00:00,86.56
2018-06-14 20:00:00,86.56
2018-06-15 09:00:00,86.56
2018-06-15 10:00:00,86.64
2018-06-15 11:00:00,86.59
2018-06-15 12:00:00,86.59
2018-06-15 13:00:00,86.605
2018-06-15 14:00:00,86.57
2018-06-15 15:00:00,86.56
2018-06-15 16:00:00,86.58
2018-06-15 18:00:00,86.58
2018-06-15 20:00:00,86.58
2018-06-18 09:00:00,86.69
2018-06-18 10:00:00,86.7
2018-06-18 11:00:00,86.7
2018-06-18 12:00:00,86.69
2018-06-18 13:00:00,86.66
2018-06-18 14:00:00,86.65
2018-06-18 15:00:00,86.6
2018-06-18 16:00:00,86.61
2018-06-18 18:00:00,86.61
2018-06-18 20:00:00,86.61
2018-06-19 04:00:00,87.3
2018-06-19 07:00:00,87.19
2018-06-19 09:00:00,87.1515
2018-06-19 10:00:00,87.15
2018-06-19 11:00:00,87.01
2018-06-19 12:00:00,87.14
2018-06-19 13:00:00,87.03
2018-06-19 14:00:00,87.0
2018-06-19 15:00:00,87.01
2018-06-19 16:00:00,87.01
2018-06-19 18:00:00,87.01
2018-06-19 20:00:00,87.01
2018-06-20 08:00:00,87.03
2018-06-20 09:00:00,86.9069
2018-06-20 10:00:00,86.94
2018-06-20 11:00:00,86.98
2018-06-20 12:00:00,86.88
2018-06-20 13:00:00,86.88
2018-06-20 14:00:00,86.7699
2018-06-20 15:00:00,86.74
2018-06-20 16:00:00,86.74
2018-06-20 18:00:00,86.74
2018-06-20 20:00:00,86.74
2018-06-21 07:00:00,86.67
2018-06-21 09:00:00,86.91
2018-06-21 10:00:00,87.054
2018-06-21 11:00:00,87.0104
2018-06-21 12:00:00,87.0999
2018-06-21 13:00:00,87.0931
2018-06-21 14:00:00,87.13
2018-06-21 15:00:00,87.04
2018-06-21 16:00:00,87.05
2018-06-21 18:00:00,87.05
2018-06-21 20:00:00,87.05
2018-06-22 09:00:00,87.01
2018-06-22 10:00:00,87.121
2018-06-22 11:00:00,87.0779
2018-06-22 12:00:00,87.11
2018-06-22 13:00:00,87.088
2018-06-22 14:00:00,87.13
2018-06-22 15:00:00,87.06
2018-06-22 16:00:00,87.07
2018-06-22 18:00:00,87.07
2018-06-22 20:00:00,87.07
2018-06-25 05:00:00,87.42
2018-06-25 09:00:00,87.4199
2018-06-25 10:00:00,87.33
2018-06-25 11:00:00,87.3471
2018-06-25 12:00:00,87.4
2018-06-25 13:00:00,87.444
2018-06-25 14:00:00,87.485
2018-06-25 15:00:00,87.18
2018-06-25 16:00:00,87.18
2018-06-25 17:00:00,87.18
2018-06-25 18:00:00,87.18
2018-06-25 20:00:00,87.18
2018-06-26 09:00:00,87.27
2018-06-26 10:00:00,87.111
2018-06-26 11:00:00,87.1
2018-06-26 12:00:00,87.069
2018-06-26 13:00:00,86.92
2018-06-26 14:00:00,86.95
2018-06-26 15:00:00,86.95
2018-06-26 16:00:00,86.96
2018-06-26 18:00:00,86.96
2018-06-26 20:00:00,86.96
2018-06-27 08:00:00,86.88
2018-06-27 09:00:00,86.7133
2018-06-27 10:00:00,86.67
2018-06-27 11:00:00,86.76
2018-06-27 12:00:00,86.75
2018-06-27 13:00:00,86.83
2018-06-27 14:00:00,86.88
2018-06-27 15:00:00,86.83
2018-06-27 16:00:00,86.85
2018-06-27 18:00:00,86.83
2018-06-27 20:00:00,86.83
2018-06-28 09:00:00,86.84
2018-06-28 10:00:00,86.74
2018-06-28 11:00:00,86.72
2018-06-28 12:00:00,86.7713
2018-06-28 13:00:00,86.7
2018-06-28 14:00:00,86.54
2018-06-28 15:00:00,86.62
2018-06-28 16:00:00,86.63
2018-06-28 18:00:00,86.62
2018-06-28 20:00:00,86.62
2018-06-29 04:00:00,86.5
2018-06-29 09:00:00,86.46
2018-06-29 10:00:00,86.48
2018-06-29 11:00:00,86.48
2018-06-29 12:00:00,86.43
2018-06-29 13:00:00,86.421
2018-06-29 14:00:00,86.36
2018-06-29 15:00:00,86.47
2018-06-29 16:00:00,86.47
2018-06-29 18:00:00,86.47
2018-06-29 20:00:00,86.47
2018-07-02 08:00:00,86.5
2018-07-02 09:00:00,86.37
2018-07-02 10:00:00,86.4176
2018-07-02 11:00:00,86.46
2018-07-02 12:00:00,86.39
2018-07-02 13:00:00,86.324
2018-07-02 14:00:00,86.35
2018-07-02 15:00:00,86.35
2018-07-02 16:00:00,86.35
2018-07-02 18:00:00,86.35
2018-07-02 20:00:00,86.35
2018-07-03 09:00:00,86.53
2018-07-03 10:00:00,86.55
2018-07-03 11:00:00,86.63
2018-07-03 12:00:00,86.62
2018-07-03 13:00:00,86.62
2018-07-03 15:00:00,86.62
2018-07-03 16:00:00,86.62
2018-07-05 09:00:00,86.549
2018-07-05 10:00:00,86.6
2018-07-05 11:00:00,86.53
2018-07-05 12:00:00,86.53
2018-07-05 13:00:00,86.52
2018-07-05 14:00:00,86.509
2018-07-05 15:00:00,86.53
2018-07-05 16:00:00,86.55
2018-07-05 18:00:00,86.55
2018-07-05 20:00:00,86.55
2018-07-06 09:00:00,86.7149
2018-07-06 10:00:00,86.68
2018-07-06 11:00:00,86.64
2018-07-06 12:00:00,86.65
2018-07-06 13:00:00,86.6401
2018-07-06 14:00:00,86.6799
2018-07-06 15:00:00,86.7
2018-07-06 16:00:00,86.7
2018-07-06 18:00:00,86.82
2018-07-06 20:00:00,86.7
2018-07-09 09:00:00,86.52
2018-07-09 10:00:00,86.45
2018-07-09 11:00:00,86.39
2018-07-09 12:00:00,86.37
2018-07-09 13:00:00,86.39
2018-07-09 14:00:00,86.35
2018-07-09 15:00:00,86.35
2018-07-09 16:00:00,86.37
2018-07-09 17:00:00,85.73
2018-07-09 18:00:00,86.37
2018-07-09 20:00:00,86.37
2018-07-10 09:00:00,86.03
2018-07-10 10:00:00,86.04
2018-07-10 11:00:00,86.07
2018-07-10 12:00:00,86.02
2018-07-10 13:00:00,86.0701
2018-07-10 14:00:00,86.0
2018-07-10 15:00:00,86.02
2018-07-10 16:00:00,86.03
2018-07-10 18:00:00,86.03
2018-07-10 20:00:00,86.03
2018-07-11 09:00:00,86.0699
2018-07-11 10:00:00,86.0
2018-07-11 11:00:00,85.8
2018-07-11 12:00:00,85.5122
2018-07-11 13:00:00,85.449
2018-07-11 14:00:00,85.38
2018-07-11 15:00:00,85.4
2018-07-11 16:00:00,85.39
2018-07-11 18:00:00,85.39
2018-07-11 20:00:00,85.39
2018-07-12 08:00:00,85.05
2018-07-12 09:00:00,85.0465
2018-07-12 10:00:00,85.13
2018-07-12 11:00:00,85.139
2018-07-12 12:00:00,85.11
2018-07-12 13:00:00,85.08
2018-07-12 14:00:00,85.0862
2018-07-12 15:00:00,85.06
2018-07-12 16:00:00,85.06
2018-07-12 18:00:00,85.06
2018-07-12 20:00:00,85.06
2018-07-13 08:00:00,84.99
2018-07-13 09:00:00,85.05
2018-07-13 10:00:00,85.13
2018-07-13 11:00:00,85.15
2018-07-13 12:00:00,85.09
2018-07-13 13:00:00,85.131
2018-07-13 14:00:00,85.21
2018-07-13 15:00:00,85.17
2018-07-13 16:00:00,85.19
2018-07-13 18:00:00,85.19
2018-07-13 20:00:00,85.19
2018-07-16 08:00:00,85.2
2018-07-16 09:00:00,85.18
2018-07-16 10:00:00,85.17
2018-07-16 11:00:00,85.1738
2018-07-16 12:00:00,85.175
2018-07-16 13:00:00,85.2
2018-07-16 14:00:00,85.2101
2018-07-16 15:00:00,85.22
2018-07-16 16:00:00,85.22
2018-07-16 18:00:00,85.22
2018-07-16 20:00:00,85.22
2018-07-17 08:00:00,85.0
2018-07-17 09:00:00,84.86
2018-07-17 10:00:00,84.77
2018-07-17 11:00:00,84.845
2018-07-17 12:00:00,84.77
2018-07-17 13:00:00,84.82
2018-07-17 14:00:00,84.79
2018-07-17 15:00:00,84.78
2018-07-17 16:00:00,84.79
2018-07-17 18:00:00,84.79
2018-07-17 20:00:00,84.79
2018-07-18 09:00:00,84.7902
2018-07-18 10:00:00,84.83
2018-07-18 11:00:00,84.7701
2018-07-18 12:00:00,84.815
2018-07-18 13:00:00,84.82
2018-07-18 14:00:00,84.79
2018-07-18 15:00:00,84.77
2018-07-18 16:00:00,84.77
2018-07-18 17:00:00,84.7
2018-07-18 18:00:00,84.77
2018-07-18 20:00:00,84.77
2018-07-19 08:00:00,84.6
2018-07-19 09:00:00,84.74
2018-07-19 10:00:00,84.75
2018-07-19 11:00:00,84.68
2018-07-19 12:00:00,84.825
2018-07-19 13:00:00,85.18
2018-07-19 14:00:00,85.09
2018-07-19 15:00:00,85.06
2018-07-19 16:00:00,85.05
2018-07-19 18:00:00,85.05
2018-07-19 20:00:00,85.05
2018-07-20 08:00:00,85.45
2018-07-20 09:00:00,85.55
2018-07-20 10:00:00,85.57
2018-07-20 11:00:00,85.631
2018-07-20 12:00:00,85.659
2018-07-20 13:00:00,85.76
2018-07-20 14:00:00,85.7736
2018-07-20 15:00:00,85.8
2018-07-20 16:00:00,85.88
2018-07-20 18:00:00,85.8
2018-07-20 20:00:00,85.8
2018-07-23 08:00:00,85.98
2018-07-23 09:00:00,85.965
2018-07-23 10:00:00,85.89
2018-07-23 11:00:00,85.959
2018-07-23 12:00:00,85.865
2018-07-23 13:00:00,85.82
2018-07-23 14:00:00,85.84
2018-07-23 15:00:00,85.88
2018-07-23 16:00:00,85.89
2018-07-23 18:00:00,85.89
2018-07-23 20:00:00,85.89
2018-07-24 06:00:00,86.07
2018-07-24 09:00:00,86.17
2018-07-24 10:00:00,86.15
2018-07-24 11:00:00,86.01
2018-07-24 12:00:00,85.9501
2018-07-24 13:00:00,86.05
2018-07-24 14:00:00,86.05
2018-07-24 15:00:00,86.057
2018-07-24 16:00:00,86.06
2018-07-24 18:00:00,86.06
2018-07-24 20:00:00,86.06
2018-07-25 09:00:00,86.15
2018-07-25 10:00:00,86.2405
2018-07-25 11:00:00,86.2305
2018-07-25 12:00:00,86.221
2018-07-25 13:00:00,86.35
2018-07-25 14:00:00,86.311
2018-07-25 15:00:00,86.23
2018-07-25 16:00:00,86.23
2018-07-25 18:00:00,86.23
2018-07-25 20:00:00,86.23
2018-07-26 09:00:00,86.16
2018-07-26 10:00:00,86.1416
2018-07-26 11:00:00,86.07
2018-07-26 12:00:00,86.101
2018-07-26 13:00:00,86.07
2018-07-26 14:00:00,86.03
2018-07-26 15:00:00,86.03
2018-07-26 16:00:00,86.01
2018-07-26 18:00:00,86.01
2018-07-26 20:00:00,86.01
2018-07-27 08:00:00,86.22
2018-07-27 09:00:00,86.19
2018-07-27 10:00:00,86.2316
2018-07-27 11:00:00,86.25
2018-07-27 12:00:00,86.3
2018-07-27 13:00:00,86.2353
2018-07-27 14:00:00,86.215
2018-07-27 15:00:00,86.21
2018-07-27 16:00:00,86.2
2018-07-27 18:00:00,86.2
2018-07-27 20:00:00,86.2
2018-07-30 09:00:00,86.221
2018-07-30 10:00:00,86.2351
2018-07-30 11:00:00,86.21
2018-07-30 12:00:00,86.23
2018-07-30 13:00:00,86.25
2018-07-30 14:00:00,86.245
2018-07-30 15:00:00,86.16
2018-07-30 16:00:00,86.14
2018-07-30 18:00:00,86.17
2018-07-30 20:00:00,86.17
2018-07-31 09:00:00,85.53
2018-07-31 10:00:00,85.4883
2018-07-31 11:00:00,85.52
2018-07-31 12:00:00,85.56
2018-07-31 13:00:00,85.53
2018-07-31 14:00:00,85.56
2018-07-31 15:00:00,85.56
2018-07-31 16:00:00,85.58
2018-07-31 18:00:00,85.58
2018-07-31 20:00:00,85.58
2018-08-01 09:00:00,85.47
2018-08-01 10:00:00,85.46
2018-08-01 11:00:00,85.63
2018-08-01 12:00:00,85.6701
2018-08-01 13:00:00,85.6701
2018-08-01 14:00:00,85.76
2018-08-01 15:00:00,85.72
2018-08-01 16:00:00,85.74
2018-08-01 18:00:00,85.72
2018-08-01 20:00:00,85.72
2018-08-02 08:00:00,85.89
2018-08-02 09:00:00,85.87
2018-08-02 10:00:00,85.85
2018-08-02 11:00:00,85.82
2018-08-02 12:00:00,85.7
2018-08-02 13:00:00,85.7
2018-08-02 14:00:00,85.65
2018-08-02 15:00:00,85.69
2018-08-02 16:00:00,85.68
2018-08-02 18:00:00,85.68
2018-08-02 20:00:00,85.68
2018-08-03 09:00:00,86.01
2018-08-03 10:00:00,86.079
2018-08-03 11:00:00,86.11
2018-08-03 12:00:00,86.01
2018-08-03 13:00:00,86.007
2018-08-03 14:00:00,86.0
2018-08-03 15:00:00,86.04
2018-08-03 16:00:00,86.04
2018-08-03 18:00:00,86.04
2018-08-03 20:00:00,86.04
2018-08-06 09:00:00,85.82
2018-08-06 10:00:00,85.89
2018-08-06 11:00:00,85.85
2018-08-06 12:00:00,85.86
2018-08-06 13:00:00,85.86
2018-08-06 14:00:00,85.88
2018-08-06 15:00:00,85.86
2018-08-06 16:00:00,85.86
2018-08-06 18:00:00,85.86
2018-08-06 20:00:00,85.86
2018-08-07 08:00:00,86.15
2018-08-07 09:00:00,86.11
2018-08-07 10:00:00,86.03
2018-08-07 11:00:00,86.03
2018-08-07 12:00:00,85.97
2018-08-07 13:00:00,85.9468
2018-08-07 14:00:00,85.83
2018-08-07 15:00:00,85.86
2018-08-07 16:00:00,85.87
2018-08-07 18:00:00,85.87
2018-08-07 20:00:00,85.87
2018-08-08 09:00:00,86.2
2018-08-08 10:00:00,86.2
2018-08-08 11:00:00,86.21
2018-08-08 12:00:00,86.2
2018-08-08 13:00:00,86.23
2018-08-08 14:00:00,86.2
2018-08-08 15:00:00,86.18
2018-08-08 16:00:00,86.18
2018-08-08 18:00:00,86.18
2018-08-08 20:00:00,86.18
2018-08-09 09:00:00,86.2
2018-08-09 10:00:00,86.25
2018-08-09 11:00:00,86.28
2018-08-09 12:00:00,86.239
2018-08-09 13:00:00,86.2
2018-08-09 14:00:00,86.2
2018-08-09 15:00:00,86.12
2018-08-09 16:00:00,86.12
2018-08-09 18:00:00,86.12
2018-08-09 20:00:00,86.12
2018-08-10 09:00:00,86.32
2018-08-10 10:00:00,86.41
2018-08-10 11:00:00,86.44
2018-08-10 12:00:00,86.42
2018-08-10 13:00:00,86.49
2018-08-10 14:00:00,86.47
2018-08-10 15:00:00,86.32
2018-08-10 16:00:00,86.32
2018-08-10 18:00:00,86.32
2018-08-10 20:00:00,86.32
2018-08-13 04:00:00,86.74
2018-08-13 09:00:00,86.24
2018-08-13 10:00:00,86.379
2018-08-13 11:00:00,86.45
2018-08-13 12:00:00,86.4
2018-08-13 13:00:00,86.3902
2018-08-13 14:00:00,86.42
2018-08-13 15:00:00,86.49
2018-08-13 16:00:00,86.46
2018-08-13 18:00:00,86.46
2018-08-13 20:00:00,86.46
2018-08-14 08:00:00,86.35
2018-08-14 09:00:00,86.356
2018-08-14 10:00:00,86.25
2018-08-14 11:00:00,86.25
2018-08-14 12:00:00,86.14
2018-08-14 13:00:00,86.0079
2018-08-14 14:00:00,86.02
2018-08-14 15:00:00,86.02
2018-08-14 16:00:00,86.02
2018-08-14 18:00:00,86.02
2018-08-14 20:00:00,86.02
2018-08-15 08:00:00,86.25
2018-08-15 09:00:00,86.39
2018-08-15 10:00:00,86.6155
2018-08-15 11:00:00,86.47
2018-08-15 12:00:00,86.41
2018-08-15 13:00:00,86.45
2018-08-15 14:00:00,86.51
2018-08-15 15:00:00,86.45
2018-08-15 16:00:00,86.45
2018-08-15 18:00:00,86.45
2018-08-15 20:00:00,86.45
2018-08-16 09:00:00,86.46
2018-08-16 10:00:00,86.4
2018-08-16 11:00:00,86.28
2018-08-16 12:00:00,86.26
2018-08-16 13:00:00,86.25
2018-08-16 14:00:00,86.2876
2018-08-16 15:00:00,86.26
2018-08-16 16:00:00,86.26
2018-08-16 18:00:00,86.26
2018-08-16 20:00:00,86.26
2018-08-17 09:00:00,86.6
2018-08-17 10:00:00,86.5999
2018-08-17 11:00:00,86.59
2018-08-17 12:00:00,86.65
2018-08-17 13:00:00,86.65
2018-08-17 14:00:00,86.46
2018-08-17 15:00:00,86.49
2018-08-17 16:00:00,86.49
2018-08-17 18:00:00,86.49
2018-08-17 20:00:00,86.49
2018-08-20 09:00:00,86.64
2018-08-20 10:00:00,86.63
2018-08-20 11:00:00,86.6401
2018-08-20 12:00:00,86.7069
2018-08-20 13:00:00,86.78
2018-08-20 14:00:00,86.8
2018-08-20 15:00:00,86.88
2018-08-20 16:00:00,86.8901
2018-08-20 18:00:00,86.88
2018-08-20 20:00:00,86.88
2018-08-21 08:00:00,86.69
2018-08-21 09:00:00,86.6
2018-08-21 10:00:00,86.64
2018-08-21 11:00:00,86.5861
2018-08-21 12:00:00,86.61
2018-08-21 13:00:00,86.73
2018-08-21 14:00:00,86.69
2018-08-21 15:00:00,86.66
2018-08-21 16:00:00,86.66
2018-08-21 18:00:00,86.66
2018-08-21 20:00:00,86.66
2018-08-22 09:00:00,86.6627
2018-08-22 10:00:00,86.6062
2018-08-22 11:00:00,86.5308
2018-08-22 12:00:00,86.55
2018-08-22 13:00:00,86.5422
2018-08-22 14:00:00,86.54
2018-08-22 15:00:00,86.62
2018-08-22 16:00:00,86.62
2018-08-22 18:00:00,86.62
2018-08-22 20:00:00,86.62
2018-08-23 09:00:00,86.14
2018-08-23 10:00:00,85.9986
2018-08-23 11:00:00,86.07
2018-08-23 12:00:00,85.98
2018-08-23 13:00:00,86.02
2018-08-23 14:00:00,86.0
2018-08-23 15:00:00,85.98
2018-08-23 16:00:00,85.96
2018-08-23 18:00:00,85.96
2018-08-23 20:00:00,85.96
2018-08-24 09:00:00,85.89
2018-08-24 10:00:00,86.04
2018-08-24 11:00:00,86.01
2018-08-24 12:00:00,86.059
2018-08-24 13:00:00,86.0574
2018-08-24 14:00:00,86.04
2018-08-24 15:00:00,86.07
2018-08-24 16:00:00,86.0685
2018-08-24 18:00:00,86.0685
2018-08-24 20:00:00,86.0685
2018-08-27 09:00:00,86.1696
2018-08-27 10:00:00,86.15
2018-08-27 11:00:00,86.12
2018-08-27 12:00:00,86.13
2018-08-27 13:00:00,86.1
2018-08-27 14:00:00,86.1037
2018-08-27 15:00:00,86.12
2018-08-27 16:00:00,86.12
2018-08-27 18:00:00,86.12
2018-08-27 20:00:00,86.12
2018-08-28 09:00:00,86.17
2018-08-28 10:00:00,86.06
2018-08-28 11:00:00,86.13
2018-08-28 13:00:00,86.09
2018-08-28 14:00:00,85.99
2018-08-28 15:00:00,86.03
2018-08-28 16:00:00,86.03
2018-08-28 18:00:00,86.03
2018-08-28 20:00:00,86.03
2018-08-29 08:00:00,85.94
2018-08-29 09:00:00,85.83
2018-08-29 10:00:00,85.66
2018-08-29 11:00:00,85.55
2018-08-29 12:00:00,85.59
2018-08-29 13:00:00,85.6799
2018-08-29 14:00:00,85.6348
2018-08-29 15:00:00,85.64
2018-08-29 16:00:00,85.63
2018-08-29 18:00:00,85.63
2018-08-29 20:00:00,85.63
2018-08-30 09:00:00,85.89
2018-08-30 10:00:00,85.87
2018-08-30 11:00:00,86.04
2018-08-30 12:00:00,86.01
2018-08-30 13:00:00,86.02
2018-08-30 14:00:00,86.14
2018-08-30 15:00:00,86.17
2018-08-30 16:00:00,86.17
2018-08-30 18:00:00,86.17
2018-08-30 20:00:00,86.17
2018-08-31 09:00:00,86.31
2018-08-31 10:00:00,86.26
2018-08-31 11:00:00,86.18
2018-08-31 12:00:00,86.17
2018-08-31 13:00:00,86.19
2018-08-31 14:00:00,86.14
2018-08-31 15:00:00,86.09
2018-08-31 16:00:00,86.09
2018-08-31 18:00:00,86.09
2018-08-31 20:00:00,86.09
2018-09-04 06:00:00,85.89
2018-09-04 09:00:00,85.98
2018-09-04 10:00:00,85.87
2018-09-04 11:00:00,85.83
2018-09-04 12:00:00,85.84
2018-09-04 13:00:00,85.78
2018-09-04 14:00:00,85.78
2018-09-04 15:00:00,85.81
2018-09-04 16:00:00,85.7897
2018-09-04 18:00:00,85.7897
2018-09-04 20:00:00,85.7897
2018-09-05 09:00:00,85.58
2018-09-05 10:00:00,85.6999
2018-09-05 11:00:00,85.74
2018-09-05 12:00:00,85.74
2018-09-05 13:00:00,85.7
2018-09-05 14:00:00,85.76
2018-09-05 15:00:00,85.74
2018-09-05 16:00:00,85.74
2018-09-05 18:00:00,85.74
2018-09-05 20:00:00,85.74
2018-09-06 09:00:00,86.02
2018-09-06 10:00:00,86.23
2018-09-06 11:00:00,86.23
2018-09-06 12:00:00,86.3476
2018-09-06 13:00:00,86.3
2018-09-06 14:00:00,86.26
2018-09-06 15:00:00,86.26
2018-09-06 16:00:00,86.24
2018-09-06 18:00:00,86.24
2018-09-06 20:00:00,86.24
2018-09-07 09:00:00,86.0954
2018-09-07 10:00:00,86.04
2018-09-07 11:00:00,85.99
2018-09-07 12:00:00,86.1673
2018-09-07 13:00:00,86.0939
2018-09-07 14:00:00,86.0701
2018-09-07 15:00:00,86.14
2018-09-07 16:00:00,86.14
2018-09-07 18:00:00,86.14
2018-09-07 20:00:00,86.14
2018-09-10 09:00:00,86.0
2018-09-10 10:00:00,86.0564
2018-09-10 11:00:00,86.07
2018-09-10 12:00:00,86.06
2018-09-10 13:00:00,86.04
2018-09-10 14:00:00,85.98
2018-09-10 15:00:00,86.03
2018-09-10 16:00:00,86.01
2018-09-10 17:00:00,86.3
2018-09-10 18:00:00,86.01
2018-09-10 20:00:00,86.01
2018-09-11 09:00:00,85.75
2018-09-11 10:00:00,85.79
2018-09-11 11:00:00,85.69
2018-09-11 12:00:00,85.67
2018-09-11 13:00:00,85.701
2018-09-11 14:00:00,85.69
2018-09-11 15:00:00,85.66
2018-09-11 16:00:00,85.69
2018-09-11 18:00:00,85.69
2018-09-11 20:00:00,85.69
2018-09-12 09:00:00,85.92
2018-09-12 10:00:00,85.94
2018-09-12 11:00:00,85.8625
2018-09-12 12:00:00,85.89
2018-09-12 13:00:00,86.05
2018-09-12 14:00:00,85.97
2018-09-12 15:00:00,85.96
2018-09-12 16:00:00,85.94
2018-09-12 18:00:00,85.94
2018-09-12 20:00:00,85.94
2018-09-13 09:00:00,85.69
2018-09-13 10:00:00,85.509
2018-09-13 11:00:00,85.43
2018-09-13 12:00:00,85.5
2018-09-13 13:00:00,85.4802
2018-09-13 14:00:00,85.49
2018-09-13 15:00:00,85.4
2018-09-13 16:00:00,85.4
2018-09-13 18:00:00,85.4
2018-09-13 20:00:00,85.4
2018-09-14 09:00:00,85.33
2018-09-14 10:00:00,85.3
2018-09-14 11:00:00,85.33
2018-09-14 12:00:00,85.36
2018-09-14 13:00:00,85.3473
2018-09-14 14:00:00,85.351
2018-09-14 15:00:00,85.35
2018-09-14 16:00:00,85.35
2018-09-14 18:00:00,85.35
2018-09-14 20:00:00,85.35
2018-09-17 09:00:00,85.37
2018-09-17 10:00:00,85.43
2018-09-17 11:00:00,85.4049
2018-09-17 12:00:00,85.3667
2018-09-17 13:00:00,85.439
2018-09-17 14:00:00,85.41
2018-09-17 15:00:00,85.51
2018-09-17 16:00:00,85.5
2018-09-17 18:00:00,85.5
2018-09-17 20:00:00,85.5
2018-09-18 09:00:00,85.2
2018-09-18 10:00:00,85.11
2018-09-18 11:00:00,85.14
2018-09-18 12:00:00,85.11
2018-09-18 13:00:00,85.1071
2018-09-18 14:00:00,85.0935
2018-09-18 15:00:00,85.1
2018-09-18 16:00:00,85.1
2018-09-18 18:00:00,85.1
2018-09-18 20:00:00,85.1
2018-09-19 09:00:00,85.16
2018-09-19 10:00:00,85.15
2018-09-19 11:00:00,85.2
2018-09-19 12:00:00,85.2265
2018-09-19 13:00:00,85.16
2018-09-19 14:00:00,85.17
2018-09-19 15:00:00,85.18
2018-09-19 16:00:00,85.17
2018-09-19 18:00:00,85.17
2018-09-19 20:00:00,85.17
2018-09-20 09:00:00,85.24
2018-09-20 10:00:00,85.04
2018-09-20 11:00:00,84.93
2018-09-20 12:00:00,84.96
2018-09-20 13:00:00,85.0
2018-09-20 14:00:00,85.0
2018-09-20 15:00:00,85.07
2018-09-20 16:00:00,85.04
2018-09-20 18:00:00,85.04
2018-09-20 20:00:00,85.04
2018-09-21 09:00:00,84.85
2018-09-21 10:00:00,84.94
2018-09-21 11:00:00,84.9
2018-09-21 12:00:00,84.92
2018-09-21 13:00:00,84.9075
2018-09-21 14:00:00,84.96
2018-09-21 15:00:00,84.93
2018-09-21 16:00:00,84.95
2018-09-21 18:00:00,84.93
2018-09-21 20:00:00,84.93
2018-09-24 09:00:00,84.93
2018-09-24 10:00:00,84.99
2018-09-24 11:00:00,84.9
2018-09-24 12:00:00,84.88
2018-09-24 13:00:00,84.81
2018-09-24 14:00:00,84.84
2018-09-24 15:00:00,84.78
2018-09-24 16:00:00,84.77
2018-09-24 18:00:00,84.79
2018-09-24 20:00:00,84.79
2018-09-25 08:00:00,84.82
2018-09-25 09:00:00,84.74
2018-09-25 10:00:00,84.72
2018-09-25 11:00:00,84.67
2018-09-25 12:00:00,84.67
2018-09-25 13:00:00,84.6449
2018-09-25 14:00:00,84.65
2018-09-25 15:00:00,84.64
2018-09-25 16:00:00,84.65
2018-09-25 18:00:00,84.65
2018-09-25 20:00:00,84.65
2018-09-26 09:00:00,84.6
2018-09-26 10:00:00,84.63
2018-09-26 11:00:00,84.66
2018-09-26 12:00:00,84.6684
2018-09-26 13:00:00,84.79
2018-09-26 14:00:00,84.73
2018-09-26 15:00:00,84.86
2018-09-26 16:00:00,84.8282
2018-09-26 18:00:00,84.8282
2018-09-26 20:00:00,84.8282
2018-09-27 09:00:00,84.59
2018-09-27 10:00:00,84.49
2018-09-27 11:00:00,84.3267
2018-09-27 12:00:00,84.3
2018-09-27 13:00:00,84.32
2018-09-27 14:00:00,84.31
2018-09-27 15:00:00,84.33
2018-09-27 16:00:00,84.33
2018-09-27 18:00:00,84.33
2018-09-27 20:00:00,84.33
2018-09-28 09:00:00,84.26
2018-09-28 10:00:00,84.18
2018-09-28 11:00:00,84.26
2018-09-28 12:00:00,84.25
2018-09-28 13:00:00,84.17
2018-09-28 14:00:00,84.18
2018-09-28 15:00:00,84.13
2018-09-28 16:00:00,84.15
2018-09-28 18:00:00,84.15
2018-09-28 20:00:00,84.15
2018-10-01 08:00:00,83.95
2018-10-01 09:00:00,83.89
2018-10-01 10:00:00,83.8897
2018-10-01 11:00:00,83.9156
2018-10-01 12:00:00,83.88
2018-10-01 13:00:00,83.8765
2018-10-01 14:00:00,83.89
2018-10-01 15:00:00,83.87
2018-10-01 16:00:00,83.87
2018-10-01 18:00:00,83.87
2018-10-01 20:00:00,83.87
2018-10-02 09:00:00,84.0645
2018-10-02 10:00:00,84.1
2018-10-02 11:00:00,84.1485
2018-10-02 12:00:00,84.08
2018-10-02 13:00:00,84.0101
2018-10-02 14:00:00,84.11
2018-10-02 15:00:00,84.19
2018-10-02 16:00:00,84.18
2018-10-02 18:00:00,84.18
2018-10-02 20:00:00,84.18
2018-10-03 08:00:00,84.01
2018-10-03 09:00:00,83.97
2018-10-03 10:00:00,83.8
2018-10-03 11:00:00,83.7102
2018-10-03 12:00:00,83.61
2018-10-03 13:00:00,83.58
2018-10-03 14:00:00,83.63
2018-10-03 15:00:00,83.64
2018-10-03 16:00:00,83.6
2018-10-03 18:00:00,83.6
2018-10-03 20:00:00,83.6
2018-10-04 07:00:00,83.71
2018-10-04 09:00:00,83.83
2018-10-04 10:00:00,84.1
2018-10-04 11:00:00,83.99
2018-10-04 12:00:00,84.02
2018-10-04 13:00:00,84.02
2018-10-04 14:00:00,83.96
2018-10-04 15:00:00,83.94
2018-10-04 16:00:00,83.97
2018-10-04 18:00:00,83.97
2018-10-04 20:00:00,83.97
2018-10-05 08:00:00,84.01
2018-10-05 09:00:00,84.052
2018-10-05 10:00:00,84.04
2018-10-05 11:00:00,84.16
2018-10-05 12:00:00,84.13
2018-10-05 13:00:00,84.06
2018-10-05 14:00:00,84.01
2018-10-05 15:00:00,84.129
2018-10-05 16:00:00,84.09
2018-10-05 18:00:00,84.1
2018-10-05 20:00:00,84.1
2018-10-08 04:00:00,84.39
2018-10-08 08:00:00,84.3
2018-10-08 09:00:00,84.43
2018-10-08 10:00:00,84.53
2018-10-08 11:00:00,84.59
2018-10-08 12:00:00,84.63
2018-10-08 13:00:00,84.7073
2018-10-08 14:00:00,84.62
2018-10-08 15:00:00,84.53
2018-10-08 16:00:00,84.5
2018-10-08 18:00:00,84.53
2018-10-08 20:00:00,84.53
2018-10-09 09:00:00,84.38
2018-10-09 10:00:00,84.46
2018-10-09 11:00:00,84.49
2018-10-09 12:00:00,84.55
2018-10-09 13:00:00,84.57
2018-10-09 14:00:00,84.56
2018-10-09 15:00:00,84.66
2018-10-09 16:00:00,84.67
2018-10-09 18:00:00,84.67
2018-10-09 20:00:00,84.67
2018-10-10 08:00:00,84.45
2018-10-10 09:00:00,84.595
2018-10-10 10:00:00,84.8399
2018-10-10 11:00:00,84.7999
2018-10-10 12:00:00,84.8
2018-10-10 13:00:00,84.77
2018-10-10 14:00:00,84.94
2018-10-10 15:00:00,85.05
2018-10-10 16:00:00,85.11
2018-10-10 18:00:00,85.05
2018-10-10 20:00:00,85.05
2018-10-11 05:00:00,85.15
2018-10-11 08:00:00,85.25
2018-10-11 09:00:00,84.98
2018-10-11 10:00:00,85.14
2018-10-11 11:00:00,85.15
2018-10-11 12:00:00,85.13
2018-10-11 13:00:00,85.27
2018-10-11 14:00:00,85.4
2018-10-11 15:00:00,85.34
2018-10-11 16:00:00,85.26
2018-10-11 18:00:00,85.33
2018-10-11 20:00:00,85.33
2018-10-12 09:00:00,85.2
2018-10-12 10:00:00,85.2462
2018-10-12 11:00:00,85.322
2018-10-12 12:00:00,85.4
2018-10-12 13:00:00,85.33
2018-10-12 14:00:00,85.35
2018-10-12 15:00:00,85.17
2018-10-12 16:00:00,85.18
2018-10-12 18:00:00,85.18
2018-10-12 20:00:00,85.18
2018-10-15 09:00:00,85.5
2018-10-15 10:00:00,85.51
2018-10-15 11:00:00,85.48
2018-10-15 12:00:00,85.5
2018-10-15 13:00:00,85.47
2018-10-15 14:00:00,85.43
2018-10-15 15:00:00,85.52
2018-10-15 16:00:00,85.52
2018-10-15 18:00:00,85.52
2018-10-15 20:00:00,85.52
2018-10-16 09:00:00,85.26
2018-10-16 10:00:00,85.16
2018-10-16 11:00:00,85.24
2018-10-16 12:00:00,85.2301
2018-10-16 13:00:00,85.1819
2018-10-16 14:00:00,85.215
2018-10-16 15:00:00,85.17
2018-10-16 16:00:00,85.18
2018-10-16 18:00:00,85.17
2018-10-16 20:00:00,85.17
2018-10-17 09:00:00,85.2401
2018-10-17 10:00:00,85.29
2018-10-17 11:00:00,85.2485
2018-10-17 12:00:00,85.1379
2018-10-17 13:00:00,85.09
2018-10-17 14:00:00,84.955
2018-10-17 15:00:00,84.93
2018-10-17 16:00:00,84.95
2018-10-17 18:00:00,84.95
2018-10-17 20:00:00,84.95
2018-10-18 09:00:00,84.93
2018-10-18 10:00:00,84.97
2018-10-18 11:00:00,85.24
2018-10-18 12:00:00,85.26
2018-10-18 13:00:00,85.34
2018-10-18 14:00:00,85.22
2018-10-18 15:00:00,85.19
2018-10-18 16:00:00,85.19
2018-10-18 18:00:00,85.19
2018-10-18 20:00:00,85.19
2018-10-19 09:00:00,84.93
2018-10-19 10:00:00,84.9501
2018-10-19 11:00:00,84.9918
2018-10-19 12:00:00,85.0064
2018-10-19 13:00:00,84.94
2018-10-19 14:00:00,84.9399
2018-10-19 15:00:00,84.9
2018-10-19 16:00:00,84.95
2018-10-19 18:00:00,84.91
2018-10-19 20:00:00,84.91
2018-10-22 09:00:00,84.7727
2018-10-22 10:00:00,84.7
2018-10-22 11:00:00,84.74
2018-10-22 12:00:00,84.8
2018-10-22 13:00:00,84.7735
2018-10-22 14:00:00,84.7338
2018-10-22 15:00:00,84.7
2018-10-22 16:00:00,84.7
2018-10-22 18:00:00,84.7
2018-10-22 20:00:00,84.7
2018-10-23 08:00:00,85.17
2018-10-23 09:00:00,85.2559
2018-10-23 10:00:00,85.25
2018-10-23 11:00:00,85.24
2018-10-23 12:00:00,85.18
2018-10-23 13:00:00,85.19
2018-10-23 14:00:00,85.01
2018-10-23 15:00:00,85.05
2018-10-23 16:00:00,85.05
2018-10-23 18:00:00,85.05
2018-10-23 20:00:00,85.05
2018-10-24 09:00:00,84.87
2018-10-24 10:00:00,84.96
2018-10-24 11:00:00,84.8601
2018-10-24 12:00:00,84.92
2018-10-24 13:00:00,85.035
2018-10-24 14:00:00,85.0127
2018-10-24 15:00:00,85.23
2018-10-24 16:00:00,85.23
2018-10-24 18:00:00,85.23
2018-10-24 20:00:00,85.23
2018-10-25 09:00:00,84.9734
2018-10-25 10:00:00,84.91
2018-10-25 11:00:00,84.92
2018-10-25 12:00:00,84.901
2018-10-25 13:00:00,84.8301
2018-10-25 14:00:00,84.88
2018-10-25 15:00:00,84.9
2018-10-25 16:00:00,84.9
2018-10-25 18:00:00,84.9
2018-10-25 20:00:00,84.9
2018-10-26 09:00:00,85.4889
2018-10-26 10:00:00,85.7565
2018-10-26 11:00:00,85.6
2018-10-26 12:00:00,85.37
2018-10-26 13:00:00,85.3
2018-10-26 14:00:00,85.4399
2018-10-26 15:00:00,85.49
2018-10-26 16:00:00,85.5
2018-10-26 18:00:00,85.5
2018-10-26 20:00:00,85.5
2018-10-29 07:00:00,85.01
2018-10-29 09:00:00,84.9354
2018-10-29 10:00:00,84.96
2018-10-29 11:00:00,84.94
2018-10-29 12:00:00,84.95
2018-10-29 13:00:00,84.96
2018-10-29 14:00:00,85.03
2018-10-29 15:00:00,85.01
2018-10-29 16:00:00,85.01
2018-10-29 18:00:00,85.01
2018-10-29 19:00:00,85.0
2018-10-29 20:00:00,85.01
2018-10-30 08:00:00,84.72
2018-10-30 09:00:00,84.6797
2018-10-30 10:00:00,84.7501
2018-10-30 11:00:00,84.7466
2018-10-30 12:00:00,84.67
2018-10-30 13:00:00,84.6732
2018-10-30 14:00:00,84.6
2018-10-30 15:00:00,84.57
2018-10-30 16:00:00,84.57
2018-10-30 18:00:00,84.57
2018-10-30 20:00:00,84.57
2018-10-31 09:00:00,84.3199
2018-10-31 10:00:00,84.42
2018-10-31 11:00:00,84.69
2018-10-31 12:00:00,84.62
2018-10-31 13:00:00,84.53
2018-10-31 14:00:00,84.54
2018-10-31 15:00:00,84.7
2018-10-31 16:00:00,84.71
2018-10-31 18:00:00,84.71
2018-10-31 20:00:00,84.71
2018-11-01 09:00:00,84.7754
2018-11-01 10:00:00,84.8111
2018-11-01 11:00:00,84.75
2018-11-01 12:00:00,84.79
2018-11-01 13:00:00,84.81
2018-11-01 14:00:00,84.78
2018-11-01 15:00:00,84.8
2018-11-01 16:00:00,84.8
2018-11-01 18:00:00,84.8
2018-11-01 20:00:00,84.8
2018-11-02 08:00:00,84.65
2018-11-02 09:00:00,84.56
2018-11-02 10:00:00,84.59
2018-11-02 11:00:00,84.49
2018-11-02 12:00:00,84.49
2018-11-02 13:00:00,84.4
2018-11-02 14:00:00,84.3499
2018-11-02 15:00:00,84.43
2018-11-02 16:00:00,84.43
2018-11-02 18:00:00,84.43
2018-11-02 20:00:00,84.43
2018-11-05 08:00:00,84.39
2018-11-05 09:00:00,84.48
2018-11-05 10:00:00,84.41
2018-11-05 11:00:00,84.39
2018-11-05 12:00:00,84.45
2018-11-05 13:00:00,84.4206
2018-11-05 14:00:00,84.38
2018-11-05 15:00:00,84.43
2018-11-05 16:00:00,84.45
2018-11-05 18:00:00,84.45
2018-11-05 20:00:00,84.45
2018-11-06 09:00:00,84.36
2018-11-06 10:00:00,84.31
2018-11-06 11:00:00,84.29
2018-11-06 12:00:00,84.21
2018-11-06 13:00:00,84.21
2018-11-06 14:00:00,84.32
2018-11-06 15:00:00,84.225
2018-11-06 16:00:00,84.225
2018-11-06 18:00:00,84.225
2018-11-06 20:00:00,84.225
2018-11-07 09:00:00,84.4099
2018-11-07 10:00:00,84.33
2018-11-07 11:00:00,84.34
2018-11-07 12:00:00,84.3265
2018-11-07 13:00:00,84.2856
2018-11-07 14:00:00,84.3349
2018-11-07 15:00:00,84.18
2018-11-07 16:00:00,84.18
2018-11-07 18:00:00,84.19
2018-11-07 20:00:00,84.19
2018-11-08 09:00:00,84.079
2018-11-08 10:00:00,83.99
2018-11-08 11:00:00,83.92
2018-11-08 12:00:00,83.86
2018-11-08 13:00:00,83.93
2018-11-08 14:00:00,83.86
2018-11-08 15:00:00,83.85
2018-11-08 16:00:00,83.84
2018-11-08 18:00:00,83.84
2018-11-08 20:00:00,83.84
2018-11-09 09:00:00,83.95
2018-11-09 10:00:00,84.05
2018-11-09 11:00:00,84.0
2018-11-09 12:00:00,83.99
2018-11-09 13:00:00,83.99
2018-11-09 14:00:00,83.99
2018-11-09 15:00:00,83.99
2018-11-09 16:00:00,83.99
2018-11-09 18:00:00,83.99
2018-11-09 20:00:00,83.99
2018-11-12 09:00:00,83.95
2018-11-12 10:00:00,83.99
2018-11-12 11:00:00,84.02
2018-11-12 12:00:00,83.98
2018-11-12 13:00:00,83.97
2018-11-12 14:00:00,83.93
2018-11-12 15:00:00,83.99
2018-11-12 16:00:00,83.99
2018-11-12 18:00:00,83.99
2018-11-12 20:00:00,83.99
2018-11-13 09:00:00,83.87
2018-11-13 10:00:00,83.88
2018-11-13 11:00:00,83.85
2018-11-13 12:00:00,83.855
2018-11-13 13:00:00,83.84
2018-11-13 14:00:00,83.93
2018-11-13 15:00:00,83.99
2018-11-13 16:00:00,83.96
2018-11-13 18:00:00,83.99
2018-11-13 20:00:00,83.99
2018-11-14 08:00:00,83.85
2018-11-14 09:00:00,83.89
2018-11-14 10:00:00,83.92
2018-11-14 11:00:00,84.05
2018-11-14 12:00:00,84.11
2018-11-14 13:00:00,84.21
2018-11-14 14:00:00,84.2
2018-11-14 15:00:00,84.2
2018-11-14 16:00:00,84.13
2018-11-14 18:00:00,84.18
2018-11-14 20:00:00,84.18
2018-11-15 08:00:00,84.37
2018-11-15 09:00:00,84.39
2018-11-15 10:00:00,84.39
2018-11-15 11:00:00,84.24
2018-11-15 12:00:00,84.3
2018-11-15 13:00:00,84.11
2018-11-15 14:00:00,84.129
2018-11-15 15:00:00,84.14
2018-11-15 16:00:00,84.12
2018-11-15 18:00:00,84.14
2018-11-15 20:00:00,84.14
2018-11-16 09:00:00,84.79
2018-11-16 10:00:00,84.71
2018-11-16 11:00:00,84.7684
2018-11-16 12:00:00,84.68
2018-11-16 13:00:00,84.7
2018-11-16 14:00:00,84.68
2018-11-16 15:00:00,84.73
2018-11-16 16:00:00,84.73
2018-11-16 18:00:00,84.73
2018-11-16 20:00:00,84.73
2018-11-19 08:00:00,84.71
2018-11-19 09:00:00,84.77
2018-11-19 10:00:00,84.889
2018-11-19 11:00:00,84.92
2018-11-19 12:00:00,84.98
2018-11-19 13:00:00,84.97
2018-11-19 14:00:00,84.92
2018-11-19 15:00:00,84.91
2018-11-19 16:00:00,84.9
2018-11-19 18:00:00,84.9
2018-11-19 20:00:00,84.9
2018-11-20 08:00:00,85.06
2018-11-20 09:00:00,85.02
2018-11-20 10:00:00,84.83
2018-11-20 11:00:00,84.83
2018-11-20 12:00:00,84.82
2018-11-20 13:00:00,84.76
2018-11-20 14:00:00,84.77
2018-11-20 15:00:00,84.8
2018-11-20 16:00:00,84.8
2018-11-20 18:00:00,84.8
2018-11-20 20:00:00,84.8
2018-11-21 08:00:00,84.65
2018-11-21 09:00:00,84.56
2018-11-21 10:00:00,84.5901
2018-11-21 11:00:00,84.54
2018-11-21 12:00:00,84.555
2018-11-21 13:00:00,84.53
2018-11-21 14:00:00,84.51
2018-11-21 15:00:00,84.5
2018-11-21 16:00:00,84.48
2018-11-21 18:00:00,84.51
2018-11-21 20:00:00,84.51
2018-11-23 09:00:00,84.7
2018-11-23 10:00:00,84.73
2018-11-23 11:00:00,84.68
2018-11-23 12:00:00,84.68
2018-11-23 13:00:00,84.68
2018-11-23 15:00:00,84.68
2018-11-23 17:00:00,84.68
2018-11-26 09:00:00,84.22
2018-11-26 10:00:00,84.11
2018-11-26 11:00:00,84.12
2018-11-26 12:00:00,84.18
2018-11-26 13:00:00,84.141
2018-11-26 14:00:00,84.07
2018-11-26 15:00:00,84.09
2018-11-26 16:00:00,84.11
2018-11-26 18:00:00,84.11
2018-11-26 20:00:00,84.11
2018-11-27 08:00:00,84.15
2018-11-27 09:00:00,84.02
2018-11-27 10:00:00,83.97
2018-11-27 11:00:00,83.94
2018-11-27 12:00:00,83.98
2018-11-27 13:00:00,83.99
2018-11-27 14:00:00,83.98
2018-11-27 15:00:00,83.98
2018-11-27 16:00:00,83.98
2018-11-27 17:00:00,83.85
2018-11-27 18:00:00,83.98
2018-11-27 20:00:00,83.98
2018-11-28 09:00:00,83.85
2018-11-28 10:00:00,83.8
2018-11-28 11:00:00,83.83
2018-11-28 12:00:00,84.04
2018-11-28 13:00:00,84.13
2018-11-28 14:00:00,84.16
2018-11-28 15:00:00,84.08
2018-11-28 16:00:00,84.08
2018-11-28 18:00:00,84.08
2018-11-28 20:00:00,84.08
2018-11-29 07:00:00,84.31
2018-11-29 09:00:00,84.34
2018-11-29 10:00:00,84.34
2018-11-29 11:00:00,84.25
2018-11-29 12:00:00,84.2
2018-11-29 13:00:00,84.2
2018-11-29 14:00:00,84.23
2018-11-29 15:00:00,84.27
2018-11-29 16:00:00,84.27
2018-11-29 18:00:00,84.27
2018-11-29 20:00:00,84.27
2018-11-30 09:00:00,84.12
2018-11-30 10:00:00,84.14
2018-11-30 11:00:00,84.14
2018-11-30 12:00:00,84.06
2018-11-30 13:00:00,84.08
2018-11-30 14:00:00,84.09
2018-11-30 15:00:00,84.19
2018-11-30 16:00:00,84.15
2018-11-30 18:00:00,84.22
2018-11-30 20:00:00,84.22
2018-12-03 08:00:00,84.15
2018-12-03 09:00:00,84.18
2018-12-03 10:00:00,84.11
2018-12-03 11:00:00,84.1439
2018-12-03 12:00:00,84.08
2018-12-03 13:00:00,84.07
2018-12-03 14:00:00,84.03
2018-12-03 15:00:00,84.06
2018-12-03 16:00:00,84.05
2018-12-03 18:00:00,84.05
2018-12-03 20:00:00,84.05
2018-12-04 08:00:00,84.69
2018-12-04 09:00:00,84.69
2018-12-04 10:00:00,84.54
2018-12-04 11:00:00,84.59
2018-12-04 12:00:00,84.71
2018-12-04 13:00:00,84.71
2018-12-04 14:00:00,84.68
2018-12-04 15:00:00,84.67
2018-12-04 16:00:00,84.7
2018-12-04 18:00:00,84.68
2018-12-04 20:00:00,84.68
2018-12-06 08:00:00,84.75
2018-12-06 09:00:00,84.97
2018-12-06 10:00:00,85.04
2018-12-06 11:00:00,84.94
2018-12-06 12:00:00,84.9
2018-12-06 13:00:00,84.87
2018-12-06 14:00:00,84.82
2018-12-06 15:00:00,84.75
2018-12-06 16:00:00,84.76
2018-12-06 18:00:00,84.74
2018-12-06 20:00:00,84.74
2018-12-07 08:00:00,84.77
2018-12-07 09:00:00,84.68
2018-12-07 10:00:00,84.75
2018-12-07 11:00:00,84.82
2018-12-07 12:00:00,84.74
2018-12-07 13:00:00,84.77
2018-12-07 14:00:00,84.81
2018-12-07 15:00:00,84.81
2018-12-07 16:00:00,84.8
2018-12-07 18:00:00,84.8
2018-12-07 20:00:00,84.8
2018-12-10 06:00:00,84.8
2018-12-10 08:00:00,84.64
2018-12-10 09:00:00,84.59
2018-12-10 10:00:00,84.54
2018-12-10 11:00:00,84.54
2018-12-10 12:00:00,84.43
2018-12-10 13:00:00,84.41
2018-12-10 14:00:00,84.38
2018-12-10 15:00:00,84.32
2018-12-10 16:00:00,84.29
2018-12-10 18:00:00,84.32
2018-12-10 20:00:00,84.32
2018-12-11 08:00:00,84.37
2018-12-11 09:00:00,84.3133
2018-12-11 10:00:00,84.27
2018-12-11 11:00:00,84.23
2018-12-11 12:00:00,84.31
2018-12-11 13:00:00,84.31
2018-12-11 14:00:00,84.22
2018-12-11 15:00:00,84.26
2018-12-11 16:00:00,84.25
2018-12-11 18:00:00,84.25
2018-12-11 20:00:00,84.25
2018-12-12 09:00:00,84.34
2018-12-12 10:00:00,84.37
2018-12-12 11:00:00,84.36
2018-12-12 12:00:00,84.41
2018-12-12 13:00:00,84.36
2018-12-12 14:00:00,84.39
2018-12-12 15:00:00,84.41
2018-12-12 16:00:00,84.41
2018-12-12 18:00:00,84.41
2018-12-12 20:00:00,84.41
2018-12-13 09:00:00,84.13
2018-12-13 10:00:00,84.07
2018-12-13 11:00:00,84.04
2018-12-13 12:00:00,84.08
2018-12-13 13:00:00,84.12
2018-12-13 14:00:00,84.1
2018-12-13 15:00:00,84.09
2018-12-13 16:00:00,84.11
2018-12-13 18:00:00,84.11
2018-12-13 20:00:00,84.11
2018-12-14 09:00:00,84.07
2018-12-14 10:00:00,84.23
2018-12-14 11:00:00,84.27
2018-12-14 12:00:00,84.3
2018-12-14 13:00:00,84.27
2018-12-14 14:00:00,84.325
2018-12-14 15:00:00,84.26
2018-12-14 16:00:00,84.26
2018-12-14 18:00:00,84.26
2018-12-14 20:00:00,84.26
2018-12-17 08:00:00,84.45
2018-12-17 09:00:00,84.59
2018-12-17 10:00:00,84.55
2018-12-17 11:00:00,84.5732
2018-12-17 12:00:00,84.69
2018-12-17 13:00:00,84.74
2018-12-17 14:00:00,84.72
2018-12-17 15:00:00,84.73
2018-12-17 16:00:00,84.65
2018-12-17 17:00:00,84.46
2018-12-17 18:00:00,84.73
2018-12-17 20:00:00,84.73
2018-12-18 09:00:00,84.87
2018-12-18 10:00:00,84.82
2018-12-18 11:00:00,84.88
2018-12-18 12:00:00,84.87
2018-12-18 13:00:00,84.87
2018-12-18 14:00:00,84.88
2018-12-18 15:00:00,84.85
2018-12-18 16:00:00,84.85
2018-12-18 18:00:00,84.85
2018-12-18 20:00:00,84.85
2018-12-19 06:00:00,85.0
2018-12-19 09:00:00,85.16
2018-12-19 10:00:00,85.07
2018-12-19 11:00:00,85.17
2018-12-19 12:00:00,85.14
2018-12-19 13:00:00,85.12
2018-12-19 14:00:00,85.01
2018-12-19 15:00:00,84.82
2018-12-19 16:00:00,84.93
2018-12-19 18:00:00,84.83
2018-12-19 20:00:00,84.83
2018-12-20 08:00:00,85.6
2018-12-20 09:00:00,85.62
2018-12-20 10:00:00,85.53
2018-12-20 11:00:00,85.78
2018-12-20 12:00:00,85.91
2018-12-20 13:00:00,86.03
2018-12-20 14:00:00,85.96
2018-12-20 15:00:00,85.87
2018-12-20 16:00:00,85.87
2018-12-20 18:00:00,85.87
2018-12-20 20:00:00,85.87
2018-12-21 09:00:00,86.03
2018-12-21 10:00:00,85.91
2018-12-21 11:00:00,85.92
2018-12-21 12:00:00,85.79
2018-12-21 13:00:00,85.76
2018-12-21 14:00:00,85.82
2018-12-21 15:00:00,85.82
2018-12-21 16:00:00,85.87
2018-12-21 18:00:00,85.87
2018-12-21 20:00:00,85.87
2018-12-24 09:00:00,86.56
2018-12-24 10:00:00,86.42
2018-12-24 11:00:00,86.495
2018-12-24 12:00:00,86.52
2018-12-24 13:00:00,86.55
2018-12-24 15:00:00,86.55
2018-12-24 17:00:00,86.55
2018-12-26 09:00:00,86.36
2018-12-26 10:00:00,86.5601
2018-12-26 11:00:00,86.4701
2018-12-26 12:00:00,86.0999
2018-12-26 13:00:00,86.0634
2018-12-26 14:00:00,85.77
2018-12-26 15:00:00,85.77
2018-12-26 16:00:00,85.78
2018-12-26 18:00:00,85.78
2018-12-26 20:00:00,85.78
2018-12-27 09:00:00,86.2709
2018-12-27 10:00:00,86.2047
2018-12-27 11:00:00,86.1638
2018-12-27 12:00:00,86.3
2018-12-27 13:00:00,86.4
2018-12-27 14:00:00,86.21
2018-12-27 15:00:00,86.01
2018-12-27 16:00:00,86.0
2018-12-27 18:00:00,86.0
2018-12-27 20:00:00,86.0
2018-12-28 09:00:00,86.52
2018-12-28 10:00:00,86.45
2018-12-28 11:00:00,86.5
2018-12-28 12:00:00,86.45
2018-12-28 13:00:00,86.49
2018-12-28 14:00:00,86.48
2018-12-28 15:00:00,86.63
2018-12-28 16:00:00,86.63
2018-12-28 18:00:00,86.63
2018-12-28 20:00:00,86.63
2018-12-31 08:00:00,86.76
2018-12-31 09:00:00,86.78
2018-12-31 10:00:00,86.96
2018-12-31 11:00:00,87.04
2018-12-31 12:00:00,87.06
2018-12-31 13:00:00,87.04
2018-12-31 14:00:00,87.09
2018-12-31 15:00:00,87.12
2018-12-31 16:00:00,87.11
2018-12-31 18:00:00,87.11
2018-12-31 20:00:00,87.11
