DATETIME_simple,IBM_PRICE
2018-01-02 04:00:00,153.6
2018-01-02 06:00:00,153.74
2018-01-02 07:00:00,153.8
2018-01-02 08:00:00,153.96
2018-01-02 09:00:00,154.72
2018-01-02 10:00:00,154.2963
2018-01-02 11:00:00,154.03
2018-01-02 12:00:00,153.5877
2018-01-02 13:00:00,154.0178
2018-01-02 14:00:00,154.25
2018-01-02 15:00:00,154.27
2018-01-02 16:00:00,154.25
2018-01-02 17:00:00,154.76
2018-01-02 18:00:00,154.5
2018-01-02 19:00:00,154.45
2018-01-03 04:00:00,155.93
2018-01-03 05:00:00,156.33
2018-01-03 06:00:00,156.55
2018-01-03 07:00:00,156.33
2018-01-03 08:00:00,156.88
2018-01-03 09:00:00,158.9668
2018-01-03 10:00:00,159.64
2018-01-03 11:00:00,159.36
2018-01-03 12:00:00,159.25
2018-01-03 13:00:00,158.37
2018-01-03 14:00:00,158.679
2018-01-03 15:00:00,158.49
2018-01-03 16:00:00,158.4
2018-01-03 17:00:00,158.7
2018-01-03 18:00:00,158.8
2018-01-03 19:00:00,158.66
2018-01-04 04:00:00,158.95
2018-01-04 05:00:00,159.53
2018-01-04 06:00:00,159.38
2018-01-04 07:00:00,159.23
2018-01-04 08:00:00,159.8
2018-01-04 09:00:00,160.825
2018-01-04 10:00:00,161.5404
2018-01-04 11:00:00,161.9575
2018-01-04 12:00:00,161.74
2018-01-04 13:00:00,161.75
2018-01-04 14:00:00,161.62
2018-01-04 15:00:00,161.66
2018-01-04 16:00:00,161.87
2018-01-04 17:00:00,162.01
2018-01-04 18:00:00,162.4
2018-01-04 19:00:00,162.3
2018-01-05 04:00:00,161.9
2018-01-05 05:00:00,162.73
2018-01-05 06:00:00,162.99
2018-01-05 07:00:00,162.85
2018-01-05 08:00:00,162.53
2018-01-05 09:00:00,162.45
2018-01-05 10:00:00,161.86
2018-01-05 11:00:00,161.339
2018-01-05 12:00:00,161.6433
2018-01-05 13:00:00,161.7416
2018-01-05 14:00:00,162.01
2018-01-05 15:00:00,162.45
2018-01-05 16:00:00,162.49
2018-01-05 17:00:00,162.49
2018-01-05 18:00:00,162.78
2018-01-05 19:00:00,162.8
2018-01-08 06:00:00,163.0
2018-01-08 07:00:00,162.6
2018-01-08 08:00:00,162.6
2018-01-08 09:00:00,163.8669
2018-01-08 10:00:00,162.29
2018-01-08 11:00:00,162.78
2018-01-08 12:00:00,163.15
2018-01-08 13:00:00,163.27
2018-01-08 14:00:00,163.342
2018-01-08 15:00:00,163.41
2018-01-08 16:00:00,163.47
2018-01-08 17:00:00,163.47
2018-01-08 18:00:00,163.5
2018-01-08 19:00:00,163.1
2018-01-09 04:00:00,162.97
2018-01-09 05:00:00,163.0
2018-01-09 06:00:00,163.47
2018-01-09 07:00:00,163.59
2018-01-09 08:00:00,163.7
2018-01-09 09:00:00,163.29
2018-01-09 10:00:00,163.6005
2018-01-09 11:00:00,164.2337
2018-01-09 12:00:00,164.2199
2018-01-09 13:00:00,164.4
2018-01-09 14:00:00,164.19
2018-01-09 15:00:00,163.87
2018-01-09 16:00:00,163.83
2018-01-09 17:00:00,163.83
2018-01-09 18:00:00,163.9
2018-01-09 19:00:00,163.9
2018-01-10 04:00:00,163.9
2018-01-10 05:00:00,163.0
2018-01-10 06:00:00,162.13
2018-01-10 07:00:00,162.81
2018-01-10 08:00:00,162.87
2018-01-10 09:00:00,163.3502
2018-01-10 10:00:00,163.505
2018-01-10 11:00:00,163.64
2018-01-10 12:00:00,163.6014
2018-01-10 13:00:00,164.131
2018-01-10 14:00:00,163.76
2018-01-10 15:00:00,164.26
2018-01-10 16:00:00,164.18
2018-01-10 17:00:00,164.25
2018-01-10 18:00:00,164.25
2018-01-10 19:00:00,164.44
2018-01-11 04:00:00,164.7
2018-01-11 05:00:00,164.2
2018-01-11 06:00:00,164.31
2018-01-11 07:00:00,164.75
2018-01-11 08:00:00,164.57
2018-01-11 09:00:00,163.96
2018-01-11 10:00:00,164.13
2018-01-11 11:00:00,163.92
2018-01-11 12:00:00,163.948
2018-01-11 13:00:00,163.65
2018-01-11 14:00:00,164.04
2018-01-11 15:00:00,164.21
2018-01-11 16:00:00,164.2
2018-01-11 17:00:00,164.05
2018-01-11 18:00:00,164.05
2018-01-11 19:00:00,164.05
2018-01-12 04:00:00,165.0
2018-01-12 06:00:00,164.98
2018-01-12 07:00:00,164.9
2018-01-12 08:00:00,164.99
2018-01-12 09:00:00,163.885
2018-01-12 10:00:00,164.1257
2018-01-12 11:00:00,164.2913
2018-01-12 12:00:00,164.34
2018-01-12 13:00:00,164.0995
2018-01-12 14:00:00,163.765
2018-01-12 15:00:00,163.14
2018-01-12 16:00:00,163.5
2018-01-12 17:00:00,163.79
2018-01-12 18:00:00,163.7
2018-01-12 19:00:00,163.79
2018-01-16 04:00:00,164.3
2018-01-16 05:00:00,164.49
2018-01-16 06:00:00,164.35
2018-01-16 07:00:00,165.64
2018-01-16 08:00:00,165.37
2018-01-16 09:00:00,164.62
2018-01-16 10:00:00,164.185
2018-01-16 11:00:00,164.189
2018-01-16 12:00:00,163.91
2018-01-16 13:00:00,163.544
2018-01-16 14:00:00,163.63
2018-01-16 15:00:00,163.83
2018-01-16 16:00:00,163.85
2018-01-16 17:00:00,163.95
2018-01-16 18:00:00,163.85
2018-01-16 19:00:00,163.87
2018-01-17 04:00:00,166.73
2018-01-17 05:00:00,167.0
2018-01-17 06:00:00,166.69
2018-01-17 07:00:00,167.14
2018-01-17 08:00:00,166.69
2018-01-17 09:00:00,167.5
2018-01-17 10:00:00,167.9164
2018-01-17 11:00:00,167.8322
2018-01-17 12:00:00,168.4599
2018-01-17 13:00:00,168.6379
2018-01-17 14:00:00,168.83
2018-01-17 15:00:00,168.49
2018-01-17 16:00:00,168.85
2018-01-17 17:00:00,169.89
2018-01-17 18:00:00,169.6
2018-01-17 19:00:00,169.8
2018-01-18 04:00:00,168.88
2018-01-18 05:00:00,169.6
2018-01-18 06:00:00,169.2
2018-01-18 07:00:00,169.69
2018-01-18 08:00:00,170.24
2018-01-18 09:00:00,169.51
2018-01-18 10:00:00,169.1323
2018-01-18 11:00:00,169.56
2018-01-18 12:00:00,169.14
2018-01-18 13:00:00,169.13
2018-01-18 14:00:00,168.9501
2018-01-18 15:00:00,169.15
2018-01-18 16:00:00,161.25
2018-01-18 17:00:00,165.0
2018-01-18 18:00:00,163.49
2018-01-18 19:00:00,163.3
2018-01-19 04:00:00,164.7
2018-01-19 05:00:00,163.89
2018-01-19 06:00:00,164.0
2018-01-19 07:00:00,164.15
2018-01-19 08:00:00,163.84
2018-01-19 09:00:00,163.38
2018-01-19 10:00:00,162.805
2018-01-19 11:00:00,162.58
2018-01-19 12:00:00,161.8399
2018-01-19 13:00:00,161.43
2018-01-19 14:00:00,162.59
2018-01-19 15:00:00,162.37
2018-01-19 16:00:00,162.24
2018-01-19 17:00:00,162.28
2018-01-19 18:00:00,162.15
2018-01-19 19:00:00,162.1
2018-01-22 04:00:00,162.1
2018-01-22 05:00:00,161.73
2018-01-22 06:00:00,161.5
2018-01-22 07:00:00,161.65
2018-01-22 08:00:00,161.79
2018-01-22 09:00:00,163.81
2018-01-22 10:00:00,162.9
2018-01-22 11:00:00,162.58
2018-01-22 12:00:00,162.4599
2018-01-22 13:00:00,162.2217
2018-01-22 14:00:00,162.1703
2018-01-22 15:00:00,162.61
2018-01-22 16:00:00,162.41
2018-01-22 17:00:00,162.3
2018-01-22 18:00:00,162.2
2018-01-22 19:00:00,162.26
2018-01-23 04:00:00,162.16
2018-01-23 05:00:00,162.22
2018-01-23 06:00:00,162.53
2018-01-23 07:00:00,162.35
2018-01-23 08:00:00,162.4
2018-01-23 09:00:00,163.4
2018-01-23 10:00:00,164.2103
2018-01-23 11:00:00,163.9055
2018-01-23 12:00:00,164.6554
2018-01-23 13:00:00,164.68
2018-01-23 14:00:00,165.52
2018-01-23 15:00:00,166.25
2018-01-23 16:00:00,166.0
2018-01-23 17:00:00,165.9
2018-01-23 18:00:00,166.04
2018-01-23 19:00:00,166.19
2018-01-24 04:00:00,166.3
2018-01-24 05:00:00,166.1
2018-01-24 06:00:00,166.0
2018-01-24 07:00:00,166.61
2018-01-24 08:00:00,166.7
2018-01-24 09:00:00,167.6
2018-01-24 10:00:00,167.2692
2018-01-24 11:00:00,165.35
2018-01-24 12:00:00,165.36
2018-01-24 13:00:00,165.56
2018-01-24 14:00:00,165.5976
2018-01-24 15:00:00,165.39
2018-01-24 16:00:00,165.37
2018-01-24 17:00:00,165.41
2018-01-24 18:00:00,165.41
2018-01-24 19:00:00,167.78
2018-01-25 04:00:00,165.4
2018-01-25 05:00:00,165.4
2018-01-25 06:00:00,165.55
2018-01-25 07:00:00,166.0
2018-01-25 08:00:00,166.27
2018-01-25 09:00:00,166.0251
2018-01-25 10:00:00,165.64
2018-01-25 11:00:00,165.7558
2018-01-25 12:00:00,165.741
2018-01-25 13:00:00,165.76
2018-01-25 14:00:00,165.24
2018-01-25 15:00:00,165.47
2018-01-25 16:00:00,165.47
2018-01-25 17:00:00,165.47
2018-01-25 18:00:00,165.47
2018-01-25 19:00:00,165.6
2018-01-26 06:00:00,165.84
2018-01-26 07:00:00,166.17
2018-01-26 08:00:00,165.47
2018-01-26 09:00:00,166.22
2018-01-26 10:00:00,166.16
2018-01-26 11:00:00,166.5837
2018-01-26 12:00:00,167.044
2018-01-26 13:00:00,166.83
2018-01-26 14:00:00,166.99
2018-01-26 15:00:00,167.3
2018-01-26 16:00:00,167.29
2018-01-26 17:00:00,167.25
2018-01-26 18:00:00,167.4
2018-01-26 19:00:00,167.26
2018-01-29 04:00:00,167.3
2018-01-29 07:00:00,166.75
2018-01-29 08:00:00,166.84
2018-01-29 09:00:00,167.56
2018-01-29 10:00:00,166.13
2018-01-29 11:00:00,166.8836
2018-01-29 12:00:00,167.2783
2018-01-29 13:00:00,167.168
2018-01-29 14:00:00,167.15
2018-01-29 15:00:00,166.8
2018-01-29 16:00:00,166.8
2018-01-29 17:00:00,166.61
2018-01-29 18:00:00,166.65
2018-01-29 19:00:00,166.855
2018-01-30 05:00:00,166.22
2018-01-30 06:00:00,166.15
2018-01-30 07:00:00,165.98
2018-01-30 08:00:00,165.86
2018-01-30 09:00:00,164.735
2018-01-30 10:00:00,164.48
2018-01-30 11:00:00,164.069
2018-01-30 12:00:00,163.875
2018-01-30 13:00:00,163.58
2018-01-30 14:00:00,163.22
2018-01-30 15:00:00,163.61
2018-01-30 16:00:00,163.71
2018-01-30 17:00:00,163.62
2018-01-30 18:00:00,163.8
2018-01-30 19:00:00,163.88
2018-01-31 04:00:00,163.95
2018-01-31 07:00:00,164.55
2018-01-31 08:00:00,164.5
2018-01-31 09:00:00,164.5869
2018-01-31 10:00:00,163.48
2018-01-31 11:00:00,163.21
2018-01-31 12:00:00,163.7994
2018-01-31 13:00:00,163.73
2018-01-31 14:00:00,163.047
2018-01-31 15:00:00,163.75
2018-01-31 16:00:00,163.66
2018-01-31 17:00:00,163.71
2018-01-31 18:00:00,163.71
2018-01-31 19:00:00,164.0
2018-02-01 06:00:00,163.94
2018-02-01 07:00:00,163.71
2018-02-01 08:00:00,162.87
2018-02-01 09:00:00,163.28
2018-02-01 10:00:00,163.44
2018-02-01 11:00:00,164.07
2018-02-01 12:00:00,163.64
2018-02-01 13:00:00,163.04
2018-02-01 14:00:00,162.36
2018-02-01 15:00:00,162.41
2018-02-01 16:00:00,162.9
2018-02-01 17:00:00,162.9
2018-02-01 18:00:00,162.9
2018-02-01 19:00:00,162.61
2018-02-02 04:00:00,162.17
2018-02-02 05:00:00,162.08
2018-02-02 06:00:00,161.94
2018-02-02 07:00:00,161.64
2018-02-02 08:00:00,161.79
2018-02-02 09:00:00,161.05
2018-02-02 10:00:00,161.0225
2018-02-02 11:00:00,160.13
2018-02-02 12:00:00,160.52
2018-02-02 13:00:00,160.16
2018-02-02 14:00:00,159.55
2018-02-02 15:00:00,158.97
2018-02-02 16:00:00,159.28
2018-02-02 17:00:00,159.01
2018-02-02 18:00:00,158.9
2018-02-02 19:00:00,158.75
2018-02-05 04:00:00,158.12
2018-02-05 05:00:00,157.8
2018-02-05 06:00:00,157.75
2018-02-05 07:00:00,157.05
2018-02-05 08:00:00,159.03
2018-02-05 09:00:00,156.9488
2018-02-05 10:00:00,158.11
2018-02-05 11:00:00,157.26
2018-02-05 12:00:00,156.8167
2018-02-05 13:00:00,156.38
2018-02-05 14:00:00,154.13
2018-02-05 15:00:00,152.5
2018-02-05 16:00:00,152.5
2018-02-05 17:00:00,152.25
2018-02-05 18:00:00,152.1
2018-02-05 19:00:00,152.5
2018-02-06 04:00:00,150.98
2018-02-06 05:00:00,150.98
2018-02-06 06:00:00,149.6
2018-02-06 07:00:00,150.4
2018-02-06 08:00:00,150.8
2018-02-06 09:00:00,153.36
2018-02-06 10:00:00,151.35
2018-02-06 11:00:00,151.0299
2018-02-06 12:00:00,152.06
2018-02-06 13:00:00,151.02
2018-02-06 14:00:00,153.208
2018-02-06 15:00:00,155.33
2018-02-06 16:00:00,155.0
2018-02-06 17:00:00,155.89
2018-02-06 18:00:00,155.1
2018-02-06 19:00:00,155.1
2018-02-07 04:00:00,153.5
2018-02-07 05:00:00,154.28
2018-02-07 06:00:00,154.3
2018-02-07 07:00:00,154.24
2018-02-07 08:00:00,154.64
2018-02-07 09:00:00,153.64
2018-02-07 10:00:00,154.39
2018-02-07 11:00:00,155.25
2018-02-07 12:00:00,154.21
2018-02-07 13:00:00,154.301
2018-02-07 14:00:00,153.96
2018-02-07 15:00:00,153.85
2018-02-07 16:00:00,153.3
2018-02-07 17:00:00,153.49
2018-02-07 18:00:00,153.3
2018-02-07 19:00:00,153.5
2018-02-08 04:00:00,152.4
2018-02-08 05:00:00,152.14
2018-02-08 06:00:00,151.92
2018-02-08 07:00:00,152.73
2018-02-08 08:00:00,152.51
2018-02-08 09:00:00,151.71
2018-02-08 10:00:00,151.75
2018-02-08 11:00:00,151.4776
2018-02-08 12:00:00,150.4
2018-02-08 13:00:00,151.2474
2018-02-08 14:00:00,150.02
2018-02-08 15:00:00,147.55
2018-02-08 16:00:00,148.5
2018-02-08 17:00:00,147.59
2018-02-08 18:00:00,148.5
2018-02-08 19:00:00,148.11
2018-02-09 04:00:00,149.05
2018-02-09 06:00:00,148.11
2018-02-09 07:00:00,147.95
2018-02-09 08:00:00,149.0
2018-02-09 09:00:00,147.83
2018-02-09 10:00:00,147.2999
2018-02-09 11:00:00,146.94
2018-02-09 12:00:00,145.82
2018-02-09 13:00:00,145.57
2018-02-09 14:00:00,147.34
2018-02-09 15:00:00,149.51
2018-02-09 16:00:00,149.51
2018-02-09 17:00:00,150.0
2018-02-09 18:00:00,149.61
2018-02-09 19:00:00,150.11
2018-02-12 05:00:00,150.83
2018-02-12 06:00:00,151.0
2018-02-12 07:00:00,151.0
2018-02-12 08:00:00,150.8
2018-02-12 09:00:00,151.78
2018-02-12 10:00:00,150.75
2018-02-12 11:00:00,151.11
2018-02-12 12:00:00,151.18
2018-02-12 13:00:00,151.614
2018-02-12 14:00:00,151.76
2018-02-12 15:00:00,151.43
2018-02-12 16:00:00,151.5
2018-02-12 17:00:00,151.4
2018-02-12 18:00:00,151.4
2018-02-12 19:00:00,152.35
2018-02-13 06:00:00,150.67
2018-02-13 07:00:00,151.59
2018-02-13 08:00:00,151.0
2018-02-13 09:00:00,149.93
2018-02-13 10:00:00,150.77
2018-02-13 11:00:00,150.112
2018-02-13 12:00:00,149.92
2018-02-13 13:00:00,150.6
2018-02-13 14:00:00,150.705
2018-02-13 15:00:00,150.77
2018-02-13 16:00:00,150.95
2018-02-13 17:00:00,150.96
2018-02-13 18:00:00,150.8
2018-02-13 19:00:00,151.0
2018-02-14 04:00:00,151.6
2018-02-14 06:00:00,151.42
2018-02-14 07:00:00,151.4
2018-02-14 08:00:00,150.34
2018-02-14 09:00:00,150.6
2018-02-14 10:00:00,152.3679
2018-02-14 11:00:00,152.58
2018-02-14 12:00:00,153.24
2018-02-14 13:00:00,153.6799
2018-02-14 14:00:00,154.2305
2018-02-14 15:00:00,154.8
2018-02-14 16:00:00,155.05
2018-02-14 17:00:00,154.76
2018-02-14 18:00:00,154.67
2018-02-14 19:00:00,154.74
2018-02-15 04:00:00,155.84
2018-02-15 05:00:00,155.66
2018-02-15 06:00:00,155.72
2018-02-15 07:00:00,155.0
2018-02-15 08:00:00,155.2
2018-02-15 09:00:00,156.3
2018-02-15 10:00:00,154.3
2018-02-15 11:00:00,154.79
2018-02-15 12:00:00,155.0246
2018-02-15 13:00:00,155.29
2018-02-15 14:00:00,155.5607
2018-02-15 15:00:00,156.04
2018-02-15 16:00:00,156.01
2018-02-15 17:00:00,156.48
2018-02-15 18:00:00,156.1
2018-02-15 19:00:00,156.07
2018-02-16 06:00:00,155.23
2018-02-16 07:00:00,156.02
2018-02-16 08:00:00,156.03
2018-02-16 09:00:00,156.2199
2018-02-16 10:00:00,156.81
2018-02-16 11:00:00,157.46
2018-02-16 12:00:00,157.09
2018-02-16 13:00:00,156.47
2018-02-16 14:00:00,156.2696
2018-02-16 15:00:00,156.17
2018-02-16 16:00:00,156.18
2018-02-16 17:00:00,156.18
2018-02-16 18:00:00,156.25
2018-02-16 19:00:00,156.2
2018-02-20 04:00:00,156.25
2018-02-20 05:00:00,155.03
2018-02-20 06:00:00,155.0
2018-02-20 07:00:00,155.55
2018-02-20 08:00:00,155.83
2018-02-20 09:00:00,154.07
2018-02-20 10:00:00,154.29
2018-02-20 11:00:00,155.36
2018-02-20 12:00:00,155.1019
2018-02-20 13:00:00,155.49
2018-02-20 14:00:00,154.94
2018-02-20 15:00:00,155.09
2018-02-20 16:00:00,154.8
2018-02-20 18:00:00,155.16
2018-02-20 19:00:00,155.49
2018-02-21 04:00:00,155.16
2018-02-21 07:00:00,154.79
2018-02-21 08:00:00,154.88
2018-02-21 09:00:00,155.92
2018-02-21 10:00:00,156.34
2018-02-21 11:00:00,155.8558
2018-02-21 12:00:00,155.72
2018-02-21 13:00:00,155.65
2018-02-21 14:00:00,155.8026
2018-02-21 15:00:00,153.96
2018-02-21 16:00:00,153.66
2018-02-21 17:00:00,153.68
2018-02-21 18:00:00,153.69
2018-02-22 07:00:00,154.1
2018-02-22 08:00:00,155.0
2018-02-22 09:00:00,154.07
2018-02-22 10:00:00,154.0
2018-02-22 11:00:00,154.6475
2018-02-22 12:00:00,154.23
2018-02-22 13:00:00,153.8849
2018-02-22 14:00:00,153.478
2018-02-22 15:00:00,153.19
2018-02-22 16:00:00,153.88
2018-02-22 17:00:00,153.97
2018-02-22 18:00:00,153.18
2018-02-23 06:00:00,152.91
2018-02-23 07:00:00,153.91
2018-02-23 08:00:00,154.04
2018-02-23 09:00:00,154.981
2018-02-23 10:00:00,154.41
2018-02-23 11:00:00,154.45
2018-02-23 12:00:00,154.347
2018-02-23 13:00:00,154.3299
2018-02-23 14:00:00,154.86
2018-02-23 15:00:00,155.52
2018-02-23 16:00:00,155.44
2018-02-23 17:00:00,155.2
2018-02-23 18:00:00,155.52
2018-02-26 04:00:00,156.0
2018-02-26 05:00:00,156.0
2018-02-26 06:00:00,156.0
2018-02-26 07:00:00,156.36
2018-02-26 08:00:00,156.27
2018-02-26 09:00:00,156.55
2018-02-26 10:00:00,156.52
2018-02-26 11:00:00,156.9012
2018-02-26 12:00:00,157.825
2018-02-26 13:00:00,158.349
2018-02-26 14:00:00,158.33
2018-02-26 15:00:00,158.58
2018-02-26 16:00:00,158.85
2018-02-26 17:00:00,158.94
2018-02-26 18:00:00,158.63
2018-02-26 19:00:00,158.64
2018-02-27 07:00:00,158.35
2018-02-27 08:00:00,158.6
2018-02-27 09:00:00,159.355
2018-02-27 10:00:00,158.052
2018-02-27 11:00:00,157.1
2018-02-27 12:00:00,157.73
2018-02-27 13:00:00,157.3116
2018-02-27 14:00:00,157.409
2018-02-27 15:00:00,156.53
2018-02-27 16:00:00,156.99
2018-02-27 17:00:00,156.56
2018-02-27 18:00:00,156.55
2018-02-28 04:00:00,157.22
2018-02-28 06:00:00,157.17
2018-02-28 07:00:00,157.0
2018-02-28 08:00:00,157.0
2018-02-28 09:00:00,157.76
2018-02-28 10:00:00,157.22
2018-02-28 11:00:00,157.425
2018-02-28 12:00:00,157.74
2018-02-28 13:00:00,157.91
2018-02-28 14:00:00,157.33
2018-02-28 15:00:00,155.81
2018-02-28 16:00:00,157.23
2018-02-28 17:00:00,155.83
2018-02-28 18:00:00,155.83
2018-02-28 19:00:00,156.49
2018-03-01 05:00:00,154.83
2018-03-01 06:00:00,155.27
2018-03-01 07:00:00,155.3
2018-03-01 08:00:00,156.46
2018-03-01 09:00:00,155.42
2018-03-01 10:00:00,156.16
2018-03-01 11:00:00,156.234
2018-03-01 12:00:00,155.4
2018-03-01 13:00:00,153.76
2018-03-01 14:00:00,153.26
2018-03-01 15:00:00,153.76
2018-03-01 16:00:00,153.82
2018-03-01 17:00:00,153.81
2018-03-01 18:00:00,153.9
2018-03-01 19:00:00,153.9
2018-03-02 04:00:00,153.85
2018-03-02 06:00:00,152.33
2018-03-02 07:00:00,152.49
2018-03-02 08:00:00,153.25
2018-03-02 09:00:00,152.42
2018-03-02 10:00:00,153.51
2018-03-02 11:00:00,154.3546
2018-03-02 12:00:00,154.53
2018-03-02 13:00:00,153.808
2018-03-02 14:00:00,153.81
2018-03-02 15:00:00,154.47
2018-03-02 16:00:00,152.9411
2018-03-02 17:00:00,154.21
2018-03-02 18:00:00,154.74
2018-03-02 19:00:00,154.23
2018-03-05 07:00:00,154.77
2018-03-05 08:00:00,154.23
2018-03-05 09:00:00,155.4949
2018-03-05 10:00:00,155.73
2018-03-05 11:00:00,156.815
2018-03-05 12:00:00,156.86
2018-03-05 13:00:00,156.578
2018-03-05 14:00:00,157.11
2018-03-05 15:00:00,156.98
2018-03-05 16:00:00,156.95
2018-03-05 17:00:00,156.4
2018-03-05 18:00:00,157.39
2018-03-06 04:00:00,157.61
2018-03-06 05:00:00,157.74
2018-03-06 06:00:00,158.27
2018-03-06 07:00:00,158.0
2018-03-06 08:00:00,157.54
2018-03-06 09:00:00,157.3799
2018-03-06 10:00:00,156.37
2018-03-06 11:00:00,156.01
2018-03-06 12:00:00,156.29
2018-03-06 13:00:00,156.0799
2018-03-06 14:00:00,155.961
2018-03-06 15:00:00,155.75
2018-03-06 16:00:00,155.7
2018-03-06 17:00:00,154.0
2018-03-06 18:00:00,155.72
2018-03-06 19:00:00,153.95
2018-03-07 04:00:00,154.28
2018-03-07 06:00:00,154.2
2018-03-07 07:00:00,154.7
2018-03-07 08:00:00,154.75
2018-03-07 09:00:00,156.38
2018-03-07 10:00:00,157.25
2018-03-07 11:00:00,156.59
2018-03-07 12:00:00,156.83
2018-03-07 13:00:00,157.36
2018-03-07 14:00:00,157.54
2018-03-07 15:00:00,158.34
2018-03-07 16:00:00,158.32
2018-03-07 17:00:00,158.32
2018-03-07 18:00:00,158.29
2018-03-07 19:00:00,157.93
2018-03-08 04:00:00,157.93
2018-03-08 05:00:00,158.3
2018-03-08 06:00:00,158.4
2018-03-08 08:00:00,158.43
2018-03-08 09:00:00,158.54
2018-03-08 10:00:00,157.88
2018-03-08 11:00:00,156.61
2018-03-08 12:00:00,156.1
2018-03-08 13:00:00,155.2034
2018-03-08 14:00:00,156.0901
2018-03-08 15:00:00,156.25
2018-03-08 16:00:00,156.0
2018-03-08 17:00:00,156.21
2018-03-08 18:00:00,156.25
2018-03-08 19:00:00,156.3
2018-03-09 06:00:00,155.89
2018-03-09 07:00:00,156.3
2018-03-09 08:00:00,157.48
2018-03-09 09:00:00,158.55
2018-03-09 10:00:00,158.3
2018-03-09 11:00:00,158.076
2018-03-09 12:00:00,158.44
2018-03-09 13:00:00,159.21
2018-03-09 14:00:00,159.385
2018-03-09 15:00:00,159.32
2018-03-09 16:00:00,159.31
2018-03-09 17:00:00,159.35
2018-03-09 18:00:00,159.15
2018-03-09 19:00:00,159.05
2018-03-12 04:00:00,159.89
2018-03-12 07:00:00,159.5
2018-03-12 08:00:00,159.31
2018-03-12 09:00:00,160.9222
2018-03-12 10:00:00,159.93
2018-03-12 11:00:00,160.0
2018-03-12 12:00:00,160.1
2018-03-12 13:00:00,160.5
2018-03-12 14:00:00,160.0119
2018-03-12 15:00:00,160.27
2018-03-12 16:00:00,160.3
2018-03-12 17:00:00,159.81
2018-03-12 18:00:00,160.26
2018-03-12 19:00:00,160.5
2018-03-13 05:00:00,160.23
2018-03-13 06:00:00,160.67
2018-03-13 07:00:00,160.34
2018-03-13 08:00:00,160.3
2018-03-13 09:00:00,161.41
2018-03-13 10:00:00,161.69
2018-03-13 11:00:00,160.33
2018-03-13 12:00:00,160.0305
2018-03-13 13:00:00,159.7
2018-03-13 14:00:00,159.627
2018-03-13 15:00:00,159.3
2018-03-13 16:00:00,159.32
2018-03-13 17:00:00,159.32
2018-03-13 18:00:00,159.0
2018-03-13 19:00:00,159.0
2018-03-14 07:00:00,159.26
2018-03-14 08:00:00,159.97
2018-03-14 09:00:00,160.24
2018-03-14 10:00:00,159.245
2018-03-14 11:00:00,158.8
2018-03-14 12:00:00,158.35
2018-03-14 13:00:00,158.9776
2018-03-14 14:00:00,158.7984
2018-03-14 15:00:00,158.12
2018-03-14 16:00:00,158.12
2018-03-14 17:00:00,158.12
2018-03-14 18:00:00,158.27
2018-03-14 19:00:00,158.38
2018-03-15 06:00:00,158.42
2018-03-15 07:00:00,158.44
2018-03-15 08:00:00,158.44
2018-03-15 09:00:00,160.05
2018-03-15 10:00:00,160.2655
2018-03-15 11:00:00,160.49
2018-03-15 12:00:00,160.58
2018-03-15 13:00:00,159.823
2018-03-15 14:00:00,159.7534
2018-03-15 15:00:00,159.63
2018-03-15 16:00:00,159.61
2018-03-15 17:00:00,160.39
2018-03-15 18:00:00,160.0
2018-03-15 19:00:00,159.71
2018-03-16 05:00:00,159.8
2018-03-16 08:00:00,159.86
2018-03-16 09:00:00,160.8
2018-03-16 10:00:00,161.949
2018-03-16 11:00:00,160.82
2018-03-16 12:00:00,161.1913
2018-03-16 13:00:00,160.5334
2018-03-16 14:00:00,160.31
2018-03-16 15:00:00,160.29
2018-03-16 16:00:00,160.0
2018-03-16 17:00:00,160.26
2018-03-16 18:00:00,160.26
2018-03-16 19:00:00,160.3
2018-03-19 04:00:00,159.44
2018-03-19 07:00:00,159.69
2018-03-19 08:00:00,160.0
2018-03-19 09:00:00,159.15
2018-03-19 10:00:00,158.23
2018-03-19 11:00:00,157.6252
2018-03-19 12:00:00,156.99
2018-03-19 13:00:00,157.09
2018-03-19 14:00:00,157.07
2018-03-19 15:00:00,157.38
2018-03-19 16:00:00,157.35
2018-03-19 17:00:00,157.67
2018-03-19 18:00:00,157.26
2018-03-19 19:00:00,157.37
2018-03-20 05:00:00,157.4
2018-03-20 06:00:00,157.6
2018-03-20 07:00:00,157.77
2018-03-20 08:00:00,157.91
2018-03-20 09:00:00,156.9997
2018-03-20 10:00:00,156.3753
2018-03-20 11:00:00,156.2399
2018-03-20 12:00:00,155.79
2018-03-20 13:00:00,155.4456
2018-03-20 14:00:00,156.26
2018-03-20 15:00:00,156.23
2018-03-20 16:00:00,156.2
2018-03-20 17:00:00,156.2
2018-03-20 18:00:00,156.2
2018-03-20 19:00:00,156.58
2018-03-21 04:00:00,156.81
2018-03-21 06:00:00,156.79
2018-03-21 07:00:00,156.5
2018-03-21 08:00:00,156.34
2018-03-21 09:00:00,156.41
2018-03-21 10:00:00,156.465
2018-03-21 11:00:00,157.66
2018-03-21 12:00:00,157.77
2018-03-21 13:00:00,157.36
2018-03-21 14:00:00,156.91
2018-03-21 15:00:00,156.69
2018-03-21 16:00:00,156.37
2018-03-21 18:00:00,156.69
2018-03-22 04:00:00,156.6
2018-03-22 08:00:00,155.58
2018-03-22 09:00:00,154.379
2018-03-22 10:00:00,154.0
2018-03-22 11:00:00,153.47
2018-03-22 12:00:00,154.1343
2018-03-22 13:00:00,154.494
2018-03-22 14:00:00,153.47
2018-03-22 15:00:00,152.12
2018-03-22 16:00:00,152.51
2018-03-22 17:00:00,152.09
2018-03-22 18:00:00,152.01
2018-03-22 19:00:00,151.34
2018-03-23 04:00:00,151.4
2018-03-23 05:00:00,151.4
2018-03-23 06:00:00,151.4
2018-03-23 07:00:00,151.64
2018-03-23 08:00:00,152.1
2018-03-23 09:00:00,151.955
2018-03-23 10:00:00,151.7779
2018-03-23 11:00:00,150.7499
2018-03-23 12:00:00,150.99
2018-03-23 13:00:00,152.3908
2018-03-23 14:00:00,150.2325
2018-03-23 15:00:00,148.87
2018-03-23 16:00:00,148.89
2018-03-23 17:00:00,148.89
2018-03-23 18:00:00,149.7
2018-03-23 19:00:00,149.2
2018-03-26 04:00:00,150.4
2018-03-26 05:00:00,150.38
2018-03-26 06:00:00,150.31
2018-03-26 07:00:00,150.99
2018-03-26 08:00:00,151.3
2018-03-26 09:00:00,151.64
2018-03-26 10:00:00,150.89
2018-03-26 11:00:00,151.2458
2018-03-26 12:00:00,151.54
2018-03-26 13:00:00,151.9387
2018-03-26 14:00:00,152.38
2018-03-26 15:00:00,153.39
2018-03-26 16:00:00,153.37
2018-03-26 17:00:00,153.37
2018-03-26 18:00:00,153.37
2018-03-26 19:00:00,154.5
2018-03-27 04:00:00,153.9
2018-03-27 05:00:00,154.44
2018-03-27 06:00:00,154.3
2018-03-27 07:00:00,154.2
2018-03-27 08:00:00,154.06
2018-03-27 09:00:00,153.355
2018-03-27 10:00:00,153.5634
2018-03-27 11:00:00,154.61
2018-03-27 12:00:00,154.5566
2018-03-27 13:00:00,154.15
2018-03-27 14:00:00,153.31
2018-03-27 15:00:00,151.93
2018-03-27 16:00:00,154.4615
2018-03-27 17:00:00,151.91
2018-03-27 18:00:00,151.91
2018-03-27 19:00:00,151.89
2018-03-28 06:00:00,151.66
2018-03-28 07:00:00,152.45
2018-03-28 08:00:00,152.2
2018-03-28 09:00:00,153.21
2018-03-28 10:00:00,152.39
2018-03-28 11:00:00,152.77
2018-03-28 12:00:00,152.99
2018-03-28 13:00:00,153.37
2018-03-28 14:00:00,153.04
2018-03-28 15:00:00,152.54
2018-03-28 16:00:00,152.52
2018-03-28 17:00:00,152.6
2018-03-28 18:00:00,152.95
2018-03-28 19:00:00,152.75
2018-03-29 05:00:00,153.19
2018-03-29 07:00:00,153.25
2018-03-29 08:00:00,152.97
2018-03-29 09:00:00,151.21
2018-03-29 10:00:00,152.484
2018-03-29 11:00:00,152.74
2018-03-29 12:00:00,152.7072
2018-03-29 13:00:00,153.093
2018-03-29 14:00:00,153.315
2018-03-29 15:00:00,153.44
2018-03-29 16:00:00,153.43
2018-03-29 17:00:00,153.4
2018-03-29 18:00:00,153.43
2018-03-29 19:00:00,153.88
2018-04-02 04:00:00,154.0
2018-04-02 07:00:00,153.25
2018-04-02 08:00:00,151.738
2018-04-02 09:00:00,152.7131
2018-04-02 10:00:00,151.16
2018-04-02 11:00:00,150.1238
2018-04-02 12:00:00,149.8805
2018-04-02 13:00:00,148.9
2018-04-02 14:00:00,149.32
2018-04-02 15:00:00,150.05
2018-04-02 16:00:00,150.07
2018-04-02 17:00:00,149.76
2018-04-02 18:00:00,150.69
2018-04-02 19:00:00,150.25
2018-04-03 05:00:00,150.5
2018-04-03 06:00:00,150.3
2018-04-03 07:00:00,150.48
2018-04-03 08:00:00,150.99
2018-04-03 09:00:00,149.525
2018-04-03 10:00:00,150.0
2018-04-03 11:00:00,148.6972
2018-04-03 12:00:00,148.9858
2018-04-03 13:00:00,149.53
2018-04-03 14:00:00,149.55
2018-04-03 15:00:00,149.85
2018-04-03 16:00:00,149.85
2018-04-03 17:00:00,149.5
2018-04-03 18:00:00,149.8
2018-04-03 19:00:00,149.3
2018-04-04 04:00:00,148.59
2018-04-04 05:00:00,147.5
2018-04-04 06:00:00,146.89
2018-04-04 07:00:00,147.7
2018-04-04 08:00:00,147.65
2018-04-04 09:00:00,148.8
2018-04-04 10:00:00,150.4399
2018-04-04 11:00:00,151.2642
2018-04-04 12:00:00,151.54
2018-04-04 13:00:00,151.62
2018-04-04 14:00:00,153.62
2018-04-04 15:00:00,154.11
2018-04-04 16:00:00,154.26
2018-04-04 17:00:00,154.12
2018-04-04 18:00:00,153.83
2018-04-04 19:00:00,154.44
2018-04-05 04:00:00,155.23
2018-04-05 06:00:00,154.8
2018-04-05 07:00:00,154.54
2018-04-05 08:00:00,154.78
2018-04-05 09:00:00,154.05
2018-04-05 10:00:00,153.6118
2018-04-05 11:00:00,154.63
2018-04-05 12:00:00,154.5806
2018-04-05 13:00:00,153.955
2018-04-05 14:00:00,154.87
2018-04-05 15:00:00,154.09
2018-04-05 16:00:00,154.03
2018-04-05 17:00:00,154.0
2018-04-05 18:00:00,153.71
2018-04-05 19:00:00,151.5
2018-04-06 05:00:00,152.77
2018-04-06 07:00:00,152.85
2018-04-06 08:00:00,153.03
2018-04-06 09:00:00,153.64
2018-04-06 10:00:00,152.1901
2018-04-06 11:00:00,152.29
2018-04-06 12:00:00,152.4099
2018-04-06 13:00:00,150.7695
2018-04-06 14:00:00,149.74
2018-04-06 15:00:00,150.58
2018-04-06 16:00:00,150.57
2018-04-06 17:00:00,150.5
2018-04-06 18:00:00,150.5
2018-04-06 19:00:00,150.12
2018-04-09 04:00:00,150.88
2018-04-09 06:00:00,151.59
2018-04-09 07:00:00,152.0
2018-04-09 08:00:00,151.88
2018-04-09 09:00:00,152.6536
2018-04-09 10:00:00,153.35
2018-04-09 11:00:00,153.85
2018-04-09 12:00:00,154.4
2018-04-09 13:00:00,154.58
2018-04-09 14:00:00,153.84
2018-04-09 15:00:00,152.69
2018-04-09 16:00:00,152.69
2018-04-09 17:00:00,152.69
2018-04-09 18:00:00,152.99
2018-04-09 19:00:00,152.45
2018-04-10 04:00:00,154.12
2018-04-10 06:00:00,154.31
2018-04-10 07:00:00,154.45
2018-04-10 08:00:00,154.79
2018-04-10 09:00:00,155.3944
2018-04-10 10:00:00,156.26
2018-04-10 11:00:00,155.96
2018-04-10 12:00:00,155.29
2018-04-10 13:00:00,155.69
2018-04-10 14:00:00,155.38
2018-04-10 15:00:00,155.37
2018-04-10 16:00:00,155.39
2018-04-10 17:00:00,155.39
2018-04-10 18:00:00,155.39
2018-04-10 19:00:00,155.39
2018-04-11 04:00:00,154.43
2018-04-11 05:00:00,154.82
2018-04-11 06:00:00,154.37
2018-04-11 07:00:00,153.98
2018-04-11 08:00:00,154.27
2018-04-11 09:00:00,154.66
2018-04-11 10:00:00,154.25
2018-04-11 11:00:00,154.58
2018-04-11 12:00:00,154.87
2018-04-11 13:00:00,155.4344
2018-04-11 14:00:00,155.62
2018-04-11 15:00:00,155.36
2018-04-11 16:00:00,155.36
2018-04-11 17:00:00,155.36
2018-04-11 18:00:00,155.4
2018-04-12 04:00:00,155.08
2018-04-12 06:00:00,155.89
2018-04-12 07:00:00,156.11
2018-04-12 08:00:00,156.5
2018-04-12 09:00:00,158.04
2018-04-12 10:00:00,157.645
2018-04-12 11:00:00,157.78
2018-04-12 12:00:00,158.475
2018-04-12 13:00:00,157.99
2018-04-12 14:00:00,158.614
2018-04-12 15:00:00,158.09
2018-04-12 16:00:00,157.71
2018-04-12 17:00:00,157.75
2018-04-12 18:00:00,157.23
2018-04-12 19:00:00,157.72
2018-04-13 06:00:00,158.27
2018-04-13 07:00:00,158.23
2018-04-13 08:00:00,158.84
2018-04-13 09:00:00,157.36
2018-04-13 10:00:00,156.66
2018-04-13 11:00:00,157.225
2018-04-13 12:00:00,157.74
2018-04-13 13:00:00,157.22
2018-04-13 14:00:00,156.83
2018-04-13 15:00:00,156.71
2018-04-13 16:00:00,156.87
2018-04-13 17:00:00,156.71
2018-04-13 18:00:00,156.99
2018-04-13 19:00:00,156.68
2018-04-16 04:00:00,158.1
2018-04-16 07:00:00,158.0
2018-04-16 08:00:00,157.99
2018-04-16 09:00:00,158.38
2018-04-16 10:00:00,158.79
2018-04-16 11:00:00,158.7489
2018-04-16 12:00:00,159.02
2018-04-16 13:00:00,158.47
2018-04-16 14:00:00,158.13
2018-04-16 15:00:00,157.93
2018-04-16 16:00:00,158.02
2018-04-16 17:00:00,158.6
2018-04-16 18:00:00,158.33
2018-04-16 19:00:00,158.65
2018-04-17 04:00:00,159.06
2018-04-17 05:00:00,159.15
2018-04-17 06:00:00,159.1
2018-04-17 07:00:00,159.0
2018-04-17 08:00:00,159.2
2018-04-17 09:00:00,159.28
2018-04-17 10:00:00,159.83
2018-04-17 11:00:00,160.035
2018-04-17 12:00:00,160.72
2018-04-17 13:00:00,161.35
2018-04-17 14:00:00,161.9386
2018-04-17 15:00:00,160.99
2018-04-17 16:00:00,152.56
2018-04-17 17:00:00,152.18
2018-04-17 18:00:00,151.7
2018-04-17 19:00:00,151.73
2018-04-18 04:00:00,153.2
2018-04-18 05:00:00,152.97
2018-04-18 06:00:00,153.2
2018-04-18 07:00:00,152.25
2018-04-18 08:00:00,151.51
2018-04-18 09:00:00,150.52
2018-04-18 10:00:00,149.2486
2018-04-18 11:00:00,148.63
2018-04-18 12:00:00,148.35
2018-04-18 13:00:00,148.7154
2018-04-18 14:00:00,149.08
2018-04-18 15:00:00,148.68
2018-04-18 16:00:00,148.88
2018-04-18 17:00:00,148.8
2018-04-18 18:00:00,148.8
2018-04-18 19:00:00,148.8
2018-04-19 04:00:00,149.0
2018-04-19 05:00:00,148.35
2018-04-19 06:00:00,148.8
2018-04-19 07:00:00,148.95
2018-04-19 08:00:00,148.68
2018-04-19 09:00:00,148.33
2018-04-19 10:00:00,147.94
2018-04-19 11:00:00,147.0775
2018-04-19 12:00:00,147.05
2018-04-19 13:00:00,147.33
2018-04-19 14:00:00,147.41
2018-04-19 15:00:00,147.7
2018-04-19 16:00:00,147.7
2018-04-19 17:00:00,147.7
2018-04-19 18:00:00,147.7
2018-04-19 19:00:00,147.66
2018-04-20 04:00:00,147.6
2018-04-20 05:00:00,148.28
2018-04-20 06:00:00,147.61
2018-04-20 07:00:00,148.43
2018-04-20 08:00:00,148.0
2018-04-20 09:00:00,146.56
2018-04-20 10:00:00,145.7568
2018-04-20 11:00:00,144.95
2018-04-20 12:00:00,144.763
2018-04-20 13:00:00,145.12
2018-04-20 14:00:00,144.834
2018-04-20 15:00:00,144.96
2018-04-20 16:00:00,145.0
2018-04-20 17:00:00,144.99
2018-04-20 18:00:00,144.97
2018-04-20 19:00:00,145.0
2018-04-23 04:00:00,145.3
2018-04-23 05:00:00,145.3
2018-04-23 06:00:00,145.42
2018-04-23 07:00:00,145.0
2018-04-23 08:00:00,145.15
2018-04-23 09:00:00,144.89
2018-04-23 10:00:00,145.36
2018-04-23 11:00:00,145.48
2018-04-23 12:00:00,145.49
2018-04-23 13:00:00,145.73
2018-04-23 14:00:00,145.1824
2018-04-23 15:00:00,145.85
2018-04-23 16:00:00,145.86
2018-04-23 17:00:00,145.51
2018-04-23 18:00:00,145.87
2018-04-23 19:00:00,145.9
2018-04-24 04:00:00,146.15
2018-04-24 07:00:00,146.06
2018-04-24 08:00:00,146.31
2018-04-24 09:00:00,146.45
2018-04-24 10:00:00,146.35
2018-04-24 11:00:00,147.06
2018-04-24 12:00:00,145.31
2018-04-24 13:00:00,145.02
2018-04-24 14:00:00,145.24
2018-04-24 15:00:00,145.56
2018-04-24 16:00:00,145.56
2018-04-24 17:00:00,145.5
2018-04-24 18:00:00,145.56
2018-04-24 19:00:00,145.9
2018-04-25 04:00:00,145.31
2018-04-25 05:00:00,145.4
2018-04-25 07:00:00,145.08
2018-04-25 08:00:00,145.45
2018-04-25 09:00:00,144.689
2018-04-25 10:00:00,144.39
2018-04-25 11:00:00,144.23
2018-04-25 12:00:00,144.5999
2018-04-25 13:00:00,145.0866
2018-04-25 14:00:00,145.66
2018-04-25 15:00:00,145.8609
2018-04-25 16:00:00,146.13
2018-04-25 17:00:00,146.4
2018-04-25 18:00:00,146.48
2018-04-25 19:00:00,146.4
2018-04-26 04:00:00,146.54
2018-04-26 05:00:00,145.91
2018-04-26 07:00:00,146.34
2018-04-26 08:00:00,146.5
2018-04-26 09:00:00,146.79
2018-04-26 10:00:00,146.8
2018-04-26 11:00:00,146.49
2018-04-26 12:00:00,146.46
2018-04-26 13:00:00,146.83
2018-04-26 14:00:00,147.215
2018-04-26 15:00:00,146.73
2018-04-26 16:00:00,146.72
2018-04-26 17:00:00,146.72
2018-04-26 18:00:00,147.05
2018-04-26 19:00:00,147.0
2018-04-27 05:00:00,146.4
2018-04-27 06:00:00,146.81
2018-04-27 07:00:00,146.26
2018-04-27 08:00:00,146.6
2018-04-27 09:00:00,146.6
2018-04-27 10:00:00,145.898
2018-04-27 11:00:00,146.12
2018-04-27 12:00:00,146.51
2018-04-27 13:00:00,146.4
2018-04-27 14:00:00,146.624
2018-04-27 15:00:00,146.45
2018-04-27 16:00:00,146.49
2018-04-27 17:00:00,146.48
2018-04-27 18:00:00,146.35
2018-04-27 19:00:00,146.5
2018-04-30 04:00:00,147.41
2018-04-30 07:00:00,146.82
2018-04-30 08:00:00,146.87
2018-04-30 09:00:00,146.71
2018-04-30 10:00:00,146.57
2018-04-30 11:00:00,146.1827
2018-04-30 12:00:00,145.96
2018-04-30 13:00:00,146.22
2018-04-30 14:00:00,145.5801
2018-04-30 15:00:00,144.97
2018-04-30 16:00:00,144.96
2018-04-30 17:00:00,144.96
2018-04-30 18:00:00,144.91
2018-04-30 19:00:00,145.11
2018-05-01 07:00:00,145.11
2018-05-01 08:00:00,145.2
2018-05-01 09:00:00,144.1475
2018-05-01 10:00:00,144.1324
2018-05-01 11:00:00,143.805
2018-05-01 12:00:00,144.23
2018-05-01 13:00:00,144.8299
2018-05-01 14:00:00,144.9
2018-05-01 15:00:00,144.99
2018-05-01 16:00:00,144.95
2018-05-01 17:00:00,145.22
2018-05-01 18:00:00,145.0
2018-05-01 19:00:00,145.05
2018-05-02 04:00:00,145.25
2018-05-02 05:00:00,145.31
2018-05-02 06:00:00,145.16
2018-05-02 07:00:00,145.39
2018-05-02 08:00:00,144.6
2018-05-02 09:00:00,144.0857
2018-05-02 10:00:00,143.81
2018-05-02 11:00:00,143.45
2018-05-02 12:00:00,143.71
2018-05-02 13:00:00,143.84
2018-05-02 14:00:00,143.07
2018-05-02 15:00:00,142.41
2018-05-02 16:00:00,142.45
2018-05-02 17:00:00,142.34
2018-05-02 18:00:00,142.39
2018-05-02 19:00:00,142.39
2018-05-03 04:00:00,142.81
2018-05-03 05:00:00,142.77
2018-05-03 06:00:00,142.45
2018-05-03 07:00:00,142.33
2018-05-03 08:00:00,142.03
2018-05-03 09:00:00,141.45
2018-05-03 10:00:00,140.1
2018-05-03 11:00:00,141.081
2018-05-03 12:00:00,142.0299
2018-05-03 13:00:00,141.81
2018-05-03 14:00:00,141.8282
2018-05-03 15:00:00,141.96
2018-05-03 16:00:00,141.99
2018-05-03 17:00:00,142.1
2018-05-03 18:00:00,142.11
2018-05-03 19:00:00,142.46
2018-05-04 04:00:00,142.39
2018-05-04 06:00:00,142.14
2018-05-04 07:00:00,142.26
2018-05-04 08:00:00,141.47
2018-05-04 09:00:00,141.7201
2018-05-04 10:00:00,142.85
2018-05-04 11:00:00,143.3449
2018-05-04 12:00:00,143.51
2018-05-04 13:00:00,143.79
2018-05-04 14:00:00,143.96
2018-05-04 15:00:00,143.91
2018-05-04 16:00:00,143.92
2018-05-04 17:00:00,143.91
2018-05-04 18:00:00,143.99
2018-05-04 19:00:00,144.05
2018-05-07 05:00:00,144.48
2018-05-07 06:00:00,144.54
2018-05-07 07:00:00,144.4
2018-05-07 08:00:00,144.31
2018-05-07 09:00:00,144.09
2018-05-07 10:00:00,143.74
2018-05-07 11:00:00,143.5769
2018-05-07 12:00:00,143.6271
2018-05-07 13:00:00,143.6748
2018-05-07 14:00:00,143.16
2018-05-07 15:00:00,143.23
2018-05-07 16:00:00,143.22
2018-05-07 17:00:00,143.1
2018-05-07 18:00:00,143.22
2018-05-07 19:00:00,143.22
2018-05-08 07:00:00,142.95
2018-05-08 08:00:00,143.0
2018-05-08 09:00:00,142.51
2018-05-08 10:00:00,143.1099
2018-05-08 11:00:00,142.85
2018-05-08 12:00:00,142.577
2018-05-08 13:00:00,142.7401
2018-05-08 14:00:00,142.2566
2018-05-08 15:00:00,142.99
2018-05-08 16:00:00,143.0
2018-05-08 17:00:00,143.0
2018-05-08 18:00:00,143.0
2018-05-08 19:00:00,143.0
2018-05-09 04:00:00,142.79
2018-05-09 05:00:00,142.74
2018-05-09 06:00:00,142.15
2018-05-09 07:00:00,142.03
2018-05-09 08:00:00,141.95
2018-05-09 09:00:00,142.295
2018-05-09 10:00:00,141.41
2018-05-09 11:00:00,141.71
2018-05-09 12:00:00,142.88
2018-05-09 13:00:00,142.92
2018-05-09 14:00:00,142.68
2018-05-09 15:00:00,142.62
2018-05-09 16:00:00,142.61
2018-05-09 17:00:00,142.61
2018-05-09 18:00:00,142.45
2018-05-09 19:00:00,142.52
2018-05-10 08:00:00,143.13
2018-05-10 09:00:00,143.57
2018-05-10 10:00:00,143.37
2018-05-10 11:00:00,143.6045
2018-05-10 12:00:00,144.0718
2018-05-10 13:00:00,143.76
2018-05-10 14:00:00,144.12
2018-05-10 15:00:00,144.24
2018-05-10 16:00:00,144.24
2018-05-10 17:00:00,144.22
2018-05-10 18:00:00,143.8
2018-05-11 05:00:00,144.55
2018-05-11 06:00:00,144.01
2018-05-11 07:00:00,144.35
2018-05-11 08:00:00,144.0001
2018-05-11 09:00:00,144.6159
2018-05-11 10:00:00,144.57
2018-05-11 11:00:00,144.1416
2018-05-11 12:00:00,143.8021
2018-05-11 13:00:00,143.92
2018-05-11 14:00:00,144.01
2018-05-11 15:00:00,144.14
2018-05-11 16:00:00,144.15
2018-05-11 17:00:00,144.25
2018-05-11 19:00:00,144.33
2018-05-14 07:00:00,144.74
2018-05-14 08:00:00,144.38
2018-05-14 09:00:00,145.02
2018-05-14 10:00:00,144.52
2018-05-14 11:00:00,144.67
2018-05-14 12:00:00,144.77
2018-05-14 13:00:00,144.6027
2018-05-14 14:00:00,144.5498
2018-05-14 15:00:00,144.31
2018-05-14 16:00:00,144.3
2018-05-14 17:00:00,144.3
2018-05-14 18:00:00,144.0
2018-05-14 19:00:00,144.1
2018-05-15 07:00:00,143.5
2018-05-15 08:00:00,143.49
2018-05-15 09:00:00,143.07
2018-05-15 10:00:00,143.43
2018-05-15 11:00:00,143.4324
2018-05-15 12:00:00,143.641
2018-05-15 13:00:00,143.065
2018-05-15 14:00:00,143.415
2018-05-15 15:00:00,143.77
2018-05-15 16:00:00,143.47
2018-05-15 17:00:00,143.61
2018-05-15 18:00:00,143.6
2018-05-15 19:00:00,143.61
2018-05-16 04:00:00,144.06
2018-05-16 05:00:00,143.5
2018-05-16 06:00:00,143.16
2018-05-16 07:00:00,143.43
2018-05-16 08:00:00,143.15
2018-05-16 09:00:00,144.6901
2018-05-16 10:00:00,144.46
2018-05-16 11:00:00,144.49
2018-05-16 12:00:00,144.7983
2018-05-16 13:00:00,144.86
2018-05-16 14:00:00,144.95
2018-05-16 15:00:00,144.62
2018-05-16 16:00:00,144.6474
2018-05-16 17:00:00,144.63
2018-05-16 18:00:00,144.63
2018-05-16 19:00:00,144.63
2018-05-17 04:00:00,144.51
2018-05-17 07:00:00,144.64
2018-05-17 08:00:00,144.57
2018-05-17 09:00:00,144.42
2018-05-17 10:00:00,144.84
2018-05-17 11:00:00,144.65
2018-05-17 12:00:00,144.44
2018-05-17 13:00:00,144.02
2018-05-17 14:00:00,144.57
2018-05-17 15:00:00,144.5
2018-05-17 16:00:00,144.7964
2018-05-17 17:00:00,143.62
2018-05-17 18:00:00,144.5
2018-05-17 19:00:00,144.2
2018-05-18 04:00:00,144.9
2018-05-18 07:00:00,144.5
2018-05-18 08:00:00,144.5
2018-05-18 09:00:00,144.56
2018-05-18 10:00:00,144.52
2018-05-18 11:00:00,144.65
2018-05-18 12:00:00,144.421
2018-05-18 13:00:00,144.2599
2018-05-18 14:00:00,144.3009
2018-05-18 15:00:00,144.07
2018-05-18 16:00:00,144.08
2018-05-18 17:00:00,144.49
2018-05-18 18:00:00,144.08
2018-05-18 19:00:00,144.49
2018-05-21 07:00:00,144.6
2018-05-21 08:00:00,144.6
2018-05-21 09:00:00,145.37
2018-05-21 10:00:00,145.7659
2018-05-21 11:00:00,145.29
2018-05-21 12:00:00,145.6
2018-05-21 13:00:00,145.57
2018-05-21 14:00:00,145.47
2018-05-21 15:00:00,145.48
2018-05-21 16:00:00,145.49
2018-05-21 17:00:00,145.2
2018-05-21 18:00:00,145.49
2018-05-21 19:00:00,145.2
2018-05-22 04:00:00,145.5
2018-05-22 05:00:00,145.5
2018-05-22 07:00:00,145.58
2018-05-22 08:00:00,145.49
2018-05-22 09:00:00,145.8745
2018-05-22 10:00:00,145.3368
2018-05-22 11:00:00,145.65
2018-05-22 12:00:00,145.57
2018-05-22 13:00:00,145.5469
2018-05-22 14:00:00,145.57
2018-05-22 15:00:00,145.12
2018-05-22 16:00:00,145.0
2018-05-22 17:00:00,145.09
2018-05-22 19:00:00,145.35
2018-05-23 04:00:00,144.0
2018-05-23 06:00:00,144.33
2018-05-23 07:00:00,144.84
2018-05-23 08:00:00,144.52
2018-05-23 09:00:00,144.5938
2018-05-23 10:00:00,143.76
2018-05-23 11:00:00,143.7978
2018-05-23 12:00:00,143.77
2018-05-23 13:00:00,143.765
2018-05-23 14:00:00,144.19
2018-05-23 15:00:00,144.66
2018-05-23 16:00:00,144.67
2018-05-23 17:00:00,144.89
2018-05-23 18:00:00,144.73
2018-05-23 19:00:00,144.75
2018-05-24 06:00:00,144.67
2018-05-24 07:00:00,144.75
2018-05-24 08:00:00,144.25
2018-05-24 09:00:00,143.57
2018-05-24 10:00:00,143.15
2018-05-24 11:00:00,143.95
2018-05-24 12:00:00,143.9201
2018-05-24 13:00:00,144.15
2018-05-24 14:00:00,144.1405
2018-05-24 15:00:00,144.06
2018-05-24 16:00:00,144.07
2018-05-24 17:00:00,144.07
2018-05-24 18:00:00,144.0
2018-05-24 19:00:00,144.39
2018-05-25 08:00:00,143.9
2018-05-25 09:00:00,144.19
2018-05-25 10:00:00,144.36
2018-05-25 11:00:00,144.05
2018-05-25 12:00:00,143.8499
2018-05-25 13:00:00,143.61
2018-05-25 14:00:00,143.65
2018-05-25 15:00:00,143.63
2018-05-25 16:00:00,143.64
2018-05-25 17:00:00,143.64
2018-05-25 18:00:00,143.89
2018-05-25 19:00:00,143.88
2018-05-29 04:00:00,143.08
2018-05-29 05:00:00,142.5
2018-05-29 07:00:00,142.74
2018-05-29 08:00:00,142.99
2018-05-29 09:00:00,141.92
2018-05-29 10:00:00,141.49
2018-05-29 11:00:00,140.79
2018-05-29 12:00:00,140.81
2018-05-29 13:00:00,140.68
2018-05-29 14:00:00,140.642
2018-05-29 15:00:00,141.2
2018-05-29 16:00:00,141.34
2018-05-29 17:00:00,141.5
2018-05-29 18:00:00,141.6
2018-05-29 19:00:00,141.22
2018-05-30 04:00:00,141.4
2018-05-30 05:00:00,141.95
2018-05-30 06:00:00,141.74
2018-05-30 07:00:00,142.0
2018-05-30 08:00:00,141.97
2018-05-30 09:00:00,142.03
2018-05-30 10:00:00,142.43
2018-05-30 11:00:00,142.45
2018-05-30 12:00:00,142.4605
2018-05-30 13:00:00,142.8
2018-05-30 14:00:00,142.8425
2018-05-30 15:00:00,142.62
2018-05-30 16:00:00,142.33
2018-05-30 17:00:00,142.6371
2018-05-30 18:00:00,142.62
2018-05-31 06:00:00,142.5
2018-05-31 09:00:00,142.35
2018-05-31 10:00:00,141.8
2018-05-31 11:00:00,142.22
2018-05-31 12:00:00,141.74
2018-05-31 13:00:00,141.2627
2018-05-31 14:00:00,141.41
2018-05-31 15:00:00,141.3
2018-05-31 16:00:00,141.31
2018-05-31 17:00:00,141.27
2018-05-31 18:00:00,141.3
2018-05-31 19:00:00,141.48
2018-06-01 06:00:00,141.79
2018-06-01 08:00:00,142.04
2018-06-01 09:00:00,142.56
2018-06-01 10:00:00,142.12
2018-06-01 11:00:00,141.96
2018-06-01 12:00:00,141.7201
2018-06-01 13:00:00,142.05
2018-06-01 14:00:00,142.19
2018-06-01 15:00:00,141.96
2018-06-01 16:00:00,141.9101
2018-06-01 17:00:00,141.95
2018-06-01 18:00:00,142.09
2018-06-01 19:00:00,142.2
2018-06-04 05:00:00,142.75
2018-06-04 06:00:00,142.68
2018-06-04 07:00:00,142.68
2018-06-04 08:00:00,142.35
2018-06-04 09:00:00,143.14
2018-06-04 10:00:00,142.84
2018-06-04 11:00:00,142.66
2018-06-04 12:00:00,142.82
2018-06-04 13:00:00,142.77
2018-06-04 14:00:00,142.89
2018-06-04 15:00:00,143.01
2018-06-04 16:00:00,143.04
2018-06-04 17:00:00,143.0
2018-06-04 19:00:00,143.0
2018-06-05 04:00:00,142.85
2018-06-05 05:00:00,142.95
2018-06-05 07:00:00,142.95
2018-06-05 08:00:00,142.9199
2018-06-05 09:00:00,143.86
2018-06-05 10:00:00,143.94
2018-06-05 11:00:00,143.5545
2018-06-05 12:00:00,143.35
2018-06-05 13:00:00,143.6375
2018-06-05 14:00:00,143.91
2018-06-05 15:00:00,143.73
2018-06-05 16:00:00,143.41
2018-06-05 17:00:00,143.5
2018-06-05 18:00:00,143.94
2018-06-05 19:00:00,143.92
2018-06-06 04:00:00,144.24
2018-06-06 06:00:00,144.26
2018-06-06 08:00:00,144.17
2018-06-06 09:00:00,143.665
2018-06-06 10:00:00,143.95
2018-06-06 11:00:00,144.23
2018-06-06 12:00:00,144.1522
2018-06-06 13:00:00,144.06
2018-06-06 14:00:00,144.325
2018-06-06 15:00:00,144.7
2018-06-06 16:00:00,144.75
2018-06-06 17:00:00,144.83
2018-06-07 04:00:00,145.0
2018-06-07 06:00:00,144.71
2018-06-07 07:00:00,144.96
2018-06-07 08:00:00,144.8
2018-06-07 09:00:00,146.42
2018-06-07 10:00:00,145.92
2018-06-07 11:00:00,145.75
2018-06-07 12:00:00,145.782
2018-06-07 13:00:00,145.2101
2018-06-07 14:00:00,145.4374
2018-06-07 15:00:00,145.36
2018-06-07 16:00:00,145.36
2018-06-07 17:00:00,145.64
2018-06-07 18:00:00,145.64
2018-06-07 19:00:00,145.32
2018-06-08 04:00:00,144.06
2018-06-08 05:00:00,144.08
2018-06-08 06:00:00,144.42
2018-06-08 07:00:00,144.5
2018-06-08 08:00:00,144.6001
2018-06-08 09:00:00,145.41
2018-06-08 10:00:00,144.55
2018-06-08 11:00:00,144.8
2018-06-08 12:00:00,145.7698
2018-06-08 13:00:00,145.87
2018-06-08 14:00:00,146.1101
2018-06-08 15:00:00,146.13
2018-06-08 16:00:00,146.14
2018-06-08 17:00:00,146.22
2018-06-08 18:00:00,146.22
2018-06-08 19:00:00,146.14
2018-06-11 04:00:00,146.51
2018-06-11 06:00:00,146.02
2018-06-11 07:00:00,146.1
2018-06-11 08:00:00,146.39
2018-06-11 09:00:00,146.81
2018-06-11 10:00:00,146.81
2018-06-11 11:00:00,147.17
2018-06-11 12:00:00,147.3459
2018-06-11 13:00:00,147.11
2018-06-11 14:00:00,146.86
2018-06-11 15:00:00,146.6
2018-06-11 16:00:00,146.58
2018-06-11 17:00:00,146.57
2018-06-11 18:00:00,146.75
2018-06-11 19:00:00,146.58
2018-06-12 04:00:00,146.91
2018-06-12 06:00:00,146.58
2018-06-12 07:00:00,146.58
2018-06-12 08:00:00,146.3
2018-06-12 09:00:00,146.8865
2018-06-12 10:00:00,147.2238
2018-06-12 11:00:00,147.45
2018-06-12 12:00:00,146.72
2018-06-12 13:00:00,147.03
2018-06-12 14:00:00,146.6679
2018-06-12 15:00:00,146.86
2018-06-12 16:00:00,146.87
2018-06-12 17:00:00,146.66
2018-06-12 18:00:00,146.95
2018-06-12 19:00:00,146.88
2018-06-13 04:00:00,146.7
2018-06-13 05:00:00,146.98
2018-06-13 06:00:00,146.77
2018-06-13 07:00:00,146.86
2018-06-13 08:00:00,146.9
2018-06-13 09:00:00,147.03
2018-06-13 10:00:00,147.2106
2018-06-13 11:00:00,147.33
2018-06-13 12:00:00,147.15
2018-06-13 13:00:00,146.8699
2018-06-13 14:00:00,146.715
2018-06-13 15:00:00,146.33
2018-06-13 16:00:00,146.35
2018-06-13 17:00:00,146.51
2018-06-13 18:00:00,146.35
2018-06-14 07:00:00,146.19
2018-06-14 08:00:00,146.75
2018-06-14 09:00:00,146.4838
2018-06-14 10:00:00,146.29
2018-06-14 11:00:00,146.36
2018-06-14 12:00:00,145.84
2018-06-14 13:00:00,145.8
2018-06-14 14:00:00,145.511
2018-06-14 15:00:00,145.22
2018-06-14 16:00:00,145.22
2018-06-14 17:00:00,144.91
2018-06-14 18:00:00,144.95
2018-06-14 19:00:00,145.0
2018-06-15 04:00:00,144.31
2018-06-15 05:00:00,144.38
2018-06-15 06:00:00,144.8
2018-06-15 07:00:00,144.86
2018-06-15 08:00:00,144.25
2018-06-15 09:00:00,144.42
2018-06-15 10:00:00,144.1
2018-06-15 11:00:00,144.38
2018-06-15 12:00:00,144.5299
2018-06-15 13:00:00,144.5843
2018-06-15 14:00:00,145.36
2018-06-15 15:00:00,145.41
2018-06-15 16:00:00,145.4
2018-06-15 17:00:00,145.39
2018-06-15 18:00:00,145.21
2018-06-15 19:00:00,145.21
2018-06-18 04:00:00,144.85
2018-06-18 06:00:00,144.81
2018-06-18 07:00:00,144.57
2018-06-18 08:00:00,144.29
2018-06-18 09:00:00,143.86
2018-06-18 10:00:00,144.1
2018-06-18 11:00:00,144.19
2018-06-18 12:00:00,144.51
2018-06-18 13:00:00,144.406
2018-06-18 14:00:00,144.2
2018-06-18 15:00:00,144.45
2018-06-18 16:00:00,144.48
2018-06-18 17:00:00,144.84
2018-06-18 18:00:00,144.48
2018-06-18 19:00:00,144.34
2018-06-19 04:00:00,143.0
2018-06-19 05:00:00,143.0
2018-06-19 07:00:00,143.05
2018-06-19 08:00:00,143.4199
2018-06-19 09:00:00,143.845
2018-06-19 10:00:00,143.8252
2018-06-19 11:00:00,143.705
2018-06-19 12:00:00,143.47
2018-06-19 13:00:00,143.67
2018-06-19 14:00:00,144.05
2018-06-19 15:00:00,143.9
2018-06-19 16:00:00,143.9
2018-06-19 17:00:00,143.86
2018-06-19 18:00:00,143.9
2018-06-19 19:00:00,143.9
2018-06-20 06:00:00,144.87
2018-06-20 07:00:00,144.1
2018-06-20 08:00:00,144.22
2018-06-20 09:00:00,143.95
2018-06-20 10:00:00,143.49
2018-06-20 11:00:00,143.4
2018-06-20 12:00:00,143.54
2018-06-20 13:00:00,143.4
2018-06-20 14:00:00,142.855
2018-06-20 15:00:00,142.63
2018-06-20 16:00:00,142.68
2018-06-20 17:00:00,142.75
2018-06-20 18:00:00,142.775
2018-06-20 19:00:00,142.8
2018-06-21 06:00:00,142.5
2018-06-21 07:00:00,142.35
2018-06-21 08:00:00,142.63
2018-06-21 09:00:00,142.5
2018-06-21 10:00:00,142.09
2018-06-21 11:00:00,141.93
2018-06-21 12:00:00,141.5795
2018-06-21 13:00:00,141.6475
2018-06-21 14:00:00,141.5133
2018-06-21 15:00:00,141.26
2018-06-21 16:00:00,141.25
2018-06-21 17:00:00,141.0
2018-06-21 18:00:00,141.25
2018-06-21 19:00:00,141.25
2018-06-22 07:00:00,141.84
2018-06-22 08:00:00,141.8
2018-06-22 09:00:00,141.26
2018-06-22 10:00:00,141.12
2018-06-22 11:00:00,141.2801
2018-06-22 12:00:00,141.4623
2018-06-22 13:00:00,141.56
2018-06-22 14:00:00,141.54
2018-06-22 15:00:00,141.28
2018-06-22 16:00:00,141.2
2018-06-22 17:00:00,141.35
2018-06-22 18:00:00,141.28
2018-06-22 19:00:00,141.29
2018-06-25 04:00:00,140.62
2018-06-25 07:00:00,140.66
2018-06-25 08:00:00,140.4
2018-06-25 09:00:00,138.96
2018-06-25 10:00:00,139.36
2018-06-25 11:00:00,139.5392
2018-06-25 12:00:00,139.345
2018-06-25 13:00:00,138.96
2018-06-25 14:00:00,138.59
2018-06-25 15:00:00,138.81
2018-06-25 16:00:00,138.79
2018-06-25 17:00:00,138.83
2018-06-25 18:00:00,139.09
2018-06-25 19:00:00,138.89
2018-06-26 07:00:00,139.1
2018-06-26 08:00:00,139.22
2018-06-26 09:00:00,138.71
2018-06-26 10:00:00,138.52
2018-06-26 11:00:00,139.15
2018-06-26 12:00:00,139.12
2018-06-26 13:00:00,139.2
2018-06-26 14:00:00,139.28
2018-06-26 15:00:00,139.015
2018-06-26 16:00:00,139.08
2018-06-26 17:00:00,139.07
2018-06-26 18:00:00,138.83
2018-06-26 19:00:00,139.4
2018-06-27 04:00:00,138.0
2018-06-27 06:00:00,138.35
2018-06-27 07:00:00,138.82
2018-06-27 08:00:00,139.2
2018-06-27 09:00:00,139.64
2018-06-27 10:00:00,139.15
2018-06-27 11:00:00,139.0902
2018-06-27 12:00:00,138.69
2018-06-27 13:00:00,138.35
2018-06-27 14:00:00,137.78
2018-06-27 15:00:00,137.49
2018-06-27 16:00:00,137.83
2018-06-27 17:00:00,137.85
2018-06-27 18:00:00,137.85
2018-06-27 19:00:00,138.22
2018-06-28 05:00:00,137.6
2018-06-28 06:00:00,138.29
2018-06-28 07:00:00,138.2
2018-06-28 08:00:00,137.94
2018-06-28 09:00:00,138.69
2018-06-28 10:00:00,138.9899
2018-06-28 11:00:00,139.41
2018-06-28 12:00:00,139.55
2018-06-28 13:00:00,139.87
2018-06-28 14:00:00,140.3053
2018-06-28 15:00:00,140.04
2018-06-28 16:00:00,140.446
2018-06-28 17:00:00,140.04
2018-06-28 18:00:00,140.42
2018-06-28 19:00:00,140.42
2018-06-29 04:00:00,140.84
2018-06-29 05:00:00,141.39
2018-06-29 06:00:00,140.42
2018-06-29 07:00:00,140.54
2018-06-29 08:00:00,140.5
2018-06-29 09:00:00,140.82
2018-06-29 10:00:00,141.1602
2018-06-29 11:00:00,140.82
2018-06-29 12:00:00,140.77
2018-06-29 13:00:00,140.95
2018-06-29 14:00:00,140.78
2018-06-29 15:00:00,139.73
2018-06-29 16:00:00,139.49
2018-06-29 17:00:00,139.36
2018-06-29 18:00:00,139.5
2018-06-29 19:00:00,139.5
2018-07-02 04:00:00,139.25
2018-07-02 05:00:00,138.77
2018-07-02 07:00:00,139.13
2018-07-02 08:00:00,138.88
2018-07-02 09:00:00,139.1666
2018-07-02 10:00:00,139.92
2018-07-02 11:00:00,139.74
2018-07-02 12:00:00,139.55
2018-07-02 13:00:00,139.81
2018-07-02 14:00:00,139.8
2018-07-02 15:00:00,139.85
2018-07-02 16:00:00,139.7145
2018-07-02 17:00:00,140.1
2018-07-02 18:00:00,139.67
2018-07-03 04:00:00,140.0
2018-07-03 07:00:00,140.44
2018-07-03 08:00:00,140.73
2018-07-03 09:00:00,140.45
2018-07-03 10:00:00,140.13
2018-07-03 11:00:00,140.24
2018-07-03 12:00:00,139.64
2018-07-03 13:00:00,139.67
2018-07-03 14:00:00,139.25
2018-07-03 15:00:00,139.324
2018-07-03 16:00:00,139.25
2018-07-05 05:00:00,140.3
2018-07-05 06:00:00,140.64
2018-07-05 07:00:00,140.5
2018-07-05 08:00:00,140.51
2018-07-05 09:00:00,140.33
2018-07-05 10:00:00,140.43
2018-07-05 11:00:00,141.01
2018-07-05 12:00:00,141.18
2018-07-05 13:00:00,140.9302
2018-07-05 14:00:00,140.94
2018-07-05 15:00:00,141.39
2018-07-05 16:00:00,141.45
2018-07-05 17:00:00,141.33
2018-07-05 18:00:00,141.06
2018-07-05 19:00:00,141.31
2018-07-06 05:00:00,140.97
2018-07-06 06:00:00,141.15
2018-07-06 07:00:00,141.29
2018-07-06 08:00:00,141.6
2018-07-06 09:00:00,141.82
2018-07-06 10:00:00,142.15
2018-07-06 11:00:00,142.74
2018-07-06 12:00:00,142.655
2018-07-06 13:00:00,142.7
2018-07-06 14:00:00,142.66
2018-07-06 15:00:00,142.45
2018-07-06 16:00:00,142.48
2018-07-06 17:00:00,142.48
2018-07-09 04:00:00,143.33
2018-07-09 05:00:00,143.26
2018-07-09 06:00:00,143.28
2018-07-09 07:00:00,143.07
2018-07-09 08:00:00,142.9
2018-07-09 09:00:00,143.1
2018-07-09 10:00:00,143.89
2018-07-09 11:00:00,144.07
2018-07-09 12:00:00,144.025
2018-07-09 13:00:00,144.1899
2018-07-09 14:00:00,144.67
2018-07-09 15:00:00,144.39
2018-07-09 16:00:00,144.39
2018-07-09 17:00:00,144.39
2018-07-09 18:00:00,144.39
2018-07-09 19:00:00,144.39
2018-07-10 04:00:00,144.2
2018-07-10 07:00:00,144.45
2018-07-10 08:00:00,144.4999
2018-07-10 09:00:00,145.015
2018-07-10 10:00:00,145.01
2018-07-10 11:00:00,144.78
2018-07-10 12:00:00,144.4741
2018-07-10 13:00:00,144.3879
2018-07-10 14:00:00,144.775
2018-07-10 15:00:00,144.72
2018-07-10 16:00:00,144.07
2018-07-10 17:00:00,144.47
2018-07-10 18:00:00,144.0
2018-07-10 19:00:00,144.25
2018-07-11 04:00:00,143.72
2018-07-11 05:00:00,143.61
2018-07-11 06:00:00,143.61
2018-07-11 07:00:00,143.72
2018-07-11 08:00:00,143.75
2018-07-11 09:00:00,144.96
2018-07-11 10:00:00,145.511
2018-07-11 11:00:00,145.08
2018-07-11 12:00:00,145.1972
2018-07-11 13:00:00,145.09
2018-07-11 14:00:00,145.084
2018-07-11 15:00:00,144.96
2018-07-11 16:00:00,144.94
2018-07-11 17:00:00,144.61
2018-07-11 18:00:00,144.94
2018-07-11 19:00:00,144.94
2018-07-12 06:00:00,145.09
2018-07-12 07:00:00,145.63
2018-07-12 08:00:00,145.59
2018-07-12 09:00:00,146.42
2018-07-12 10:00:00,146.17
2018-07-12 11:00:00,146.5928
2018-07-12 12:00:00,146.6
2018-07-12 13:00:00,146.4664
2018-07-12 14:00:00,146.34
2018-07-12 15:00:00,146.49
2018-07-12 16:00:00,146.4499
2018-07-12 17:00:00,146.69
2018-07-12 18:00:00,146.69
2018-07-12 19:00:00,146.55
2018-07-13 04:00:00,146.52
2018-07-13 05:00:00,146.94
2018-07-13 06:00:00,146.49
2018-07-13 07:00:00,146.45
2018-07-13 08:00:00,146.69
2018-07-13 09:00:00,146.51
2018-07-13 10:00:00,146.4499
2018-07-13 11:00:00,146.4
2018-07-13 12:00:00,146.87
2018-07-13 13:00:00,146.49
2018-07-13 14:00:00,146.25
2018-07-13 15:00:00,145.9
2018-07-13 16:00:00,145.9
2018-07-13 17:00:00,145.85
2018-07-13 18:00:00,145.89
2018-07-13 19:00:00,145.89
2018-07-16 04:00:00,146.9
2018-07-16 06:00:00,146.06
2018-07-16 07:00:00,145.75
2018-07-16 08:00:00,145.89
2018-07-16 09:00:00,144.8098
2018-07-16 10:00:00,144.8099
2018-07-16 11:00:00,145.2401
2018-07-16 12:00:00,145.525
2018-07-16 13:00:00,145.235
2018-07-16 14:00:00,144.97
2018-07-16 15:00:00,145.45
2018-07-16 16:00:00,145.25
2018-07-16 17:00:00,145.39
2018-07-16 18:00:00,145.46
2018-07-16 19:00:00,145.02
2018-07-17 07:00:00,145.2
2018-07-17 08:00:00,145.2
2018-07-17 09:00:00,144.0
2018-07-17 10:00:00,143.45
2018-07-17 11:00:00,144.178
2018-07-17 12:00:00,144.235
2018-07-17 13:00:00,144.0601
2018-07-17 14:00:00,143.56
2018-07-17 15:00:00,143.49
2018-07-17 16:00:00,143.48
2018-07-17 17:00:00,143.41
2018-07-17 18:00:00,143.49
2018-07-17 19:00:00,143.62
2018-07-18 05:00:00,143.65
2018-07-18 06:00:00,143.66
2018-07-18 07:00:00,143.5
2018-07-18 08:00:00,143.6501
2018-07-18 09:00:00,143.34
2018-07-18 10:00:00,143.0969
2018-07-18 11:00:00,143.45
2018-07-18 12:00:00,143.93
2018-07-18 13:00:00,143.87
2018-07-18 14:00:00,144.13
2018-07-18 15:00:00,144.5001
2018-07-18 16:00:00,145.8
2018-07-18 17:00:00,147.5501
2018-07-18 18:00:00,149.19
2018-07-18 19:00:00,148.99
2018-07-19 04:00:00,148.7
2018-07-19 05:00:00,148.8
2018-07-19 06:00:00,148.1
2018-07-19 07:00:00,147.71
2018-07-19 08:00:00,147.9
2018-07-19 09:00:00,148.9713
2018-07-19 10:00:00,148.811
2018-07-19 11:00:00,149.04
2018-07-19 12:00:00,148.56
2018-07-19 13:00:00,148.57
2018-07-19 14:00:00,149.31
2018-07-19 15:00:00,149.26
2018-07-19 16:00:00,149.01
2018-07-19 17:00:00,148.95
2018-07-19 18:00:00,149.49
2018-07-19 19:00:00,149.45
2018-07-20 04:00:00,149.11
2018-07-20 06:00:00,149.24
2018-07-20 07:00:00,149.3
2018-07-20 08:00:00,149.1
2018-07-20 09:00:00,148.6
2018-07-20 10:00:00,147.8081
2018-07-20 11:00:00,146.89
2018-07-20 12:00:00,146.97
2018-07-20 13:00:00,146.65
2018-07-20 14:00:00,146.3
2018-07-20 15:00:00,146.36
2018-07-20 16:00:00,146.31
2018-07-20 17:00:00,146.21
2018-07-20 18:00:00,146.3
2018-07-20 19:00:00,146.3
2018-07-23 04:00:00,146.26
2018-07-23 05:00:00,146.26
2018-07-23 06:00:00,146.05
2018-07-23 07:00:00,146.1
2018-07-23 08:00:00,146.4
2018-07-23 09:00:00,146.32
2018-07-23 10:00:00,145.36
2018-07-23 11:00:00,145.149
2018-07-23 12:00:00,145.2952
2018-07-23 13:00:00,145.66
2018-07-23 14:00:00,145.7
2018-07-23 15:00:00,145.7
2018-07-23 16:00:00,145.7001
2018-07-23 17:00:00,146.35
2018-07-23 18:00:00,145.7
2018-07-23 19:00:00,145.85
2018-07-24 04:00:00,145.8
2018-07-24 05:00:00,145.74
2018-07-24 07:00:00,145.9
2018-07-24 08:00:00,146.3601
2018-07-24 09:00:00,146.5
2018-07-24 10:00:00,146.75
2018-07-24 11:00:00,146.59
2018-07-24 12:00:00,146.503
2018-07-24 13:00:00,146.175
2018-07-24 14:00:00,146.2
2018-07-24 15:00:00,146.37
2018-07-24 16:00:00,146.57
2018-07-24 17:00:00,146.05
2018-07-24 18:00:00,146.37
2018-07-24 19:00:00,146.56
2018-07-25 04:00:00,146.13
2018-07-25 08:00:00,146.24
2018-07-25 09:00:00,145.8699
2018-07-25 10:00:00,145.7
2018-07-25 11:00:00,146.14
2018-07-25 12:00:00,146.3698
2018-07-25 13:00:00,146.11
2018-07-25 14:00:00,146.01
2018-07-25 15:00:00,146.6
2018-07-25 16:00:00,146.62
2018-07-25 17:00:00,145.59
2018-07-25 18:00:00,145.75
2018-07-25 19:00:00,145.8
2018-07-26 05:00:00,146.17
2018-07-26 07:00:00,146.67
2018-07-26 08:00:00,147.21
2018-07-26 09:00:00,148.8
2018-07-26 10:00:00,147.6444
2018-07-26 11:00:00,147.37
2018-07-26 12:00:00,147.16
2018-07-26 13:00:00,147.3
2018-07-26 14:00:00,147.21
2018-07-26 15:00:00,146.72
2018-07-26 16:00:00,146.5
2018-07-26 17:00:00,146.7
2018-07-26 18:00:00,147.1
2018-07-26 19:00:00,147.4799
2018-07-27 05:00:00,146.93
2018-07-27 06:00:00,146.91
2018-07-27 07:00:00,146.83
2018-07-27 08:00:00,147.09
2018-07-27 09:00:00,146.58
2018-07-27 10:00:00,146.2475
2018-07-27 11:00:00,145.62
2018-07-27 12:00:00,144.855
2018-07-27 13:00:00,145.42
2018-07-27 14:00:00,145.17
2018-07-27 15:00:00,145.1699
2018-07-27 16:00:00,144.99
2018-07-27 17:00:00,145.0
2018-07-27 19:00:00,145.15
2018-07-30 04:00:00,144.67
2018-07-30 05:00:00,145.01
2018-07-30 06:00:00,145.04
2018-07-30 07:00:00,145.3
2018-07-30 08:00:00,145.35
2018-07-30 09:00:00,145.5
2018-07-30 10:00:00,145.58
2018-07-30 11:00:00,145.5099
2018-07-30 12:00:00,144.975
2018-07-30 13:00:00,145.5199
2018-07-30 14:00:00,145.75
2018-07-30 15:00:00,145.48
2018-07-30 16:00:00,145.49
2018-07-30 17:00:00,145.75
2018-07-30 18:00:00,145.75
2018-07-30 19:00:00,145.48
2018-07-31 07:00:00,146.08
2018-07-31 08:00:00,145.75
2018-07-31 09:00:00,144.57
2018-07-31 10:00:00,144.3099
2018-07-31 11:00:00,145.2225
2018-07-31 12:00:00,145.0
2018-07-31 13:00:00,144.97
2018-07-31 14:00:00,144.94
2018-07-31 15:00:00,144.83
2018-07-31 16:00:00,145.01
2018-07-31 17:00:00,145.18
2018-07-31 18:00:00,144.93
2018-07-31 19:00:00,145.46
2018-08-01 07:00:00,145.01
2018-08-01 08:00:00,144.56
2018-08-01 09:00:00,144.61
2018-08-01 10:00:00,144.43
2018-08-01 11:00:00,144.19
2018-08-01 12:00:00,143.8041
2018-08-01 13:00:00,143.8499
2018-08-01 14:00:00,143.6568
2018-08-01 15:00:00,143.47
2018-08-01 16:00:00,143.4
2018-08-01 17:00:00,143.4
2018-08-01 18:00:00,143.67
2018-08-01 19:00:00,143.52
2018-08-02 05:00:00,142.75
2018-08-02 07:00:00,142.75
2018-08-02 08:00:00,143.25
2018-08-02 09:00:00,142.65
2018-08-02 10:00:00,142.38
2018-08-02 11:00:00,143.01
2018-08-02 12:00:00,143.1095
2018-08-02 13:00:00,143.129
2018-08-02 14:00:00,143.258
2018-08-02 15:00:00,142.9971
2018-08-02 16:00:00,143.0
2018-08-02 17:00:00,143.0
2018-08-02 18:00:00,142.96
2018-08-02 19:00:00,143.0
2018-08-03 05:00:00,143.1
2018-08-03 08:00:00,143.14
2018-08-03 09:00:00,145.5123
2018-08-03 10:00:00,146.79
2018-08-03 11:00:00,147.419
2018-08-03 12:00:00,147.6599
2018-08-03 13:00:00,147.37
2018-08-03 14:00:00,147.19
2018-08-03 15:00:00,147.691
2018-08-03 16:00:00,147.51
2018-08-03 17:00:00,147.6
2018-08-03 18:00:00,147.7
2018-08-06 06:00:00,147.6
2018-08-06 07:00:00,147.4
2018-08-06 08:00:00,147.24
2018-08-06 09:00:00,146.16
2018-08-06 10:00:00,146.0372
2018-08-06 11:00:00,145.83
2018-08-06 12:00:00,146.0
2018-08-06 13:00:00,145.98
2018-08-06 14:00:00,146.0132
2018-08-06 15:00:00,146.02
2018-08-06 16:00:00,146.3
2018-08-06 17:00:00,146.01
2018-08-06 18:00:00,146.04
2018-08-06 19:00:00,146.12
2018-08-07 04:00:00,146.17
2018-08-07 07:00:00,146.6
2018-08-07 08:00:00,146.5
2018-08-07 09:00:00,146.839
2018-08-07 10:00:00,147.53
2018-08-07 11:00:00,147.34
2018-08-07 12:00:00,147.19
2018-08-07 13:00:00,147.02
2018-08-07 14:00:00,147.2699
2018-08-07 15:00:00,147.03
2018-08-07 16:00:00,147.03
2018-08-07 17:00:00,146.71
2018-08-07 19:00:00,147.35
2018-08-08 05:00:00,147.27
2018-08-08 06:00:00,147.1
2018-08-08 07:00:00,147.2
2018-08-08 08:00:00,147.01
2018-08-08 09:00:00,146.96
2018-08-08 10:00:00,146.54
2018-08-08 11:00:00,146.4789
2018-08-08 12:00:00,146.3103
2018-08-08 13:00:00,146.705
2018-08-08 14:00:00,146.865
2018-08-08 15:00:00,146.84
2018-08-08 16:00:00,146.816
2018-08-08 17:00:00,146.9
2018-08-08 18:00:00,146.93
2018-08-08 19:00:00,146.97
2018-08-09 04:00:00,145.42
2018-08-09 07:00:00,145.7
2018-08-09 08:00:00,145.9699
2018-08-09 09:00:00,145.7
2018-08-09 10:00:00,145.7016
2018-08-09 11:00:00,145.1645
2018-08-09 12:00:00,145.3001
2018-08-09 13:00:00,145.35
2018-08-09 14:00:00,145.12
2018-08-09 15:00:00,144.79
2018-08-09 16:00:00,144.79
2018-08-09 17:00:00,145.1
2018-08-09 18:00:00,145.0
2018-08-10 04:00:00,144.49
2018-08-10 07:00:00,145.0
2018-08-10 08:00:00,144.36
2018-08-10 09:00:00,144.46
2018-08-10 10:00:00,144.39
2018-08-10 11:00:00,144.523
2018-08-10 12:00:00,144.33
2018-08-10 13:00:00,144.14
2018-08-10 14:00:00,144.08
2018-08-10 15:00:00,144.48
2018-08-10 16:00:00,144.5
2018-08-10 17:00:00,144.31
2018-08-10 18:00:00,144.48
2018-08-13 04:00:00,143.9
2018-08-13 07:00:00,144.15
2018-08-13 08:00:00,144.39
2018-08-13 09:00:00,144.12
2018-08-13 10:00:00,143.8501
2018-08-13 11:00:00,143.09
2018-08-13 12:00:00,142.73
2018-08-13 13:00:00,142.9
2018-08-13 14:00:00,142.95
2018-08-13 15:00:00,142.71
2018-08-13 16:00:00,142.71
2018-08-13 17:00:00,142.87
2018-08-13 18:00:00,142.78
2018-08-13 19:00:00,142.88
2018-08-14 05:00:00,142.99
2018-08-14 07:00:00,143.3
2018-08-14 08:00:00,143.25
2018-08-14 09:00:00,143.2266
2018-08-14 10:00:00,143.25
2018-08-14 11:00:00,143.3425
2018-08-14 12:00:00,143.22
2018-08-14 13:00:00,143.4638
2018-08-14 14:00:00,143.1068
2018-08-14 15:00:00,143.35
2018-08-14 16:00:00,143.36
2018-08-14 17:00:00,143.36
2018-08-14 19:00:00,143.46
2018-08-15 04:00:00,143.01
2018-08-15 06:00:00,142.49
2018-08-15 07:00:00,142.39
2018-08-15 08:00:00,142.7
2018-08-15 09:00:00,142.32
2018-08-15 10:00:00,142.27
2018-08-15 11:00:00,142.8476
2018-08-15 12:00:00,143.49
2018-08-15 13:00:00,143.23
2018-08-15 14:00:00,143.4
2018-08-15 15:00:00,143.91
2018-08-15 16:00:00,143.7
2018-08-15 17:00:00,144.0
2018-08-15 18:00:00,143.92
2018-08-15 19:00:00,144.0
2018-08-16 04:00:00,144.48
2018-08-16 06:00:00,144.56
2018-08-16 07:00:00,144.47
2018-08-16 08:00:00,144.61
2018-08-16 09:00:00,145.21
2018-08-16 10:00:00,145.03
2018-08-16 11:00:00,145.16
2018-08-16 12:00:00,145.37
2018-08-16 13:00:00,145.5833
2018-08-16 14:00:00,145.37
2018-08-16 15:00:00,145.36
2018-08-16 16:00:00,144.8
2018-08-16 17:00:00,144.8
2018-08-16 18:00:00,145.02
2018-08-17 05:00:00,145.34
2018-08-17 06:00:00,145.34
2018-08-17 07:00:00,145.4
2018-08-17 08:00:00,145.0
2018-08-17 09:00:00,145.26
2018-08-17 10:00:00,145.5601
2018-08-17 11:00:00,145.8398
2018-08-17 12:00:00,145.82
2018-08-17 13:00:00,145.93
2018-08-17 14:00:00,146.35
2018-08-17 15:00:00,146.05
2018-08-17 16:00:00,146.06
2018-08-17 17:00:00,146.19
2018-08-17 18:00:00,146.06
2018-08-17 19:00:00,145.95
2018-08-20 06:00:00,146.25
2018-08-20 07:00:00,146.5
2018-08-20 08:00:00,146.0
2018-08-20 09:00:00,146.6819
2018-08-20 10:00:00,146.23
2018-08-20 11:00:00,146.4079
2018-08-20 12:00:00,146.4822
2018-08-20 13:00:00,146.435
2018-08-20 14:00:00,146.5
2018-08-20 15:00:00,146.5
2018-08-20 16:00:00,146.51
2018-08-20 17:00:00,146.61
2018-08-20 18:00:00,146.51
2018-08-21 06:00:00,146.32
2018-08-21 07:00:00,147.0
2018-08-21 08:00:00,146.81
2018-08-21 09:00:00,146.85
2018-08-21 10:00:00,146.832
2018-08-21 11:00:00,146.69
2018-08-21 12:00:00,146.7096
2018-08-21 13:00:00,146.8001
2018-08-21 14:00:00,146.34
2018-08-21 15:00:00,145.98
2018-08-21 16:00:00,145.075
2018-08-21 17:00:00,145.97
2018-08-21 18:00:00,145.12
2018-08-21 19:00:00,145.0
2018-08-22 04:00:00,145.28
2018-08-22 05:00:00,145.19
2018-08-22 06:00:00,145.95
2018-08-22 07:00:00,145.27
2018-08-22 08:00:00,145.6
2018-08-22 09:00:00,145.6
2018-08-22 10:00:00,145.49
2018-08-22 11:00:00,145.5686
2018-08-22 12:00:00,145.5501
2018-08-22 13:00:00,145.39
2018-08-22 14:00:00,145.33
2018-08-22 15:00:00,145.26
2018-08-22 16:00:00,145.21
2018-08-22 17:00:00,144.92
2018-08-22 18:00:00,145.24
2018-08-22 19:00:00,145.25
2018-08-23 07:00:00,145.0
2018-08-23 08:00:00,144.97
2018-08-23 09:00:00,145.08
2018-08-23 10:00:00,145.2463
2018-08-23 11:00:00,144.9
2018-08-23 12:00:00,145.18
2018-08-23 13:00:00,145.14
2018-08-23 14:00:00,145.2901
2018-08-23 15:00:00,145.37
2018-08-23 16:00:00,145.37
2018-08-23 17:00:00,145.45
2018-08-23 18:00:00,145.37
2018-08-24 06:00:00,145.83
2018-08-24 07:00:00,145.5
2018-08-24 08:00:00,145.67
2018-08-24 09:00:00,145.08
2018-08-24 10:00:00,145.74
2018-08-24 11:00:00,145.9478
2018-08-24 12:00:00,145.99
2018-08-24 13:00:00,145.911
2018-08-24 14:00:00,145.9394
2018-08-24 15:00:00,146.03
2018-08-24 16:00:00,146.0
2018-08-24 17:00:00,146.05
2018-08-24 19:00:00,146.05
2018-08-27 07:00:00,146.2
2018-08-27 08:00:00,146.67
2018-08-27 09:00:00,147.08
2018-08-27 10:00:00,147.101
2018-08-27 11:00:00,147.2974
2018-08-27 12:00:00,147.3599
2018-08-27 13:00:00,147.0099
2018-08-27 14:00:00,146.5369
2018-08-27 15:00:00,146.69
2018-08-27 16:00:00,146.9
2018-08-27 17:00:00,146.42
2018-08-27 18:00:00,146.84
2018-08-27 19:00:00,146.61
2018-08-28 08:00:00,146.7
2018-08-28 09:00:00,146.75
2018-08-28 10:00:00,146.4409
2018-08-28 11:00:00,146.4463
2018-08-28 12:00:00,146.51
2018-08-28 13:00:00,146.4532
2018-08-28 14:00:00,146.4535
2018-08-28 15:00:00,146.59
2018-08-28 16:00:00,146.59
2018-08-28 17:00:00,146.89
2018-08-28 18:00:00,146.59
2018-08-29 04:00:00,146.13
2018-08-29 08:00:00,146.59
2018-08-29 09:00:00,146.98
2018-08-29 10:00:00,147.07
2018-08-29 11:00:00,147.68
2018-08-29 12:00:00,147.82
2018-08-29 13:00:00,147.5226
2018-08-29 14:00:00,147.59
2018-08-29 15:00:00,147.56
2018-08-29 16:00:00,147.54
2018-08-29 17:00:00,147.54
2018-08-29 19:00:00,147.54
2018-08-30 04:00:00,147.6
2018-08-30 07:00:00,147.54
2018-08-30 08:00:00,147.15
2018-08-30 09:00:00,146.95
2018-08-30 10:00:00,146.42
2018-08-30 11:00:00,146.06
2018-08-30 12:00:00,145.8617
2018-08-30 13:00:00,146.245
2018-08-30 14:00:00,145.4528
2018-08-30 15:00:00,145.93
2018-08-30 16:00:00,145.93
2018-08-30 17:00:00,145.9999
2018-08-30 18:00:00,145.89
2018-08-30 19:00:00,145.93
2018-08-31 04:00:00,145.83
2018-08-31 06:00:00,145.8
2018-08-31 07:00:00,145.88
2018-08-31 08:00:00,146.2
2018-08-31 09:00:00,146.52
2018-08-31 10:00:00,146.4301
2018-08-31 11:00:00,146.15
2018-08-31 12:00:00,145.745
2018-08-31 13:00:00,145.8635
2018-08-31 14:00:00,146.17
2018-08-31 15:00:00,146.44
2018-08-31 16:00:00,146.48
2018-08-31 17:00:00,146.77
2018-08-31 18:00:00,146.48
2018-08-31 19:00:00,146.61
2018-09-04 05:00:00,146.0
2018-09-04 07:00:00,146.48
2018-09-04 08:00:00,146.28
2018-09-04 09:00:00,145.37
2018-09-04 10:00:00,145.27
2018-09-04 11:00:00,145.1557
2018-09-04 12:00:00,145.0927
2018-09-04 13:00:00,145.4401
2018-09-04 14:00:00,145.62
2018-09-04 15:00:00,145.6733
2018-09-04 16:00:00,144.75
2018-09-04 17:00:00,145.74
2018-09-04 18:00:00,145.97
2018-09-04 19:00:00,144.8001
2018-09-05 04:00:00,144.75
2018-09-05 07:00:00,145.24
2018-09-05 08:00:00,145.0
2018-09-05 09:00:00,145.78
2018-09-05 10:00:00,146.21
2018-09-05 11:00:00,146.116
2018-09-05 12:00:00,146.1
2018-09-05 13:00:00,146.2955
2018-09-05 14:00:00,146.51
2018-09-05 15:00:00,146.66
2018-09-05 16:00:00,146.2
2018-09-05 17:00:00,146.75
2018-09-05 19:00:00,146.66
2018-09-06 05:00:00,146.68
2018-09-06 07:00:00,146.25
2018-09-06 08:00:00,146.49
2018-09-06 09:00:00,146.99
2018-09-06 10:00:00,145.95
2018-09-06 11:00:00,146.16
2018-09-06 12:00:00,145.8832
2018-09-06 13:00:00,146.13
2018-09-06 14:00:00,146.69
2018-09-06 15:00:00,146.42
2018-09-06 16:00:00,145.75
2018-09-06 17:00:00,146.42
2018-09-06 18:00:00,146.02
2018-09-07 05:00:00,145.76
2018-09-07 07:00:00,146.01
2018-09-07 08:00:00,146.16
2018-09-07 09:00:00,145.665
2018-09-07 10:00:00,146.2
2018-09-07 11:00:00,146.04
2018-09-07 12:00:00,145.49
2018-09-07 13:00:00,145.28
2018-09-07 14:00:00,145.72
2018-09-07 15:00:00,145.47
2018-09-07 16:00:00,145.45
2018-09-07 17:00:00,145.25
2018-09-07 18:00:00,145.45
2018-09-07 19:00:00,145.45
2018-09-10 04:00:00,145.98
2018-09-10 07:00:00,145.98
2018-09-10 08:00:00,145.9301
2018-09-10 09:00:00,147.15
2018-09-10 10:00:00,146.75
2018-09-10 11:00:00,146.14
2018-09-10 12:00:00,145.765
2018-09-10 13:00:00,145.91
2018-09-10 14:00:00,145.895
2018-09-10 15:00:00,145.66
2018-09-10 16:00:00,145.55
2018-09-10 17:00:00,145.65
2018-09-10 18:00:00,145.51
2018-09-10 19:00:00,145.51
2018-09-11 04:00:00,145.5
2018-09-11 05:00:00,145.5
2018-09-11 07:00:00,145.3
2018-09-11 08:00:00,145.25
2018-09-11 09:00:00,145.53
2018-09-11 10:00:00,146.3965
2018-09-11 11:00:00,146.89
2018-09-11 12:00:00,146.85
2018-09-11 13:00:00,146.6502
2018-09-11 14:00:00,146.63
2018-09-11 15:00:00,146.49
2018-09-11 16:00:00,146.35
2018-09-11 17:00:00,146.4
2018-09-11 18:00:00,146.43
2018-09-12 04:00:00,146.49
2018-09-12 06:00:00,146.88
2018-09-12 07:00:00,146.49
2018-09-12 08:00:00,146.48
2018-09-12 09:00:00,147.73
2018-09-12 10:00:00,146.96
2018-09-12 11:00:00,146.8
2018-09-12 12:00:00,146.96
2018-09-12 13:00:00,146.59
2018-09-12 14:00:00,146.559
2018-09-12 15:00:00,146.56
2018-09-12 16:00:00,146.57
2018-09-12 17:00:00,146.32
2018-09-12 18:00:00,146.32
2018-09-13 07:00:00,146.94
2018-09-13 08:00:00,146.57
2018-09-13 09:00:00,148.119
2018-09-13 10:00:00,147.95
2018-09-13 11:00:00,148.12
2018-09-13 12:00:00,148.4001
2018-09-13 13:00:00,148.272
2018-09-13 14:00:00,148.73
2018-09-13 15:00:00,148.944
2018-09-13 16:00:00,148.66
2018-09-13 17:00:00,149.0
2018-09-13 18:00:00,149.0
2018-09-13 19:00:00,148.95
2018-09-14 05:00:00,149.49
2018-09-14 07:00:00,149.44
2018-09-14 08:00:00,149.1
2018-09-14 09:00:00,149.1044
2018-09-14 10:00:00,148.9469
2018-09-14 11:00:00,148.63
2018-09-14 12:00:00,148.25
2018-09-14 13:00:00,148.0721
2018-09-14 14:00:00,148.195
2018-09-14 15:00:00,148.33
2018-09-14 16:00:00,148.32
2018-09-14 17:00:00,148.32
2018-09-14 18:00:00,148.32
2018-09-14 19:00:00,148.33
2018-09-17 07:00:00,148.18
2018-09-17 08:00:00,148.25
2018-09-17 09:00:00,148.8
2018-09-17 10:00:00,148.2399
2018-09-17 11:00:00,148.11
2018-09-17 12:00:00,148.49
2018-09-17 13:00:00,148.2
2018-09-17 14:00:00,148.19
2018-09-17 15:00:00,147.96
2018-09-17 16:00:00,147.61
2018-09-17 17:00:00,147.94
2018-09-17 18:00:00,147.75
2018-09-17 19:00:00,147.61
2018-09-18 05:00:00,147.82
2018-09-18 06:00:00,148.0
2018-09-18 07:00:00,148.2
2018-09-18 08:00:00,148.25
2018-09-18 09:00:00,147.87
2018-09-18 10:00:00,147.641
2018-09-18 11:00:00,148.1
2018-09-18 12:00:00,148.09
2018-09-18 13:00:00,148.535
2018-09-18 14:00:00,148.821
2018-09-18 15:00:00,148.57
2018-09-18 16:00:00,148.4
2018-09-18 17:00:00,148.56
2018-09-18 18:00:00,148.89
2018-09-19 05:00:00,148.72
2018-09-19 06:00:00,148.44
2018-09-19 07:00:00,148.44
2018-09-19 08:00:00,148.41
2018-09-19 09:00:00,149.52
2018-09-19 10:00:00,149.63
2018-09-19 11:00:00,149.88
2018-09-19 12:00:00,149.93
2018-09-19 13:00:00,149.38
2018-09-19 14:00:00,149.3224
2018-09-19 15:00:00,149.06
2018-09-19 16:00:00,149.22
2018-09-19 17:00:00,149.1
2018-09-19 18:00:00,149.05
2018-09-19 19:00:00,149.1
2018-09-20 06:00:00,148.56
2018-09-20 08:00:00,149.22
2018-09-20 09:00:00,150.21
2018-09-20 10:00:00,150.08
2018-09-20 11:00:00,150.11
2018-09-20 12:00:00,150.63
2018-09-20 13:00:00,150.985
2018-09-20 14:00:00,151.19
2018-09-20 15:00:00,151.17
2018-09-20 16:00:00,151.4
2018-09-20 17:00:00,151.16
2018-09-20 18:00:00,151.34
2018-09-20 19:00:00,151.16
2018-09-21 07:00:00,150.65
2018-09-21 08:00:00,151.29
2018-09-21 09:00:00,152.065
2018-09-21 10:00:00,151.15
2018-09-21 11:00:00,151.34
2018-09-21 12:00:00,151.367
2018-09-21 13:00:00,151.57
2018-09-21 14:00:00,151.325
2018-09-21 15:00:00,151.26
2018-09-21 16:00:00,151.41
2018-09-21 17:00:00,151.65
2018-09-21 18:00:00,151.35
2018-09-24 04:00:00,151.16
2018-09-24 07:00:00,150.85
2018-09-24 08:00:00,151.0
2018-09-24 09:00:00,150.0
2018-09-24 10:00:00,150.04
2018-09-24 11:00:00,149.9
2018-09-24 12:00:00,149.7335
2018-09-24 13:00:00,149.83
2018-09-24 14:00:00,149.745
2018-09-24 15:00:00,150.01
2018-09-24 16:00:00,150.03
2018-09-24 17:00:00,150.03
2018-09-24 18:00:00,150.03
2018-09-24 19:00:00,150.25
2018-09-25 07:00:00,150.73
2018-09-25 08:00:00,150.48
2018-09-25 09:00:00,150.06
2018-09-25 10:00:00,149.6803
2018-09-25 11:00:00,149.46
2018-09-25 12:00:00,149.04
2018-09-25 13:00:00,148.65
2018-09-25 14:00:00,148.6455
2018-09-25 15:00:00,148.91
2018-09-25 16:00:00,150.49
2018-09-25 17:00:00,148.91
2018-09-25 18:00:00,148.91
2018-09-25 19:00:00,150.2
2018-09-26 04:00:00,151.01
2018-09-26 06:00:00,151.01
2018-09-26 07:00:00,151.3
2018-09-26 08:00:00,151.4
2018-09-26 09:00:00,151.9
2018-09-26 10:00:00,152.005
2018-09-26 11:00:00,153.1102
2018-09-26 12:00:00,152.54
2018-09-26 13:00:00,152.33
2018-09-26 14:00:00,152.2884
2018-09-26 15:00:00,151.61
2018-09-26 16:00:00,151.77
2018-09-26 17:00:00,151.77
2018-09-26 18:00:00,151.49
2018-09-26 19:00:00,151.77
2018-09-27 07:00:00,151.99
2018-09-27 08:00:00,152.0
2018-09-27 09:00:00,151.26
2018-09-27 10:00:00,152.29
2018-09-27 11:00:00,152.069
2018-09-27 12:00:00,152.1
2018-09-27 13:00:00,152.09
2018-09-27 14:00:00,151.76
2018-09-27 15:00:00,151.5
2018-09-27 16:00:00,151.41
2018-09-27 17:00:00,151.45
2018-09-27 18:00:00,151.2
2018-09-27 19:00:00,151.5
2018-09-28 05:00:00,151.4
2018-09-28 08:00:00,151.5
2018-09-28 09:00:00,150.88
2018-09-28 10:00:00,151.44
2018-09-28 11:00:00,151.3399
2018-09-28 12:00:00,150.91
2018-09-28 13:00:00,151.1001
2018-09-28 14:00:00,151.0038
2018-09-28 15:00:00,151.19
2018-09-28 16:00:00,151.21
2018-09-28 17:00:00,151.35
2018-09-28 19:00:00,151.29
2018-10-01 07:00:00,151.98
2018-10-01 08:00:00,151.76
2018-10-01 09:00:00,152.54
2018-10-01 10:00:00,153.0
2018-10-01 11:00:00,153.29
2018-10-01 12:00:00,152.6499
2018-10-01 13:00:00,153.0834
2018-10-01 14:00:00,152.97
2018-10-01 15:00:00,153.03
2018-10-01 16:00:00,153.0
2018-10-01 17:00:00,153.085
2018-10-01 18:00:00,152.78
2018-10-02 04:00:00,152.52
2018-10-02 05:00:00,152.52
2018-10-02 07:00:00,152.52
2018-10-02 08:00:00,152.71
2018-10-02 09:00:00,153.11
2018-10-02 10:00:00,152.839
2018-10-02 11:00:00,153.4
2018-10-02 12:00:00,153.28
2018-10-02 13:00:00,153.5401
2018-10-02 14:00:00,153.57
2018-10-02 15:00:00,153.75
2018-10-02 16:00:00,153.5
2018-10-02 17:00:00,153.88
2018-10-02 18:00:00,153.5
2018-10-02 19:00:00,153.65
2018-10-03 04:00:00,153.65
2018-10-03 07:00:00,154.25
2018-10-03 08:00:00,154.06
2018-10-03 09:00:00,152.88
2018-10-03 10:00:00,153.7
2018-10-03 11:00:00,153.55
2018-10-03 12:00:00,153.4736
2018-10-03 13:00:00,153.47
2018-10-03 14:00:00,153.0799
2018-10-03 15:00:00,153.23
2018-10-03 16:00:00,153.22
2018-10-03 17:00:00,152.8367
2018-10-03 18:00:00,153.6
2018-10-04 06:00:00,152.56
2018-10-04 07:00:00,152.48
2018-10-04 08:00:00,152.39
2018-10-04 09:00:00,152.205
2018-10-04 10:00:00,151.78
2018-10-04 11:00:00,151.75
2018-10-04 12:00:00,151.2001
2018-10-04 13:00:00,150.64
2018-10-04 14:00:00,151.1202
2018-10-04 15:00:00,151.3
2018-10-04 16:00:00,151.63
2018-10-04 17:00:00,152.0
2018-10-04 18:00:00,151.99
2018-10-04 19:00:00,151.37
2018-10-05 05:00:00,151.0
2018-10-05 06:00:00,152.0
2018-10-05 07:00:00,151.66
2018-10-05 08:00:00,151.55
2018-10-05 09:00:00,149.72
2018-10-05 10:00:00,148.8966
2018-10-05 11:00:00,148.37
2018-10-05 12:00:00,148.225
2018-10-05 13:00:00,148.56
2018-10-05 14:00:00,149.03
2018-10-05 15:00:00,149.04
2018-10-05 16:00:00,149.05
2018-10-05 17:00:00,149.4
2018-10-05 18:00:00,148.85
2018-10-05 19:00:00,148.86
2018-10-08 05:00:00,148.51
2018-10-08 06:00:00,148.77
2018-10-08 07:00:00,148.76
2018-10-08 08:00:00,148.86
2018-10-08 09:00:00,148.78
2018-10-08 10:00:00,148.123
2018-10-08 11:00:00,147.59
2018-10-08 12:00:00,147.51
2018-10-08 13:00:00,147.73
2018-10-08 14:00:00,148.28
2018-10-08 15:00:00,148.4
2018-10-08 16:00:00,148.4
2018-10-08 17:00:00,148.39
2018-10-08 18:00:00,148.5
2018-10-08 19:00:00,148.45
2018-10-09 07:00:00,147.9
2018-10-09 08:00:00,148.37
2018-10-09 09:00:00,147.9446
2018-10-09 10:00:00,147.67
2018-10-09 11:00:00,147.66
2018-10-09 12:00:00,147.16
2018-10-09 13:00:00,147.36
2018-10-09 14:00:00,147.37
2018-10-09 15:00:00,147.22
2018-10-09 16:00:00,147.0
2018-10-09 17:00:00,147.0
2018-10-09 18:00:00,147.24
2018-10-10 07:00:00,147.1
2018-10-10 08:00:00,147.2
2018-10-10 09:00:00,146.4486
2018-10-10 10:00:00,145.37
2018-10-10 11:00:00,145.1581
2018-10-10 12:00:00,145.44
2018-10-10 13:00:00,145.0501
2018-10-10 14:00:00,144.64
2018-10-10 15:00:00,142.73
2018-10-10 16:00:00,142.2
2018-10-10 17:00:00,142.15
2018-10-10 18:00:00,142.3
2018-10-10 19:00:00,142.3
2018-10-11 04:00:00,141.15
2018-10-11 05:00:00,140.6
2018-10-11 06:00:00,140.95
2018-10-11 07:00:00,141.5
2018-10-11 08:00:00,142.21
2018-10-11 09:00:00,144.0
2018-10-11 10:00:00,141.98
2018-10-11 11:00:00,142.0599
2018-10-11 12:00:00,142.04
2018-10-11 13:00:00,141.58
2018-10-11 14:00:00,139.7684
2018-10-11 15:00:00,139.02
2018-10-11 16:00:00,140.3
2018-10-11 17:00:00,140.6
2018-10-11 18:00:00,140.75
2018-10-11 19:00:00,140.25
2018-10-12 04:00:00,141.1
2018-10-12 05:00:00,141.35
2018-10-12 06:00:00,141.86
2018-10-12 07:00:00,141.3
2018-10-12 08:00:00,141.69
2018-10-12 09:00:00,139.97
2018-10-12 10:00:00,140.66
2018-10-12 11:00:00,140.34
2018-10-12 12:00:00,139.6464
2018-10-12 13:00:00,140.02
2018-10-12 14:00:00,140.1
2018-10-12 15:00:00,140.85
2018-10-12 16:00:00,140.75
2018-10-12 17:00:00,140.84
2018-10-12 18:00:00,140.85
2018-10-12 19:00:00,141.5
2018-10-15 04:00:00,140.08
2018-10-15 07:00:00,140.5
2018-10-15 08:00:00,140.85
2018-10-15 09:00:00,141.175
2018-10-15 10:00:00,141.2301
2018-10-15 11:00:00,141.34
2018-10-15 12:00:00,141.54
2018-10-15 13:00:00,141.831
2018-10-15 14:00:00,142.02
2018-10-15 15:00:00,141.11
2018-10-15 16:00:00,140.71
2018-10-15 17:00:00,141.13
2018-10-15 18:00:00,141.13
2018-10-15 19:00:00,141.15
2018-10-16 04:00:00,141.41
2018-10-16 05:00:00,141.21
2018-10-16 06:00:00,141.27
2018-10-16 07:00:00,141.75
2018-10-16 08:00:00,141.82
2018-10-16 09:00:00,142.14
2018-10-16 10:00:00,142.8825
2018-10-16 11:00:00,144.15
2018-10-16 12:00:00,144.47
2018-10-16 13:00:00,144.6
2018-10-16 14:00:00,144.48
2018-10-16 15:00:00,145.12
2018-10-16 16:00:00,139.1
2018-10-16 17:00:00,138.0
2018-10-16 18:00:00,138.38
2018-10-16 19:00:00,138.28
2018-10-17 04:00:00,138.7
2018-10-17 05:00:00,138.75
2018-10-17 06:00:00,139.43
2018-10-17 07:00:00,138.4
2018-10-17 08:00:00,137.7
2018-10-17 09:00:00,135.98
2018-10-17 10:00:00,134.38
2018-10-17 11:00:00,136.13
2018-10-17 12:00:00,135.9644
2018-10-17 13:00:00,135.59
2018-10-17 14:00:00,134.3445
2018-10-17 15:00:00,134.02
2018-10-17 16:00:00,134.25
2018-10-17 17:00:00,134.11
2018-10-17 18:00:00,134.05
2018-10-17 19:00:00,134.15
2018-10-18 04:00:00,134.15
2018-10-18 05:00:00,134.12
2018-10-18 06:00:00,133.89
2018-10-18 07:00:00,133.56
2018-10-18 08:00:00,133.4
2018-10-18 09:00:00,132.36
2018-10-18 10:00:00,132.9293
2018-10-18 11:00:00,131.44
2018-10-18 12:00:00,131.0739
2018-10-18 13:00:00,130.56
2018-10-18 14:00:00,130.48
2018-10-18 15:00:00,130.53
2018-10-18 16:00:00,130.65
2018-10-18 17:00:00,130.6
2018-10-18 18:00:00,130.55
2018-10-18 19:00:00,130.45
2018-10-19 04:00:00,130.85
2018-10-19 06:00:00,131.2
2018-10-19 07:00:00,131.4
2018-10-19 08:00:00,130.99
2018-10-19 09:00:00,131.0615
2018-10-19 10:00:00,131.0738
2018-10-19 11:00:00,130.17
2018-10-19 12:00:00,129.81
2018-10-19 13:00:00,129.2501
2018-10-19 14:00:00,128.71
2018-10-19 15:00:00,129.1
2018-10-19 16:00:00,129.1
2018-10-19 17:00:00,129.0
2018-10-19 18:00:00,129.1
2018-10-19 19:00:00,128.87
2018-10-22 04:00:00,129.5
2018-10-22 05:00:00,129.5
2018-10-22 06:00:00,129.55
2018-10-22 07:00:00,129.55
2018-10-22 08:00:00,129.35
2018-10-22 09:00:00,129.1131
2018-10-22 10:00:00,129.31
2018-10-22 11:00:00,128.61
2018-10-22 12:00:00,128.96
2018-10-22 13:00:00,130.0
2018-10-22 14:00:00,130.07
2018-10-22 15:00:00,130.02
2018-10-22 16:00:00,129.9
2018-10-22 17:00:00,130.01
2018-10-22 18:00:00,130.5
2018-10-22 19:00:00,130.31
2018-10-23 04:00:00,129.5
2018-10-23 05:00:00,128.57
2018-10-23 06:00:00,128.89
2018-10-23 07:00:00,129.0
2018-10-23 08:00:00,129.31
2018-10-23 09:00:00,128.96
2018-10-23 10:00:00,129.52
2018-10-23 11:00:00,129.1901
2018-10-23 12:00:00,129.4
2018-10-23 13:00:00,129.99
2018-10-23 14:00:00,131.17
2018-10-23 15:00:00,131.21
2018-10-23 16:00:00,131.14
2018-10-23 17:00:00,131.22
2018-10-23 18:00:00,131.38
2018-10-23 19:00:00,131.86
2018-10-24 05:00:00,131.4
2018-10-24 07:00:00,131.39
2018-10-24 08:00:00,131.5
2018-10-24 09:00:00,130.1986
2018-10-24 10:00:00,129.6085
2018-10-24 11:00:00,130.0663
2018-10-24 12:00:00,129.38
2018-10-24 13:00:00,128.93
2018-10-24 14:00:00,128.92
2018-10-24 15:00:00,127.18
2018-10-24 16:00:00,127.79
2018-10-24 17:00:00,127.21
2018-10-24 18:00:00,127.67
2018-10-24 19:00:00,127.3
2018-10-25 05:00:00,128.29
2018-10-25 07:00:00,128.03
2018-10-25 08:00:00,127.85
2018-10-25 09:00:00,126.05
2018-10-25 10:00:00,126.48
2018-10-25 11:00:00,125.91
2018-10-25 12:00:00,126.1711
2018-10-25 13:00:00,126.4
2018-10-25 14:00:00,126.69
2018-10-25 15:00:00,126.42
2018-10-25 16:00:00,125.71
2018-10-25 17:00:00,125.15
2018-10-25 18:00:00,125.42
2018-10-25 19:00:00,125.5
2018-10-26 04:00:00,125.36
2018-10-26 05:00:00,124.17
2018-10-26 06:00:00,124.61
2018-10-26 07:00:00,124.75
2018-10-26 08:00:00,125.25
2018-10-26 09:00:00,125.35
2018-10-26 10:00:00,124.0629
2018-10-26 11:00:00,124.76
2018-10-26 12:00:00,124.8636
2018-10-26 13:00:00,124.99
2018-10-26 14:00:00,124.05
2018-10-26 15:00:00,124.75
2018-10-26 16:00:00,124.96
2018-10-26 17:00:00,124.79
2018-10-26 18:00:00,125.2
2018-10-26 19:00:00,125.2
2018-10-29 04:00:00,117.95
2018-10-29 05:00:00,118.0
2018-10-29 06:00:00,117.37
2018-10-29 07:00:00,120.53
2018-10-29 08:00:00,119.0
2018-10-29 09:00:00,122.84
2018-10-29 10:00:00,122.9
2018-10-29 11:00:00,121.66
2018-10-29 12:00:00,121.06
2018-10-29 13:00:00,121.6199
2018-10-29 14:00:00,121.04
2018-10-29 15:00:00,118.65
2018-10-29 16:00:00,118.49
2018-10-29 17:00:00,118.95
2018-10-29 18:00:00,119.23
2018-10-29 19:00:00,119.45
2018-10-30 04:00:00,119.65
2018-10-30 05:00:00,119.6
2018-10-30 06:00:00,119.6
2018-10-30 07:00:00,119.84
2018-10-30 08:00:00,119.55
2018-10-30 09:00:00,119.9981
2018-10-30 10:00:00,116.9516
2018-10-30 11:00:00,116.9015
2018-10-30 12:00:00,116.52
2018-10-30 13:00:00,116.11
2018-10-30 14:00:00,115.69
2018-10-30 15:00:00,115.4
2018-10-30 16:00:00,116.0
2018-10-30 17:00:00,116.17
2018-10-30 18:00:00,116.16
2018-10-30 19:00:00,116.85
2018-10-31 04:00:00,117.3
2018-10-31 05:00:00,117.68
2018-10-31 06:00:00,116.32
2018-10-31 07:00:00,116.72
2018-10-31 08:00:00,116.9
2018-10-31 09:00:00,115.01
2018-10-31 10:00:00,114.665
2018-10-31 11:00:00,114.98
2018-10-31 12:00:00,115.0743
2018-10-31 13:00:00,115.0
2018-10-31 14:00:00,115.04
2018-10-31 15:00:00,115.43
2018-10-31 16:00:00,115.48
2018-10-31 17:00:00,115.2
2018-10-31 18:00:00,115.2
2018-10-31 19:00:00,115.4
2018-11-01 04:00:00,116.5
2018-11-01 05:00:00,115.78
2018-11-01 06:00:00,116.7
2018-11-01 07:00:00,116.0
2018-11-01 08:00:00,115.71
2018-11-01 09:00:00,115.3
2018-11-01 10:00:00,116.14
2018-11-01 11:00:00,116.28
2018-11-01 12:00:00,116.59
2018-11-01 13:00:00,116.6761
2018-11-01 14:00:00,116.5067
2018-11-01 15:00:00,116.81
2018-11-01 16:00:00,116.29
2018-11-01 17:00:00,115.95
2018-11-01 18:00:00,116.18
2018-11-01 19:00:00,116.35
2018-11-02 04:00:00,118.3
2018-11-02 05:00:00,117.77
2018-11-02 06:00:00,118.25
2018-11-02 07:00:00,117.9
2018-11-02 08:00:00,117.6
2018-11-02 09:00:00,116.99
2018-11-02 10:00:00,116.9499
2018-11-02 11:00:00,116.36
2018-11-02 12:00:00,115.3819
2018-11-02 13:00:00,114.71
2018-11-02 14:00:00,115.0392
2018-11-02 15:00:00,115.71
2018-11-02 16:00:00,115.95
2018-11-02 17:00:00,115.67
2018-11-02 18:00:00,116.0
2018-11-02 19:00:00,116.01
2018-11-05 04:00:00,116.45
2018-11-05 05:00:00,116.24
2018-11-05 06:00:00,116.6
2018-11-05 07:00:00,116.0
2018-11-05 08:00:00,116.5
2018-11-05 09:00:00,118.8
2018-11-05 10:00:00,119.76
2018-11-05 11:00:00,120.02
2018-11-05 12:00:00,120.3108
2018-11-05 13:00:00,120.2343
2018-11-05 14:00:00,120.52
2018-11-05 15:00:00,120.08
2018-11-05 16:00:00,120.11
2018-11-05 17:00:00,120.49
2018-11-05 18:00:00,121.0
2018-11-05 19:00:00,120.88
2018-11-06 04:00:00,120.63
2018-11-06 05:00:00,120.74
2018-11-06 06:00:00,120.93
2018-11-06 07:00:00,120.75
2018-11-06 08:00:00,120.88
2018-11-06 09:00:00,121.85
2018-11-06 10:00:00,122.91
2018-11-06 11:00:00,122.55
2018-11-06 12:00:00,123.3064
2018-11-06 13:00:00,123.35
2018-11-06 14:00:00,123.1
2018-11-06 15:00:00,123.12
2018-11-06 16:00:00,123.27
2018-11-06 17:00:00,123.0
2018-11-06 18:00:00,123.12
2018-11-06 19:00:00,122.87
2018-11-07 04:00:00,124.91
2018-11-07 05:00:00,124.61
2018-11-07 06:00:00,124.78
2018-11-07 07:00:00,124.24
2018-11-07 08:00:00,124.0
2018-11-07 09:00:00,122.9893
2018-11-07 10:00:00,123.8919
2018-11-07 11:00:00,124.0787
2018-11-07 12:00:00,124.13
2018-11-07 13:00:00,124.08
2018-11-07 14:00:00,124.3961
2018-11-07 15:00:00,124.8196
2018-11-07 16:00:00,124.84
2018-11-07 17:00:00,124.9999
2018-11-07 18:00:00,124.95
2018-11-07 19:00:00,124.84
2018-11-08 04:00:00,123.28
2018-11-08 05:00:00,123.25
2018-11-08 06:00:00,123.03
2018-11-08 07:00:00,123.59
2018-11-08 08:00:00,123.26
2018-11-08 09:00:00,123.7705
2018-11-08 10:00:00,123.34
2018-11-08 11:00:00,123.88
2018-11-08 12:00:00,123.65
2018-11-08 13:00:00,123.69
2018-11-08 14:00:00,123.14
2018-11-08 15:00:00,123.39
2018-11-08 16:00:00,123.2816
2018-11-08 17:00:00,123.38
2018-11-08 18:00:00,123.38
2018-11-08 19:00:00,123.39
2018-11-09 04:00:00,122.65
2018-11-09 05:00:00,122.7
2018-11-09 06:00:00,122.7
2018-11-09 07:00:00,123.0
2018-11-09 08:00:00,123.22
2018-11-09 09:00:00,123.2746
2018-11-09 10:00:00,122.54
2018-11-09 11:00:00,122.3296
2018-11-09 12:00:00,122.73
2018-11-09 13:00:00,122.75
2018-11-09 14:00:00,123.38
2018-11-09 15:00:00,123.52
2018-11-09 16:00:00,123.6
2018-11-09 17:00:00,123.54
2018-11-09 18:00:00,123.53
2018-11-09 19:00:00,123.53
2018-11-12 04:00:00,123.42
2018-11-12 06:00:00,123.25
2018-11-12 07:00:00,123.5
2018-11-12 08:00:00,123.3
2018-11-12 09:00:00,122.23
2018-11-12 10:00:00,121.8199
2018-11-12 11:00:00,121.32
2018-11-12 12:00:00,121.62
2018-11-12 13:00:00,121.61
2018-11-12 14:00:00,121.385
2018-11-12 15:00:00,120.95
2018-11-12 16:00:00,120.91
2018-11-12 17:00:00,120.65
2018-11-12 18:00:00,121.02
2018-11-12 19:00:00,120.6
2018-11-13 07:00:00,121.66
2018-11-13 08:00:00,121.28
2018-11-13 09:00:00,121.28
2018-11-13 10:00:00,121.01
2018-11-13 11:00:00,121.95
2018-11-13 12:00:00,121.42
2018-11-13 13:00:00,121.4258
2018-11-13 14:00:00,120.82
2018-11-13 15:00:00,120.85
2018-11-13 16:00:00,120.8
2018-11-13 17:00:00,121.0
2018-11-13 18:00:00,121.2
2018-11-13 19:00:00,121.3
2018-11-14 06:00:00,120.58
2018-11-14 08:00:00,121.4999
2018-11-14 09:00:00,121.9
2018-11-14 10:00:00,120.89
2018-11-14 11:00:00,120.7174
2018-11-14 12:00:00,120.4802
2018-11-14 13:00:00,120.0859
2018-11-14 14:00:00,120.71
2018-11-14 15:00:00,120.2
2018-11-14 16:00:00,119.85
2018-11-14 17:00:00,119.84
2018-11-14 18:00:00,120.0
2018-11-14 19:00:00,120.5
2018-11-15 04:00:00,120.69
2018-11-15 06:00:00,120.64
2018-11-15 07:00:00,120.22
2018-11-15 08:00:00,120.4
2018-11-15 09:00:00,119.9
2018-11-15 10:00:00,119.84
2018-11-15 11:00:00,120.2304
2018-11-15 12:00:00,120.02
2018-11-15 13:00:00,120.845
2018-11-15 14:00:00,121.2958
2018-11-15 15:00:00,121.4
2018-11-15 16:00:00,121.1
2018-11-15 17:00:00,121.25
2018-11-15 18:00:00,121.25
2018-11-15 19:00:00,121.22
2018-11-16 05:00:00,121.1
2018-11-16 06:00:00,120.99
2018-11-16 07:00:00,121.0
2018-11-16 08:00:00,120.81
2018-11-16 09:00:00,120.73
2018-11-16 10:00:00,121.1
2018-11-16 11:00:00,121.13
2018-11-16 12:00:00,121.6222
2018-11-16 13:00:00,121.2072
2018-11-16 14:00:00,121.66
2018-11-16 15:00:00,121.57
2018-11-16 16:00:00,121.74
2018-11-16 17:00:00,121.74
2018-11-16 19:00:00,121.75
2018-11-19 06:00:00,121.57
2018-11-19 07:00:00,121.57
2018-11-19 08:00:00,121.49
2018-11-19 09:00:00,121.81
2018-11-19 10:00:00,121.875
2018-11-19 11:00:00,120.821
2018-11-19 12:00:00,120.79
2018-11-19 13:00:00,120.61
2018-11-19 14:00:00,120.62
2018-11-19 15:00:00,120.38
2018-11-19 16:00:00,120.47
2018-11-19 17:00:00,120.11
2018-11-19 18:00:00,119.8
2018-11-19 19:00:00,120.12
2018-11-20 06:00:00,119.7
2018-11-20 07:00:00,119.0
2018-11-20 08:00:00,119.3
2018-11-20 09:00:00,118.17
2018-11-20 10:00:00,118.8532
2018-11-20 11:00:00,118.8875
2018-11-20 12:00:00,118.1
2018-11-20 13:00:00,117.58
2018-11-20 14:00:00,117.217
2018-11-20 15:00:00,117.16
2018-11-20 16:00:00,117.35
2018-11-20 17:00:00,117.49
2018-11-20 18:00:00,117.1
2018-11-20 19:00:00,117.4
2018-11-21 04:00:00,117.18
2018-11-21 05:00:00,117.62
2018-11-21 06:00:00,117.49
2018-11-21 07:00:00,117.75
2018-11-21 08:00:00,117.77
2018-11-21 09:00:00,118.68
2018-11-21 10:00:00,118.7401
2018-11-21 11:00:00,118.9968
2018-11-21 12:00:00,119.11
2018-11-21 13:00:00,119.3133
2018-11-21 14:00:00,119.3801
2018-11-21 15:00:00,118.59
2018-11-21 16:00:00,118.58
2018-11-21 17:00:00,118.58
2018-11-21 18:00:00,118.58
2018-11-21 19:00:00,118.6
2018-11-23 06:00:00,118.6
2018-11-23 07:00:00,118.43
2018-11-23 08:00:00,118.2699
2018-11-23 09:00:00,117.57
2018-11-23 10:00:00,117.71
2018-11-23 11:00:00,117.49
2018-11-23 12:00:00,117.18
2018-11-23 13:00:00,117.02
2018-11-23 14:00:00,117.11
2018-11-23 15:00:00,117.2386
2018-11-23 16:00:00,117.19
2018-11-26 04:00:00,118.97
2018-11-26 05:00:00,119.0
2018-11-26 06:00:00,118.2
2018-11-26 07:00:00,118.5
2018-11-26 08:00:00,118.16
2018-11-26 09:00:00,120.25
2018-11-26 10:00:00,119.92
2018-11-26 11:00:00,119.13
2018-11-26 12:00:00,118.63
2018-11-26 13:00:00,119.1792
2018-11-26 14:00:00,119.4908
2018-11-26 15:00:00,119.53
2018-11-26 16:00:00,119.2
2018-11-26 17:00:00,119.19
2018-11-26 18:00:00,119.0
2018-11-26 19:00:00,119.0
2018-11-27 04:00:00,120.0
2018-11-27 06:00:00,119.0
2018-11-27 07:00:00,119.36
2018-11-27 08:00:00,119.32
2018-11-27 09:00:00,119.1401
2018-11-27 10:00:00,119.71
2018-11-27 11:00:00,119.71
2018-11-27 12:00:00,119.29
2018-11-27 13:00:00,119.6025
2018-11-27 14:00:00,119.65
2018-11-27 15:00:00,119.99
2018-11-27 16:00:00,120.0
2018-11-27 17:00:00,120.15
2018-11-27 18:00:00,120.2
2018-11-27 19:00:00,120.2
2018-11-28 04:00:00,119.52
2018-11-28 06:00:00,120.58
2018-11-28 07:00:00,120.76
2018-11-28 08:00:00,120.7
2018-11-28 09:00:00,120.9752
2018-11-28 10:00:00,120.7802
2018-11-28 11:00:00,120.8615
2018-11-28 12:00:00,121.9201
2018-11-28 13:00:00,122.51
2018-11-28 14:00:00,122.35
2018-11-28 15:00:00,122.96
2018-11-28 16:00:00,122.53
2018-11-28 17:00:00,122.87
2018-11-28 18:00:00,122.99
2018-11-28 19:00:00,122.99
2018-11-29 06:00:00,122.58
2018-11-29 07:00:00,122.58
2018-11-29 08:00:00,123.0
2018-11-29 09:00:00,122.75
2018-11-29 10:00:00,122.02
2018-11-29 11:00:00,122.1596
2018-11-29 12:00:00,122.0939
2018-11-29 13:00:00,122.43
2018-11-29 14:00:00,122.7
2018-11-29 15:00:00,121.47
2018-11-29 16:00:00,121.5
2018-11-29 17:00:00,121.51
2018-11-29 18:00:00,121.76
2018-11-29 19:00:00,121.4
2018-11-30 06:00:00,120.83
2018-11-30 07:00:00,121.39
2018-11-30 08:00:00,121.65
2018-11-30 09:00:00,122.55
2018-11-30 10:00:00,123.9
2018-11-30 11:00:00,123.91
2018-11-30 12:00:00,123.73
2018-11-30 13:00:00,124.1699
2018-11-30 14:00:00,124.25
2018-11-30 15:00:00,124.25
2018-11-30 16:00:00,123.48
2018-11-30 17:00:00,124.16
2018-11-30 18:00:00,124.2699
2018-11-30 19:00:00,124.59
2018-12-03 06:00:00,126.38
2018-12-03 07:00:00,125.99
2018-12-03 08:00:00,125.95
2018-12-03 09:00:00,125.89
2018-12-03 10:00:00,124.71
2018-12-03 11:00:00,124.53
2018-12-03 12:00:00,124.85
2018-12-03 13:00:00,125.07
2018-12-03 14:00:00,125.15
2018-12-03 15:00:00,125.31
2018-12-03 16:00:00,125.22
2018-12-03 17:00:00,125.06
2018-12-03 18:00:00,124.99
2018-12-03 19:00:00,124.5
2018-12-04 04:00:00,125.02
2018-12-04 05:00:00,125.13
2018-12-04 07:00:00,124.68
2018-12-04 08:00:00,124.9999
2018-12-04 09:00:00,124.23
2018-12-04 10:00:00,123.9
2018-12-04 11:00:00,123.6764
2018-12-04 12:00:00,122.19
2018-12-04 13:00:00,122.07
2018-12-04 14:00:00,122.26
2018-12-04 15:00:00,121.7
2018-12-04 16:00:00,121.99
2018-12-04 17:00:00,121.75
2018-12-04 18:00:00,122.0
2018-12-04 19:00:00,122.0
2018-12-06 04:00:00,120.23
2018-12-06 05:00:00,120.19
2018-12-06 06:00:00,120.34
2018-12-06 07:00:00,120.1
2018-12-06 08:00:00,120.39
2018-12-06 09:00:00,120.676
2018-12-06 10:00:00,121.5701
2018-12-06 11:00:00,121.4
2018-12-06 12:00:00,121.95
2018-12-06 13:00:00,122.1961
2018-12-06 14:00:00,122.29
2018-12-06 15:00:00,123.9
2018-12-06 16:00:00,123.62
2018-12-06 17:00:00,124.0
2018-12-06 18:00:00,124.0
2018-12-06 19:00:00,123.91
2018-12-07 04:00:00,123.45
2018-12-07 06:00:00,123.75
2018-12-07 07:00:00,123.1
2018-12-07 08:00:00,124.02
2018-12-07 09:00:00,122.995
2018-12-07 10:00:00,120.45
2018-12-07 11:00:00,119.72
2018-12-07 12:00:00,120.57
2018-12-07 13:00:00,119.64
2018-12-07 14:00:00,119.04
2018-12-07 15:00:00,119.35
2018-12-07 16:00:00,119.34
2018-12-07 17:00:00,119.64
2018-12-07 18:00:00,119.19
2018-12-07 19:00:00,119.34
2018-12-10 04:00:00,119.35
2018-12-10 05:00:00,119.47
2018-12-10 07:00:00,119.85
2018-12-10 08:00:00,119.72
2018-12-10 09:00:00,119.74
2018-12-10 10:00:00,119.26
2018-12-10 11:00:00,119.4
2018-12-10 12:00:00,120.35
2018-12-10 13:00:00,120.52
2018-12-10 14:00:00,120.98
2018-12-10 15:00:00,121.13
2018-12-10 16:00:00,121.16
2018-12-10 17:00:00,121.73
2018-12-10 18:00:00,121.5
2018-12-10 19:00:00,121.25
2018-12-11 07:00:00,122.4
2018-12-11 08:00:00,122.86
2018-12-11 09:00:00,123.2623
2018-12-11 10:00:00,122.94
2018-12-11 11:00:00,122.57
2018-12-11 12:00:00,121.081
2018-12-11 13:00:00,120.307
2018-12-11 14:00:00,121.3
2018-12-11 15:00:00,120.89
2018-12-11 16:00:00,120.65
2018-12-11 17:00:00,120.85
2018-12-11 18:00:00,120.89
2018-12-11 19:00:00,121.05
2018-12-12 05:00:00,121.7
2018-12-12 06:00:00,121.8
2018-12-12 07:00:00,121.66
2018-12-12 08:00:00,122.95
2018-12-12 09:00:00,122.06
2018-12-12 10:00:00,122.37
2018-12-12 11:00:00,122.3196
2018-12-12 12:00:00,122.7
2018-12-12 13:00:00,122.435
2018-12-12 14:00:00,121.77
2018-12-12 15:00:00,121.18
2018-12-12 16:00:00,121.16
2018-12-12 17:00:00,121.2
2018-12-12 18:00:00,121.16
2018-12-12 19:00:00,121.17
2018-12-13 04:00:00,121.19
2018-12-13 06:00:00,121.16
2018-12-13 07:00:00,121.0
2018-12-13 08:00:00,121.16
2018-12-13 09:00:00,120.4861
2018-12-13 10:00:00,121.0772
2018-12-13 11:00:00,120.9399
2018-12-13 12:00:00,120.6
2018-12-13 13:00:00,120.62
2018-12-13 14:00:00,120.536
2018-12-13 15:00:00,120.7
2018-12-13 16:00:00,120.73
2018-12-13 17:00:00,120.48
2018-12-13 18:00:00,120.73
2018-12-13 19:00:00,120.46
2018-12-14 04:00:00,120.02
2018-12-14 05:00:00,119.99
2018-12-14 07:00:00,120.0
2018-12-14 08:00:00,119.84
2018-12-14 09:00:00,120.58
2018-12-14 10:00:00,120.53
2018-12-14 11:00:00,119.91
2018-12-14 12:00:00,119.78
2018-12-14 13:00:00,119.97
2018-12-14 14:00:00,120.081
2018-12-14 15:00:00,119.91
2018-12-14 16:00:00,119.61
2018-12-14 17:00:00,119.62
2018-12-14 18:00:00,119.62
2018-12-14 19:00:00,119.85
2018-12-17 07:00:00,119.5
2018-12-17 08:00:00,119.3
2018-12-17 09:00:00,118.6602
2018-12-17 10:00:00,118.165
2018-12-17 11:00:00,118.0972
2018-12-17 12:00:00,117.77
2018-12-17 13:00:00,116.9284
2018-12-17 14:00:00,116.3801
2018-12-17 15:00:00,116.07
2018-12-17 16:00:00,116.19
2018-12-17 17:00:00,116.6
2018-12-17 18:00:00,116.87
2018-12-17 19:00:00,116.8
2018-12-18 04:00:00,116.98
2018-12-18 06:00:00,117.47
2018-12-18 07:00:00,117.2
2018-12-18 08:00:00,117.3
2018-12-18 09:00:00,117.77
2018-12-18 10:00:00,117.6953
2018-12-18 11:00:00,117.39
2018-12-18 12:00:00,117.8
2018-12-18 13:00:00,117.3005
2018-12-18 14:00:00,116.27
2018-12-18 15:00:00,116.66
2018-12-18 16:00:00,116.65
2018-12-18 17:00:00,116.1
2018-12-18 18:00:00,116.65
2018-12-18 19:00:00,116.0101
2018-12-19 04:00:00,116.91
2018-12-19 07:00:00,117.25
2018-12-19 08:00:00,117.19
2018-12-19 09:00:00,117.985
2018-12-19 10:00:00,119.43
2018-12-19 11:00:00,119.53
2018-12-19 12:00:00,119.62
2018-12-19 13:00:00,120.06
2018-12-19 14:00:00,117.2882
2018-12-19 15:00:00,116.48
2018-12-19 16:00:00,116.45
2018-12-19 17:00:00,116.44
2018-12-19 18:00:00,116.55
2018-12-19 19:00:00,116.8
2018-12-20 04:00:00,116.36
2018-12-20 05:00:00,116.13
2018-12-20 06:00:00,116.67
2018-12-20 07:00:00,116.62
2018-12-20 08:00:00,116.25
2018-12-20 09:00:00,115.22
2018-12-20 10:00:00,114.9285
2018-12-20 11:00:00,113.2201
2018-12-20 12:00:00,113.49
2018-12-20 13:00:00,112.8773
2018-12-20 14:00:00,113.35
2018-12-20 15:00:00,112.98
2018-12-20 16:00:00,113.17
2018-12-20 17:00:00,113.4
2018-12-20 18:00:00,113.48
2018-12-20 19:00:00,113.05
2018-12-21 05:00:00,112.78
2018-12-21 06:00:00,112.9
2018-12-21 07:00:00,113.0
2018-12-21 08:00:00,113.49
2018-12-21 09:00:00,113.7101
2018-12-21 10:00:00,113.9799
2018-12-21 11:00:00,113.05
2018-12-21 12:00:00,112.5552
2018-12-21 13:00:00,112.52
2018-12-21 14:00:00,112.09
2018-12-21 15:00:00,110.91
2018-12-21 16:00:00,110.91
2018-12-21 17:00:00,110.6
2018-12-21 18:00:00,110.94
2018-12-21 19:00:00,110.9
2018-12-24 04:00:00,110.88
2018-12-24 06:00:00,110.6
2018-12-24 07:00:00,110.2
2018-12-24 08:00:00,110.24
2018-12-24 09:00:00,109.0977
2018-12-24 10:00:00,110.29
2018-12-24 11:00:00,109.15
2018-12-24 12:00:00,107.66
2018-12-24 13:00:00,107.5
2018-12-24 14:00:00,107.01
2018-12-24 15:00:00,107.2476
2018-12-24 16:00:00,107.25
2018-12-26 04:00:00,107.26
2018-12-26 07:00:00,108.49
2018-12-26 08:00:00,107.9
2018-12-26 09:00:00,107.4964
2018-12-26 10:00:00,106.165
2018-12-26 11:00:00,107.0
2018-12-26 12:00:00,108.36
2018-12-26 13:00:00,109.15
2018-12-26 14:00:00,109.225
2018-12-26 15:00:00,111.38
2018-12-26 16:00:00,111.47
2018-12-26 17:00:00,111.39
2018-12-26 18:00:00,111.06
2018-12-26 19:00:00,111.01
2018-12-27 04:00:00,110.52
2018-12-27 05:00:00,110.39
2018-12-27 06:00:00,110.17
2018-12-27 07:00:00,109.82
2018-12-27 08:00:00,109.97
2018-12-27 09:00:00,110.56
2018-12-27 10:00:00,110.75
2018-12-27 11:00:00,110.97
2018-12-27 12:00:00,110.43
2018-12-27 13:00:00,109.82
2018-12-27 14:00:00,111.06
2018-12-27 15:00:00,113.7728
2018-12-27 16:00:00,113.21
2018-12-27 17:00:00,113.75
2018-12-27 18:00:00,113.21
2018-12-27 19:00:00,113.77
2018-12-28 04:00:00,113.78
2018-12-28 05:00:00,114.41
2018-12-28 07:00:00,114.1
2018-12-28 08:00:00,114.3101
2018-12-28 09:00:00,114.4499
2018-12-28 10:00:00,113.13
2018-12-28 11:00:00,113.63
2018-12-28 12:00:00,113.0834
2018-12-28 13:00:00,113.365
2018-12-28 14:00:00,114.35
2018-12-28 15:00:00,112.94
2018-12-28 16:00:00,113.0
2018-12-28 17:00:00,113.21
2018-12-28 18:00:00,113.0
2018-12-28 19:00:00,113.1
2018-12-31 04:00:00,113.0
2018-12-31 05:00:00,113.9
2018-12-31 07:00:00,114.0
2018-12-31 08:00:00,113.5
2018-12-31 09:00:00,113.58
2018-12-31 10:00:00,112.68
2018-12-31 11:00:00,112.9349
2018-12-31 12:00:00,113.54
2018-12-31 13:00:00,113.22
2018-12-31 14:00:00,113.07
2018-12-31 15:00:00,113.63
2018-12-31 16:00:00,113.5
2018-12-31 17:00:00,113.6
2018-12-31 18:00:00,113.7
2018-12-31 19:00:00,113.7
