DATETIME_simple,vixy_PRICE
2018/1/2 4:00,23.33
2018/1/2 5:00,23.33
2018/1/2 6:00,23.24
2018/1/2 7:00,23.06
2018/1/2 8:00,23.14
2018/1/2 9:00,22.72
2018/1/2 10:00,22.63
2018/1/2 11:00,22.62
2018/1/2 12:00,22.58
2018/1/2 13:00,22.55
2018/1/2 14:00,22.58
2018/1/2 15:00,22.33
2018/1/2 16:00,22.28
2018/1/2 17:00,22.26
2018/1/2 18:00,22.33
2018/1/2 20:00,22.33
2018/1/3 4:00,22.16
2018/1/3 5:00,22.12
2018/1/3 7:00,22.1
2018/1/3 8:00,22.06
2018/1/3 9:00,21.93
2018/1/3 10:00,21.96
2018/1/3 11:00,22.02
2018/1/3 12:00,21.93
2018/1/3 13:00,21.92
2018/1/3 14:00,21.9445
2018/1/3 15:00,21.88
2018/1/3 16:00,21.9
2018/1/3 17:00,21.98
2018/1/3 18:00,21.89
2018/1/3 19:00,21.9
2018/1/3 20:00,21.89
2018/1/4 4:00,21.71
2018/1/4 8:00,21.69
2018/1/4 9:00,21.7011
2018/1/4 10:00,21.795
2018/1/4 11:00,21.7507
2018/1/4 12:00,21.77
2018/1/4 13:00,21.82
2018/1/4 14:00,21.8
2018/1/4 15:00,21.81
2018/1/4 16:00,21.82
2018/1/4 18:00,21.82
2018/1/4 20:00,21.82
2018/1/5 7:00,21.61
2018/1/5 8:00,21.68
2018/1/5 9:00,21.86
2018/1/5 10:00,21.79
2018/1/5 11:00,21.8501
2018/1/5 12:00,21.87
2018/1/5 13:00,21.82
2018/1/5 14:00,21.866
2018/1/5 15:00,21.8
2018/1/5 16:00,21.71
2018/1/5 18:00,21.83
2018/1/5 20:00,21.83
2018/1/8 4:00,21.71
2018/1/8 6:00,21.8
2018/1/8 7:00,21.91
2018/1/8 8:00,21.85
2018/1/8 9:00,21.67
2018/1/8 10:00,21.595
2018/1/8 11:00,21.6
2018/1/8 12:00,21.5352
2018/1/8 13:00,21.41
2018/1/8 14:00,21.405
2018/1/8 15:00,21.54
2018/1/8 16:00,21.55
2018/1/8 17:00,21.47
2018/1/8 18:00,21.55
2018/1/8 20:00,21.55
2018/1/9 7:00,21.44
2018/1/9 8:00,21.46
2018/1/9 9:00,21.5858
2018/1/9 10:00,21.57
2018/1/9 11:00,21.595
2018/1/9 12:00,21.44
2018/1/9 13:00,21.52
2018/1/9 14:00,21.5
2018/1/9 15:00,21.76
2018/1/9 16:00,21.77
2018/1/9 17:00,21.81
2018/1/9 18:00,21.77
2018/1/9 20:00,21.77
2018/1/10 4:00,21.9
2018/1/10 5:00,22.16
2018/1/10 6:00,22.15
2018/1/10 7:00,22.09
2018/1/10 8:00,21.98
2018/1/10 9:00,22.07
2018/1/10 10:00,21.76
2018/1/10 11:00,21.64
2018/1/10 12:00,21.55
2018/1/10 13:00,21.49
2018/1/10 14:00,21.61
2018/1/10 15:00,21.56
2018/1/10 16:00,21.4
2018/1/10 17:00,21.43
2018/1/10 18:00,21.56
2018/1/10 19:00,21.4
2018/1/10 20:00,21.56
2018/1/11 7:00,21.32
2018/1/11 8:00,21.38
2018/1/11 9:00,21.38
2018/1/11 10:00,21.38
2018/1/11 11:00,21.39
2018/1/11 12:00,21.35
2018/1/11 13:00,21.28
2018/1/11 14:00,21.31
2018/1/11 15:00,21.43
2018/1/11 16:00,21.46
2018/1/11 17:00,21.41
2018/1/11 18:00,21.43
2018/1/11 20:00,21.43
2018/1/12 8:00,21.44
2018/1/12 9:00,21.37
2018/1/12 10:00,21.36
2018/1/12 11:00,21.309
2018/1/12 12:00,21.3
2018/1/12 13:00,21.37
2018/1/12 14:00,21.47
2018/1/12 15:00,21.44
2018/1/12 16:00,21.59
2018/1/12 18:00,21.44
2018/1/12 19:00,21.6
2018/1/12 20:00,21.44
2018/1/16 4:00,21.28
2018/1/16 6:00,21.28
2018/1/16 7:00,21.38
2018/1/16 8:00,21.49
2018/1/16 9:00,21.71
2018/1/16 10:00,21.99
2018/1/16 11:00,22
2018/1/16 12:00,22.25
2018/1/16 13:00,22.42
2018/1/16 14:00,22.63
2018/1/16 15:00,22.76
2018/1/16 16:00,22.51
2018/1/16 17:00,22.51
2018/1/16 18:00,22.76
2018/1/16 19:00,22.61
2018/1/16 20:00,22.76
2018/1/17 8:00,22.28
2018/1/17 9:00,22.88
2018/1/17 10:00,22.67
2018/1/17 11:00,22.15
2018/1/17 12:00,21.87
2018/1/17 13:00,21.88
2018/1/17 14:00,22.086
2018/1/17 15:00,22.24
2018/1/17 16:00,22.33
2018/1/17 17:00,22.33
2018/1/17 18:00,22.3
2018/1/17 20:00,22.23
2018/1/18 5:00,22.49
2018/1/18 6:00,22.56
2018/1/18 7:00,22.5
2018/1/18 8:00,22.67
2018/1/18 9:00,22.64
2018/1/18 10:00,22.88
2018/1/18 11:00,22.795
2018/1/18 12:00,22.64
2018/1/18 13:00,22.39
2018/1/18 14:00,22.15
2018/1/18 15:00,22.33
2018/1/18 16:00,22.48
2018/1/18 17:00,22.57
2018/1/18 18:00,22.34
2018/1/18 19:00,22.41
2018/1/18 20:00,22.34
2018/1/19 4:00,22.41
2018/1/19 7:00,22.18
2018/1/19 8:00,22.51
2018/1/19 9:00,22.47
2018/1/19 10:00,22.35
2018/1/19 11:00,22.31
2018/1/19 12:00,22.41
2018/1/19 13:00,22.35
2018/1/19 14:00,22.43
2018/1/19 15:00,22.24
2018/1/19 16:00,22.2
2018/1/19 17:00,22.2
2018/1/19 18:00,22.04
2018/1/19 19:00,22.04
2018/1/19 20:00,22.26
2018/1/22 4:00,22.45
2018/1/22 7:00,22.27
2018/1/22 8:00,22.36
2018/1/22 9:00,22.12
2018/1/22 10:00,22
2018/1/22 11:00,21.75
2018/1/22 12:00,21.81
2018/1/22 13:00,21.86
2018/1/22 14:00,21.92
2018/1/22 15:00,21.76
2018/1/22 16:00,22.01
2018/1/22 17:00,21.94
2018/1/22 18:00,21.9
2018/1/22 20:00,21.79
2018/1/23 4:00,21.9
2018/1/23 5:00,21.9
2018/1/23 7:00,22.16
2018/1/23 8:00,22.07
2018/1/23 9:00,22.17
2018/1/23 10:00,22.1
2018/1/23 11:00,22.19
2018/1/23 12:00,22.2984
2018/1/23 13:00,22.16
2018/1/23 14:00,22.28
2018/1/23 15:00,22.17
2018/1/23 16:00,22.35
2018/1/23 17:00,22.38
2018/1/23 18:00,22.42
2018/1/23 20:00,22.14
2018/1/24 8:00,22.18
2018/1/24 9:00,22.45
2018/1/24 10:00,22.48
2018/1/24 11:00,22.83
2018/1/24 12:00,22.97
2018/1/24 13:00,22.79
2018/1/24 14:00,22.69
2018/1/24 15:00,22.7
2018/1/24 16:00,22.79
2018/1/24 17:00,22.68
2018/1/24 18:00,22.89
2018/1/24 19:00,22.95
2018/1/24 20:00,22.72
2018/1/25 7:00,22.65
2018/1/25 8:00,22.54
2018/1/25 9:00,23.02
2018/1/25 10:00,23.09
2018/1/25 11:00,22.97
2018/1/25 12:00,23
2018/1/25 13:00,22.93
2018/1/25 14:00,23.36
2018/1/25 15:00,23.1
2018/1/25 16:00,23.1
2018/1/25 17:00,23.12
2018/1/25 18:00,23.1
2018/1/25 20:00,23.1
2018/1/26 4:00,23.1
2018/1/26 8:00,22.85
2018/1/26 9:00,23.02
2018/1/26 10:00,22.96
2018/1/26 11:00,22.95
2018/1/26 12:00,23.09
2018/1/26 13:00,23.09
2018/1/26 14:00,23.05
2018/1/26 15:00,22.93
2018/1/26 16:00,23
2018/1/26 18:00,22.93
2018/1/26 20:00,22.93
2018/1/29 5:00,23.5
2018/1/29 7:00,23.4
2018/1/29 8:00,23.44
2018/1/29 9:00,23.68
2018/1/29 10:00,24.07
2018/1/29 11:00,24.04
2018/1/29 12:00,23.82
2018/1/29 13:00,23.92
2018/1/29 14:00,24.03
2018/1/29 15:00,24.6
2018/1/29 16:00,24.87
2018/1/29 17:00,24.89
2018/1/29 18:00,24.75
2018/1/29 20:00,24.6
2018/1/30 4:00,25.16
2018/1/30 5:00,25.16
2018/1/30 6:00,25.16
2018/1/30 7:00,25.3
2018/1/30 8:00,25.32
2018/1/30 9:00,26.1
2018/1/30 10:00,25.22
2018/1/30 11:00,25.68
2018/1/30 12:00,25.76
2018/1/30 13:00,25.62
2018/1/30 14:00,25.84
2018/1/30 15:00,25.39
2018/1/30 16:00,25.57
2018/1/30 17:00,25.52
2018/1/30 18:00,25.45
2018/1/30 19:00,25.55
2018/1/30 20:00,25.38
2018/1/31 4:00,24.86
2018/1/31 7:00,24.93
2018/1/31 8:00,24.91
2018/1/31 9:00,24.79
2018/1/31 10:00,24.97
2018/1/31 11:00,25.15
2018/1/31 12:00,24.88
2018/1/31 13:00,24.77
2018/1/31 14:00,25.24
2018/1/31 15:00,24.83
2018/1/31 16:00,24.68
2018/1/31 17:00,24.65
2018/1/31 18:00,24.8
2018/1/31 19:00,24.64
2018/1/31 20:00,24.8
2018/2/1 7:00,24.43
2018/2/1 8:00,25.16
2018/2/1 9:00,24.68
2018/2/1 10:00,24.51
2018/2/1 11:00,23.73
2018/2/1 12:00,23.55
2018/2/1 13:00,23.83
2018/2/1 14:00,23.69
2018/2/1 15:00,24.04
2018/2/1 16:00,24.18
2018/2/1 17:00,23.82
2018/2/1 18:00,23.82
2018/2/1 20:00,24.04
2018/2/2 7:00,24.7
2018/2/2 8:00,24.75
2018/2/2 9:00,25.58
2018/2/2 10:00,25.44
2018/2/2 11:00,26.2
2018/2/2 12:00,26.3
2018/2/2 13:00,26.59
2018/2/2 14:00,27.34
2018/2/2 15:00,27.3
2018/2/2 16:00,27.51
2018/2/2 17:00,27.69
2018/2/2 18:00,27.31
2018/2/2 19:00,28
2018/2/2 20:00,27.31
2018/2/5 4:00,27.85
2018/2/5 5:00,28.28
2018/2/5 6:00,28.78
2018/2/5 7:00,28.88
2018/2/5 8:00,28.42
2018/2/5 9:00,27.987
2018/2/5 10:00,27.09
2018/2/5 11:00,27.8226
2018/2/5 12:00,28.8
2018/2/5 13:00,29.43
2018/2/5 14:00,32.83
2018/2/5 15:00,36.51
2018/2/5 16:00,48
2018/2/5 17:00,47
2018/2/5 18:00,44.51
2018/2/5 19:00,46
2018/2/5 20:00,36.66
2018/2/6 4:00,43.48
2018/2/6 5:00,43.5
2018/2/6 6:00,49.4
2018/2/6 7:00,48.01
2018/2/6 8:00,45.55
2018/2/6 9:00,38.781
2018/2/6 10:00,41.49
2018/2/6 11:00,41.58
2018/2/6 12:00,41.28
2018/2/6 13:00,42.74
2018/2/6 14:00,39.31
2018/2/6 15:00,35.5
2018/2/6 16:00,39.37
2018/2/6 17:00,38.54
2018/2/6 18:00,39
2018/2/6 19:00,38.48
2018/2/6 20:00,35.47
2018/2/7 4:00,39
2018/2/7 5:00,38.95
2018/2/7 6:00,38.94
2018/2/7 7:00,37.9
2018/2/7 8:00,37.64
2018/2/7 9:00,35.37
2018/2/7 10:00,34.64
2018/2/7 11:00,34.51
2018/2/7 12:00,35.87
2018/2/7 13:00,35.89
2018/2/7 14:00,36.6
2018/2/7 15:00,36.92
2018/2/7 16:00,38.18
2018/2/7 17:00,37.5
2018/2/7 18:00,39.16
2018/2/7 19:00,38.21
2018/2/7 20:00,36.87
2018/2/8 4:00,37.02
2018/2/8 6:00,38.95
2018/2/8 7:00,37.7
2018/2/8 8:00,36.91
2018/2/8 9:00,38.52
2018/2/8 10:00,41.085
2018/2/8 11:00,40.78
2018/2/8 12:00,42.82
2018/2/8 13:00,41.08
2018/2/8 14:00,42.36
2018/2/8 15:00,45.79
2018/2/8 16:00,42.99
2018/2/8 17:00,43.29
2018/2/8 18:00,43.6
2018/2/8 19:00,43.75
2018/2/8 20:00,45.77
2018/2/9 4:00,42.35
2018/2/9 5:00,42
2018/2/9 6:00,42.71
2018/2/9 7:00,44.12
2018/2/9 8:00,41.8
2018/2/9 9:00,42.03
2018/2/9 10:00,43.13
2018/2/9 11:00,44.14
2018/2/9 12:00,44.03
2018/2/9 13:00,45.36
2018/2/9 14:00,43.13
2018/2/9 15:00,41.55
2018/2/9 16:00,40.83
2018/2/9 17:00,40.64
2018/2/9 18:00,40.63
2018/2/9 19:00,40.62
2018/2/9 20:00,41.41
2018/2/12 4:00,39.4
2018/2/12 5:00,39.83
2018/2/12 6:00,39.84
2018/2/12 7:00,39.75
2018/2/12 8:00,39.91
2018/2/12 9:00,41.1
2018/2/12 10:00,40.97
2018/2/12 11:00,40.24
2018/2/12 12:00,40.22
2018/2/12 13:00,40.14
2018/2/12 14:00,40.33
2018/2/12 15:00,39.71
2018/2/12 16:00,39.37
2018/2/12 17:00,39.55
2018/2/12 18:00,39.7
2018/2/12 19:00,39.58
2018/2/12 20:00,39.68
2018/2/13 5:00,41.1
2018/2/13 6:00,41.43
2018/2/13 7:00,40.58
2018/2/13 8:00,40.93
2018/2/13 9:00,40.58
2018/2/13 10:00,40.24
2018/2/13 11:00,40.36
2018/2/13 12:00,40.61
2018/2/13 13:00,40.23
2018/2/13 14:00,39.91
2018/2/13 15:00,39.75
2018/2/13 16:00,39.18
2018/2/13 17:00,39.15
2018/2/13 18:00,39.09
2018/2/13 19:00,39.1
2018/2/13 20:00,39.72
2018/2/14 4:00,38.5
2018/2/14 6:00,38.25
2018/2/14 7:00,38.4
2018/2/14 8:00,39.98
2018/2/14 9:00,38.51
2018/2/14 10:00,37.43
2018/2/14 11:00,37.325
2018/2/14 12:00,37.04
2018/2/14 13:00,36.69
2018/2/14 14:00,36.07
2018/2/14 15:00,35.16
2018/2/14 16:00,35.41
2018/2/14 17:00,35.44
2018/2/14 18:00,35.08
2018/2/14 19:00,35.36
2018/2/14 20:00,35.08
2018/2/15 7:00,34.63
2018/2/15 8:00,34.58
2018/2/15 9:00,34.07
2018/2/15 10:00,35.45
2018/2/15 11:00,34.82
2018/2/15 12:00,34.69
2018/2/15 13:00,34.56
2018/2/15 14:00,34.73
2018/2/15 15:00,34.41
2018/2/15 16:00,34.42
2018/2/15 17:00,34.49
2018/2/15 18:00,34.4
2018/2/15 19:00,34.55
2018/2/15 20:00,34.4
2018/2/16 8:00,35
2018/2/16 9:00,34.71
2018/2/16 10:00,34.69
2018/2/16 11:00,33.99
2018/2/16 12:00,33.86
2018/2/16 13:00,34.8
2018/2/16 14:00,34.77
2018/2/16 15:00,34.93
2018/2/16 16:00,34.87
2018/2/16 17:00,34.9
2018/2/16 18:00,34.88
2018/2/16 20:00,34.88
2018/2/20 6:00,36.31
2018/2/20 7:00,36.41
2018/2/20 8:00,36.2
2018/2/20 9:00,36.18
2018/2/20 10:00,36.255
2018/2/20 11:00,35.68
2018/2/20 12:00,35.78
2018/2/20 13:00,35.98
2018/2/20 14:00,36.36
2018/2/20 15:00,36.4
2018/2/20 16:00,36.11
2018/2/20 17:00,36.17
2018/2/20 18:00,36
2018/2/20 19:00,35.79
2018/2/20 20:00,36.39
2018/2/21 6:00,36.4
2018/2/21 8:00,36.09
2018/2/21 9:00,35.7
2018/2/21 10:00,35.36
2018/2/21 11:00,35.22
2018/2/21 12:00,34.94
2018/2/21 13:00,34.94
2018/2/21 14:00,35.17
2018/2/21 15:00,36.81
2018/2/21 16:00,36.6
2018/2/21 17:00,36.75
2018/2/21 18:00,37.03
2018/2/21 19:00,37.15
2018/2/21 20:00,36.87
2018/2/22 4:00,37
2018/2/22 5:00,36.4
2018/2/22 6:00,36.4
2018/2/22 7:00,36.23
2018/2/22 8:00,35.72
2018/2/22 9:00,36.42
2018/2/22 10:00,35.99
2018/2/22 11:00,35.54
2018/2/22 12:00,36.21
2018/2/22 13:00,36.38
2018/2/22 14:00,36.88
2018/2/22 15:00,36.3
2018/2/22 16:00,35.63
2018/2/22 17:00,35.65
2018/2/22 18:00,35.65
2018/2/22 19:00,35.35
2018/2/22 20:00,36.24
2018/2/23 5:00,35.84
2018/2/23 8:00,35.32
2018/2/23 9:00,35.36
2018/2/23 10:00,35.19
2018/2/23 11:00,34.59
2018/2/23 12:00,34.47
2018/2/23 13:00,34.4
2018/2/23 14:00,33.85
2018/2/23 15:00,33.49
2018/2/23 16:00,33.24
2018/2/23 17:00,33.25
2018/2/23 18:00,33.49
2018/2/23 20:00,33.49
2018/2/26 4:00,32.54
2018/2/26 6:00,32.52
2018/2/26 7:00,32.55
2018/2/26 8:00,32.69
2018/2/26 9:00,32.57
2018/2/26 10:00,32.73
2018/2/26 11:00,32.43
2018/2/26 12:00,32.18
2018/2/26 13:00,32.06
2018/2/26 14:00,32.4
2018/2/26 15:00,32.1
2018/2/26 16:00,31.95
2018/2/26 17:00,31.96
2018/2/26 18:00,32.1
2018/2/26 19:00,31.96
2018/2/26 20:00,32.1
2018/2/27 4:00,32.69
2018/2/27 6:00,33
2018/2/27 7:00,32.75
2018/2/27 8:00,32.73
2018/2/27 9:00,32.96
2018/2/27 10:00,33.34
2018/2/27 11:00,34.06
2018/2/27 12:00,33.87
2018/2/27 13:00,34.41
2018/2/27 14:00,34.65
2018/2/27 15:00,35.13
2018/2/27 16:00,34.64
2018/2/27 18:00,34.38
2018/2/27 19:00,34.4
2018/2/27 20:00,35.12
2018/2/28 5:00,34.49
2018/2/28 7:00,34.54
2018/2/28 8:00,34.1
2018/2/28 9:00,34.11
2018/2/28 10:00,35.17
2018/2/28 11:00,36.13
2018/2/28 12:00,35.609
2018/2/28 13:00,34.86
2018/2/28 14:00,35.91
2018/2/28 15:00,36.72
2018/2/28 16:00,36.43
2018/2/28 17:00,36.44
2018/2/28 18:00,36.69
2018/2/28 19:00,36.35
2018/2/28 20:00,36.69
2018/3/1 4:00,36.35
2018/3/1 6:00,37.77
2018/3/1 7:00,37.6
2018/3/1 8:00,36.43
2018/3/1 9:00,37.66
2018/3/1 10:00,37.6
2018/3/1 11:00,37
2018/3/1 12:00,38.57
2018/3/1 13:00,40.27
2018/3/1 14:00,39.3
2018/3/1 15:00,39.19
2018/3/1 16:00,38.6
2018/3/1 17:00,38.55
2018/3/1 18:00,38.69
2018/3/1 19:00,38.41
2018/3/1 20:00,39.18
2018/3/2 7:00,40.25
2018/3/2 8:00,40.1
2018/3/2 9:00,41
2018/3/2 10:00,40.77
2018/3/2 11:00,39.2
2018/3/2 12:00,38.19
2018/3/2 13:00,38.84
2018/3/2 14:00,38.63
2018/3/2 15:00,37.59
2018/3/2 16:00,37.31
2018/3/2 18:00,37.1
2018/3/2 19:00,37.43
2018/3/2 20:00,37.62
2018/3/5 4:00,37.67
2018/3/5 5:00,37.43
2018/3/5 6:00,37.63
2018/3/5 7:00,37.99
2018/3/5 8:00,37.89
2018/3/5 9:00,37.92
2018/3/5 10:00,36.7
2018/3/5 11:00,36.2
2018/3/5 12:00,35.93
2018/3/5 13:00,36.11
2018/3/5 14:00,35.84
2018/3/5 15:00,35.87
2018/3/5 16:00,36.1
2018/3/5 17:00,36.12
2018/3/5 18:00,36.05
2018/3/5 19:00,36.05
2018/3/5 20:00,35.87
2018/3/6 7:00,35.42
2018/3/6 8:00,35.75
2018/3/6 9:00,36.35
2018/3/6 10:00,37.04
2018/3/6 11:00,36.82
2018/3/6 12:00,36.07
2018/3/6 13:00,36.57
2018/3/6 14:00,36.08
2018/3/6 15:00,36.14
2018/3/6 16:00,36.13
2018/3/6 17:00,38.02
2018/3/6 18:00,38
2018/3/6 19:00,38.79
2018/3/6 20:00,36.14
2018/3/7 4:00,38.15
2018/3/7 5:00,37.85
2018/3/7 6:00,37.89
2018/3/7 7:00,37.51
2018/3/7 8:00,37.48
2018/3/7 9:00,37.12
2018/3/7 10:00,36.63
2018/3/7 11:00,37.39
2018/3/7 12:00,37.21
2018/3/7 13:00,36.9
2018/3/7 14:00,36.37
2018/3/7 15:00,35.76
2018/3/7 16:00,35.73
2018/3/7 17:00,35.9
2018/3/7 18:00,35.8
2018/3/7 19:00,35.82
2018/3/7 20:00,35.73
2018/3/8 4:00,35.5
2018/3/8 7:00,35.25
2018/3/8 8:00,35.55
2018/3/8 9:00,35.15
2018/3/8 10:00,35.23
2018/3/8 11:00,34.78
2018/3/8 12:00,34.8
2018/3/8 13:00,35
2018/3/8 14:00,34.6
2018/3/8 15:00,34.43
2018/3/8 16:00,34.51
2018/3/8 17:00,34.53
2018/3/8 18:00,34.4
2018/3/8 20:00,34.4
2018/3/9 7:00,34.31
2018/3/9 8:00,33.69
2018/3/9 9:00,33.33
2018/3/9 10:00,32.98
2018/3/9 11:00,32.76
2018/3/9 12:00,32.55
2018/3/9 13:00,32.36
2018/3/9 14:00,32.14
2018/3/9 15:00,31.69
2018/3/9 16:00,32.13
2018/3/9 17:00,32.13
2018/3/9 18:00,31.67
2018/3/9 20:00,31.67
2018/3/12 4:00,32
2018/3/12 5:00,32.32
2018/3/12 7:00,32.25
2018/3/12 8:00,32.29
2018/3/12 9:00,32.37
2018/3/12 10:00,32.989
2018/3/12 11:00,32.74
2018/3/12 12:00,33.02
2018/3/12 13:00,32.87
2018/3/12 14:00,33.24
2018/3/12 15:00,33
2018/3/12 16:00,32.93
2018/3/12 18:00,32.99
2018/3/12 20:00,32.99
2018/3/13 8:00,32.66
2018/3/13 9:00,32.49
2018/3/13 10:00,32.759
2018/3/13 11:00,33.329
2018/3/13 12:00,32.92
2018/3/13 13:00,33.37
2018/3/13 14:00,33.5
2018/3/13 15:00,33.69
2018/3/13 16:00,33.86
2018/3/13 17:00,33.93
2018/3/13 18:00,33.95
2018/3/13 19:00,33.9
2018/3/13 20:00,33.7
2018/3/14 4:00,33.5
2018/3/14 7:00,33.05
2018/3/14 8:00,32.96
2018/3/14 9:00,33.439
2018/3/14 10:00,33.38
2018/3/14 11:00,34.51
2018/3/14 12:00,34.42
2018/3/14 13:00,33.6799
2018/3/14 14:00,34.07
2018/3/14 15:00,34.41
2018/3/14 16:00,34.48
2018/3/14 18:00,34.37
2018/3/14 19:00,34.22
2018/3/14 20:00,34.37
2018/3/15 4:00,34.01
2018/3/15 5:00,34
2018/3/15 8:00,34.25
2018/3/15 9:00,34.46
2018/3/15 10:00,33.83
2018/3/15 11:00,33.45
2018/3/15 12:00,33.37
2018/3/15 13:00,34.04
2018/3/15 14:00,33.62
2018/3/15 15:00,33.28
2018/3/15 16:00,33.28
2018/3/15 17:00,33.33
2018/3/15 18:00,33.31
2018/3/15 19:00,33.25
2018/3/15 20:00,33.31
2018/3/16 8:00,33.07
2018/3/16 9:00,32.56
2018/3/16 10:00,32.1
2018/3/16 11:00,32.51
2018/3/16 12:00,32.06
2018/3/16 13:00,32.5278
2018/3/16 14:00,32.22
2018/3/16 15:00,32.75
2018/3/16 16:00,32.81
2018/3/16 18:00,32.77
2018/3/16 19:00,32.69
2018/3/16 20:00,32.77
2018/3/19 5:00,33.5
2018/3/19 6:00,33.59
2018/3/19 7:00,33.35
2018/3/19 8:00,33.3
2018/3/19 9:00,33.73
2018/3/19 10:00,34.98
2018/3/19 11:00,36.12
2018/3/19 12:00,36.13
2018/3/19 13:00,36.28
2018/3/19 14:00,36.369
2018/3/19 15:00,35.82
2018/3/19 16:00,35.22
2018/3/19 17:00,35.3
2018/3/19 18:00,35.78
2018/3/19 19:00,35.79
2018/3/19 20:00,35.82
2018/3/20 6:00,35.19
2018/3/20 7:00,34.86
2018/3/20 8:00,35.05
2018/3/20 9:00,35.51
2018/3/20 10:00,35.33
2018/3/20 11:00,35.64
2018/3/20 12:00,35.58
2018/3/20 13:00,35.86
2018/3/20 14:00,35.24
2018/3/20 15:00,35.05
2018/3/20 16:00,34.86
2018/3/20 17:00,34.82
2018/3/20 18:00,35.07
2018/3/20 19:00,34.72
2018/3/20 20:00,35.07
2018/3/21 8:00,34.46
2018/3/21 9:00,34.75
2018/3/21 10:00,34.1697
2018/3/21 11:00,33.4162
2018/3/21 12:00,33.3161
2018/3/21 13:00,33.37
2018/3/21 14:00,34.1001
2018/3/21 15:00,34.68
2018/3/21 16:00,34.81
2018/3/21 17:00,34.69
2018/3/21 18:00,34.67
2018/3/21 19:00,34.65
2018/3/21 20:00,34.67
2018/3/22 5:00,35.87
2018/3/22 7:00,36.07
2018/3/22 8:00,36.46
2018/3/22 9:00,37.13
2018/3/22 10:00,37.43
2018/3/22 11:00,38.11
2018/3/22 12:00,37.01
2018/3/22 13:00,36.6307
2018/3/22 14:00,37.7
2018/3/22 15:00,39.24
2018/3/22 16:00,38.74
2018/3/22 17:00,38.71
2018/3/22 18:00,39.31
2018/3/22 19:00,39.89
2018/3/22 20:00,39.19
2018/3/23 4:00,39.23
2018/3/23 5:00,39.96
2018/3/23 6:00,39.31
2018/3/23 7:00,38.79
2018/3/23 8:00,39.09
2018/3/23 9:00,38.27
2018/3/23 10:00,37.83
2018/3/23 11:00,39.9
2018/3/23 12:00,39.63
2018/3/23 13:00,38.38
2018/3/23 14:00,40.49
2018/3/23 15:00,41.41
2018/3/23 16:00,40.82
2018/3/23 17:00,41.05
2018/3/23 18:00,41.4
2018/3/23 20:00,41.4
2018/3/26 4:00,37.83
2018/3/26 5:00,37.52
2018/3/26 6:00,37.99
2018/3/26 7:00,38.38
2018/3/26 8:00,38.6
2018/3/26 9:00,38.9
2018/3/26 10:00,39.93
2018/3/26 11:00,39.99
2018/3/26 12:00,39.96
2018/3/26 13:00,39.7999
2018/3/26 14:00,39.12
2018/3/26 15:00,38.26
2018/3/26 16:00,38.63
2018/3/26 17:00,38.62
2018/3/26 18:00,38.19
2018/3/26 19:00,38.51
2018/3/26 20:00,38.19
2018/3/27 4:00,38.31
2018/3/27 5:00,38
2018/3/27 6:00,38.29
2018/3/27 8:00,38.56
2018/3/27 9:00,38.8411
2018/3/27 10:00,39.14
2018/3/27 11:00,38.65
2018/3/27 12:00,38.84
2018/3/27 13:00,39.18
2018/3/27 14:00,40.23
2018/3/27 15:00,41.28
2018/3/27 16:00,40.93
2018/3/27 17:00,41
2018/3/27 18:00,41.25
2018/3/27 19:00,40.9
2018/3/27 20:00,41.25
2018/3/28 4:00,41.09
2018/3/28 5:00,40.81
2018/3/28 7:00,40.29
2018/3/28 8:00,40.89
2018/3/28 9:00,40.71
2018/3/28 10:00,42.47
2018/3/28 11:00,42.48
2018/3/28 12:00,42.42
2018/3/28 13:00,41.57
2018/3/28 14:00,42.0199
2018/3/28 15:00,42.15
2018/3/28 16:00,41.8
2018/3/28 17:00,41.8
2018/3/28 18:00,41.5
2018/3/28 19:00,41.36
2018/3/28 20:00,42.15
2018/3/29 4:00,41.09
2018/3/29 5:00,40.81
2018/3/29 6:00,41.02
2018/3/29 7:00,41.28
2018/3/29 8:00,41
2018/3/29 9:00,41.32
2018/3/29 10:00,39.63
2018/3/29 11:00,39.166
2018/3/29 12:00,39.56
2018/3/29 13:00,39.28
2018/3/29 14:00,39.15
2018/3/29 15:00,39.1
2018/3/29 16:00,39.79
2018/3/29 17:00,39.4
2018/3/29 18:00,39.49
2018/3/29 20:00,39.15
2018/4/2 7:00,40.54
2018/4/2 8:00,40.01
2018/4/2 9:00,40.51
2018/4/2 10:00,41.733
2018/4/2 11:00,42.89
2018/4/2 12:00,42.61
2018/4/2 13:00,43.84
2018/4/2 14:00,43.54
2018/4/2 15:00,42.85
2018/4/2 16:00,42.21
2018/4/2 17:00,42.3
2018/4/2 18:00,42.21
2018/4/2 19:00,42.15
2018/4/2 20:00,42.87
2018/4/3 4:00,42.12
2018/4/3 5:00,42.28
2018/4/3 6:00,41.81
2018/4/3 7:00,41.97
2018/4/3 8:00,41.57
2018/4/3 9:00,42.19
2018/4/3 10:00,41.62
2018/4/3 11:00,42.43
2018/4/3 12:00,42.09
2018/4/3 13:00,41.57
2018/4/3 14:00,41.29
2018/4/3 15:00,41
2018/4/3 16:00,41.21
2018/4/3 17:00,41.2
2018/4/3 18:00,40.98
2018/4/3 19:00,41.3
2018/4/3 20:00,40.98
2018/4/4 4:00,43.4
2018/4/4 5:00,43.45
2018/4/4 6:00,44.38
2018/4/4 7:00,43.79
2018/4/4 8:00,43.83
2018/4/4 9:00,43.1
2018/4/4 10:00,43.11
2018/4/4 11:00,42.67
2018/4/4 12:00,42.196
2018/4/4 13:00,42.5
2018/4/4 14:00,41.08
2018/4/4 15:00,40.25
2018/4/4 16:00,40.2
2018/4/4 17:00,40.3
2018/4/4 18:00,40.1
2018/4/4 19:00,39.87
2018/4/4 20:00,40.31
2018/4/5 4:00,39.5
2018/4/5 7:00,39.74
2018/4/5 8:00,39.7
2018/4/5 9:00,39.86
2018/4/5 10:00,40.04
2018/4/5 11:00,38.99
2018/4/5 12:00,39.0724
2018/4/5 13:00,39.4
2018/4/5 14:00,39.01
2018/4/5 15:00,38.82
2018/4/5 16:00,38.66
2018/4/5 17:00,38.77
2018/4/5 18:00,39.47
2018/4/5 19:00,40.63
2018/4/5 20:00,38.81
2018/4/6 4:00,40
2018/4/6 5:00,40.15
2018/4/6 6:00,39.95
2018/4/6 7:00,40.24
2018/4/6 8:00,39.61
2018/4/6 9:00,39.3
2018/4/6 10:00,40.099
2018/4/6 11:00,40.04
2018/4/6 12:00,39.97
2018/4/6 13:00,41.2
2018/4/6 14:00,42.49
2018/4/6 15:00,41.22
2018/4/6 16:00,41.15
2018/4/6 17:00,41.27
2018/4/6 18:00,41.24
2018/4/6 20:00,41.24
2018/4/9 6:00,40.32
2018/4/9 7:00,40.49
2018/4/9 8:00,40.47
2018/4/9 9:00,40.68
2018/4/9 10:00,40.09
2018/4/9 11:00,40.08
2018/4/9 12:00,40.24
2018/4/9 13:00,40.14
2018/4/9 14:00,40.32
2018/4/9 15:00,41.28
2018/4/9 16:00,41.59
2018/4/9 17:00,41.55
2018/4/9 18:00,41.42
2018/4/9 19:00,41.92
2018/4/9 20:00,41.25
2018/4/10 4:00,40.48
2018/4/10 5:00,40.4
2018/4/10 7:00,40.18
2018/4/10 8:00,40.09
2018/4/10 9:00,40.83
2018/4/10 10:00,40.49
2018/4/10 11:00,40.46
2018/4/10 12:00,40.84
2018/4/10 13:00,40.63
2018/4/10 14:00,40.44
2018/4/10 15:00,40.16
2018/4/10 16:00,40.21
2018/4/10 18:00,40.21
2018/4/10 19:00,40.5
2018/4/10 20:00,40.21
2018/4/11 6:00,41.4
2018/4/11 7:00,41.56
2018/4/11 8:00,41.44
2018/4/11 9:00,40.61
2018/4/11 10:00,40.79
2018/4/11 11:00,40.4
2018/4/11 12:00,40.37
2018/4/11 13:00,40.39
2018/4/11 14:00,40.35
2018/4/11 15:00,40.53
2018/4/11 16:00,40.63
2018/4/11 17:00,40.58
2018/4/11 18:00,40.4
2018/4/11 19:00,40.36
2018/4/11 20:00,40.53
2018/4/12 4:00,40.3
2018/4/12 6:00,39.85
2018/4/12 7:00,39.94
2018/4/12 8:00,39.86
2018/4/12 9:00,39.18
2018/4/12 10:00,39.22
2018/4/12 11:00,38.98
2018/4/12 12:00,38.92
2018/4/12 13:00,39.15
2018/4/12 14:00,38.78
2018/4/12 15:00,38.86
2018/4/12 16:00,38.66
2018/4/12 17:00,38.79
2018/4/12 18:00,38.87
2018/4/12 19:00,39.07
2018/4/12 20:00,38.87
2018/4/13 4:00,38.81
2018/4/13 5:00,38.5
2018/4/13 6:00,38.31
2018/4/13 7:00,38.36
2018/4/13 8:00,38.07
2018/4/13 9:00,38.03
2018/4/13 10:00,38.25
2018/4/13 11:00,37.79
2018/4/13 12:00,37.62
2018/4/13 13:00,37.3
2018/4/13 14:00,37.43
2018/4/13 15:00,37.45
2018/4/13 16:00,37.28
2018/4/13 17:00,37.55
2018/4/13 18:00,37.44
2018/4/13 19:00,37.25
2018/4/13 20:00,37.44
2018/4/16 4:00,37
2018/4/16 5:00,36.59
2018/4/16 8:00,36.54
2018/4/16 9:00,36.38
2018/4/16 10:00,36.0021
2018/4/16 11:00,35.98
2018/4/16 12:00,35.53
2018/4/16 13:00,35.4968
2018/4/16 14:00,35.83
2018/4/16 15:00,35.56
2018/4/16 16:00,35.69
2018/4/16 17:00,35.67
2018/4/16 18:00,35.75
2018/4/16 19:00,35.7
2018/4/16 20:00,35.56
2018/4/17 6:00,35
2018/4/17 8:00,34.88
2018/4/17 9:00,34.61
2018/4/17 10:00,34.33
2018/4/17 11:00,34.29
2018/4/17 12:00,34
2018/4/17 13:00,33.7299
2018/4/17 14:00,33.49
2018/4/17 15:00,33.43
2018/4/17 16:00,33.6
2018/4/17 17:00,33.72
2018/4/17 18:00,33.43
2018/4/17 19:00,33.88
2018/4/17 20:00,33.43
2018/4/18 6:00,33.64
2018/4/18 7:00,33.15
2018/4/18 8:00,33.34
2018/4/18 9:00,34.16
2018/4/18 10:00,34.19
2018/4/18 11:00,33.9
2018/4/18 12:00,33.64
2018/4/18 13:00,33.96
2018/4/18 14:00,33.51
2018/4/18 15:00,33.52
2018/4/18 16:00,33.69
2018/4/18 17:00,33.59
2018/4/18 18:00,33.5
2018/4/18 19:00,33.67
2018/4/18 20:00,33.55
2018/4/19 7:00,33.96
2018/4/19 8:00,34.29
2018/4/19 9:00,34.23
2018/4/19 10:00,34.3
2018/4/19 11:00,35.02
2018/4/19 12:00,34.73
2018/4/19 13:00,34.45
2018/4/19 14:00,34.24
2018/4/19 15:00,34.05
2018/4/19 16:00,33.97
2018/4/19 17:00,33.98
2018/4/19 18:00,34.06
2018/4/19 19:00,34.2
2018/4/19 20:00,34.06
2018/4/20 6:00,34.14
2018/4/20 7:00,33.98
2018/4/20 8:00,34.05
2018/4/20 9:00,33.84
2018/4/20 10:00,34.65
2018/4/20 11:00,34.78
2018/4/20 12:00,35.14
2018/4/20 13:00,34.55
2018/4/20 14:00,34.67
2018/4/20 15:00,35.05
2018/4/20 16:00,35.03
2018/4/20 17:00,34.9
2018/4/20 18:00,35.06
2018/4/20 20:00,35.06
2018/4/23 4:00,35
2018/4/23 5:00,35.28
2018/4/23 6:00,34.8
2018/4/23 7:00,34.73
2018/4/23 8:00,34.67
2018/4/23 9:00,34.91
2018/4/23 10:00,34.47
2018/4/23 11:00,34
2018/4/23 12:00,34.4
2018/4/23 13:00,34.2
2018/4/23 14:00,35.03
2018/4/23 15:00,34.67
2018/4/23 16:00,34.6
2018/4/23 17:00,34.6
2018/4/23 18:00,34.67
2018/4/23 19:00,34.6
2018/4/23 20:00,34.67
2018/4/24 5:00,33.9
2018/4/24 7:00,33.6
2018/4/24 8:00,33.67
2018/4/24 9:00,34.08
2018/4/24 10:00,34.41
2018/4/24 11:00,34.83
2018/4/24 12:00,36.2472
2018/4/24 13:00,37.07
2018/4/24 14:00,36.76
2018/4/24 15:00,36.51
2018/4/24 16:00,36.2
2018/4/24 18:00,35.97
2018/4/24 20:00,36.49
2018/4/25 4:00,36.21
2018/4/25 5:00,36.75
2018/4/25 6:00,36.64
2018/4/25 7:00,36.66
2018/4/25 8:00,36.5
2018/4/25 9:00,37.79
2018/4/25 10:00,37.08
2018/4/25 11:00,37.7199
2018/4/25 12:00,37.52
2018/4/25 13:00,37.34
2018/4/25 14:00,36.72
2018/4/25 15:00,36.82
2018/4/25 16:00,36.11
2018/4/25 17:00,36.12
2018/4/25 18:00,36.77
2018/4/25 19:00,35.95
2018/4/25 20:00,36.77
2018/4/26 6:00,35.84
2018/4/26 8:00,35.72
2018/4/26 9:00,35.86
2018/4/26 10:00,34.87
2018/4/26 11:00,35.22
2018/4/26 12:00,34.9
2018/4/26 13:00,34.78
2018/4/26 14:00,34.84
2018/4/26 15:00,34.97
2018/4/26 16:00,34.74
2018/4/26 17:00,34.72
2018/4/26 18:00,34.97
2018/4/26 20:00,34.97
2018/4/27 8:00,34.46
2018/4/27 9:00,34.569
2018/4/27 10:00,35.37
2018/4/27 11:00,35.08
2018/4/27 12:00,34.61
2018/4/27 13:00,34.55
2018/4/27 14:00,34.25
2018/4/27 15:00,34.28
2018/4/27 16:00,33.94
2018/4/27 17:00,34.07
2018/4/27 18:00,34.29
2018/4/27 19:00,33.9
2018/4/27 20:00,34.29
2018/4/30 4:00,33.5
2018/4/30 6:00,33.4
2018/4/30 7:00,33.59
2018/4/30 8:00,33.79
2018/4/30 9:00,33.63
2018/4/30 10:00,33.54
2018/4/30 11:00,33.92
2018/4/30 12:00,34.02
2018/4/30 13:00,33.71
2018/4/30 14:00,34.13
2018/4/30 15:00,34.35
2018/4/30 16:00,34.53
2018/4/30 17:00,34.48
2018/4/30 18:00,34.69
2018/4/30 19:00,34.39
2018/4/30 20:00,34.33
2018/5/1 7:00,34.3
2018/5/1 8:00,34.31
2018/5/1 9:00,34.2936
2018/5/1 10:00,34.58
2018/5/1 11:00,34.91
2018/5/1 12:00,34.77
2018/5/1 13:00,34.37
2018/5/1 14:00,34.05
2018/5/1 15:00,33.82
2018/5/1 16:00,33.52
2018/5/1 17:00,33.57
2018/5/1 18:00,33.83
2018/5/1 19:00,33.5
2018/5/1 20:00,33.83
2018/5/2 5:00,33.3
2018/5/2 7:00,33.36
2018/5/2 8:00,33.67
2018/5/2 9:00,33.52
2018/5/2 10:00,33.53
2018/5/2 11:00,33.4
2018/5/2 12:00,33.03
2018/5/2 13:00,33.0711
2018/5/2 14:00,33.08
2018/5/2 15:00,33.63
2018/5/2 16:00,34.14
2018/5/2 17:00,34.25
2018/5/2 18:00,33.95
2018/5/2 20:00,33.61
2018/5/3 4:00,33.85
2018/5/3 7:00,34.28
2018/5/3 8:00,34.45
2018/5/3 9:00,34.31
2018/5/3 10:00,36.06
2018/5/3 11:00,35.29
2018/5/3 12:00,34.63
2018/5/3 13:00,34.41
2018/5/3 14:00,34.31
2018/5/3 15:00,34.31
2018/5/3 16:00,33.88
2018/5/3 17:00,34
2018/5/3 18:00,34.27
2018/5/3 19:00,34.15
2018/5/3 20:00,34.27
2018/5/4 7:00,34.47
2018/5/4 8:00,34.56
2018/5/4 9:00,34.39
2018/5/4 10:00,33.74
2018/5/4 11:00,33.669
2018/5/4 12:00,33.34
2018/5/4 13:00,33.31
2018/5/4 14:00,33.36
2018/5/4 15:00,33.21
2018/5/4 16:00,33.13
2018/5/4 18:00,33.2
2018/5/4 19:00,33
2018/5/4 20:00,33.2
2018/5/7 7:00,32.85
2018/5/7 8:00,33.12
2018/5/7 9:00,32.86
2018/5/7 10:00,32.9
2018/5/7 11:00,32.9599
2018/5/7 12:00,32.91
2018/5/7 13:00,32.78
2018/5/7 14:00,32.9901
2018/5/7 15:00,32.98
2018/5/7 16:00,33.05
2018/5/7 17:00,33.03
2018/5/7 18:00,32.99
2018/5/7 20:00,32.99
2018/5/8 5:00,33.5
2018/5/8 8:00,33.26
2018/5/8 9:00,33.25
2018/5/8 10:00,33.3
2018/5/8 11:00,33.25
2018/5/8 12:00,33.395
2018/5/8 13:00,33.45
2018/5/8 14:00,33.13
2018/5/8 15:00,32.9
2018/5/8 16:00,32.88
2018/5/8 18:00,32.91
2018/5/8 20:00,32.89
2018/5/9 4:00,32.5
2018/5/9 8:00,32.74
2018/5/9 9:00,32.58
2018/5/9 10:00,32.5125
2018/5/9 11:00,32.2124
2018/5/9 12:00,31.959
2018/5/9 13:00,31.8395
2018/5/9 14:00,31.82
2018/5/9 15:00,31.53
2018/5/9 16:00,31.4
2018/5/9 17:00,31.47
2018/5/9 18:00,31.59
2018/5/9 19:00,31.5
2018/5/9 20:00,31.52
2018/5/10 4:00,31.5
2018/5/10 7:00,31.7
2018/5/10 8:00,31.35
2018/5/10 9:00,30.97
2018/5/10 10:00,30.68
2018/5/10 11:00,30.31
2018/5/10 12:00,30.24
2018/5/10 13:00,30.27
2018/5/10 14:00,30.16
2018/5/10 15:00,30.08
2018/5/10 16:00,30.37
2018/5/10 17:00,30.38
2018/5/10 18:00,30.42
2018/5/10 19:00,30.46
2018/5/10 20:00,30.11
2018/5/11 6:00,30.11
2018/5/11 7:00,30.11
2018/5/11 8:00,30.13
2018/5/11 9:00,30.08
2018/5/11 10:00,29.98
2018/5/11 11:00,30.1
2018/5/11 12:00,30.2
2018/5/11 13:00,30.14
2018/5/11 14:00,29.9376
2018/5/11 15:00,29.62
2018/5/11 16:00,29.58
2018/5/11 17:00,29.53
2018/5/11 18:00,29.62
2018/5/11 20:00,29.62
2018/5/14 4:00,29.3
2018/5/14 7:00,29.32
2018/5/14 8:00,29.25
2018/5/14 9:00,29.06
2018/5/14 10:00,28.71
2018/5/14 11:00,28.73
2018/5/14 12:00,28.89
2018/5/14 13:00,28.68
2018/5/14 14:00,28.69
2018/5/14 15:00,28.65
2018/5/14 16:00,29.02
2018/5/14 17:00,29.02
2018/5/14 18:00,28.64
2018/5/14 19:00,29
2018/5/14 20:00,28.64
2018/5/15 4:00,29.36
2018/5/15 5:00,29.17
2018/5/15 7:00,29.19
2018/5/15 8:00,29.94
2018/5/15 9:00,30.409
2018/5/15 10:00,30.3
2018/5/15 11:00,30.56
2018/5/15 12:00,30.32
2018/5/15 13:00,30.8
2018/5/15 14:00,30.92
2018/5/15 15:00,30.66
2018/5/15 16:00,30.78
2018/5/15 17:00,30.79
2018/5/15 18:00,30.67
2018/5/15 19:00,30.97
2018/5/15 20:00,30.67
2018/5/16 4:00,30.35
2018/5/16 6:00,30.95
2018/5/16 7:00,30.65
2018/5/16 8:00,30.67
2018/5/16 9:00,29.84
2018/5/16 10:00,29.76
2018/5/16 11:00,29.59
2018/5/16 12:00,29.64
2018/5/16 13:00,29.6
2018/5/16 14:00,29.49
2018/5/16 15:00,29.58
2018/5/16 16:00,29.43
2018/5/16 17:00,29.5
2018/5/16 18:00,29.35
2018/5/16 20:00,29.57
2018/5/17 7:00,29.63
2018/5/17 8:00,29.63
2018/5/17 9:00,29.3382
2018/5/17 10:00,28.84
2018/5/17 11:00,28.86
2018/5/17 12:00,29.03
2018/5/17 13:00,29.51
2018/5/17 14:00,28.88
2018/5/17 15:00,28.81
2018/5/17 16:00,28.93
2018/5/17 17:00,28.93
2018/5/17 18:00,28.83
2018/5/17 19:00,28.76
2018/5/17 20:00,28.81
2018/5/18 8:00,29.27
2018/5/18 9:00,29.22
2018/5/18 10:00,29.33
2018/5/18 11:00,29.13
2018/5/18 12:00,29.39
2018/5/18 13:00,29.44
2018/5/18 14:00,29.2
2018/5/18 15:00,29.19
2018/5/18 16:00,29.19
2018/5/18 17:00,29.04
2018/5/18 18:00,29.19
2018/5/18 20:00,29.19
2018/5/21 4:00,28.25
2018/5/21 5:00,28.14
2018/5/21 6:00,28.14
2018/5/21 8:00,28.1
2018/5/21 9:00,27.85
2018/5/21 10:00,27.7894
2018/5/21 11:00,28.28
2018/5/21 12:00,28.19
2018/5/21 13:00,27.97
2018/5/21 14:00,28.02
2018/5/21 15:00,28.2565
2018/5/21 16:00,28.28
2018/5/21 18:00,28.27
2018/5/21 20:00,28.27
2018/5/22 9:00,28.07
2018/5/22 10:00,28.17
2018/5/22 11:00,28.03
2018/5/22 12:00,28.16
2018/5/22 13:00,28.265
2018/5/22 14:00,28.47
2018/5/22 15:00,28.6
2018/5/22 16:00,28.61
2018/5/22 17:00,28.56
2018/5/22 18:00,28.61
2018/5/22 19:00,28.63
2018/5/22 20:00,28.61
2018/5/23 4:00,29.82
2018/5/23 5:00,29.8
2018/5/23 7:00,29.6
2018/5/23 8:00,29.39
2018/5/23 9:00,29.37
2018/5/23 10:00,29.64
2018/5/23 11:00,29.27
2018/5/23 12:00,28.91
2018/5/23 13:00,28.901
2018/5/23 14:00,28.31
2018/5/23 15:00,28.09
2018/5/23 16:00,28
2018/5/23 17:00,28.08
2018/5/23 18:00,28.01
2018/5/23 19:00,28.01
2018/5/23 20:00,28.09
2018/5/24 6:00,28.17
2018/5/24 7:00,28.16
2018/5/24 8:00,28.23
2018/5/24 9:00,28.64
2018/5/24 10:00,29.3088
2018/5/24 11:00,28.49
2018/5/24 12:00,28.2
2018/5/24 13:00,28.04
2018/5/24 14:00,28.09
2018/5/24 15:00,27.92
2018/5/24 16:00,27.9
2018/5/24 18:00,27.93
2018/5/24 19:00,27.92
2018/5/24 20:00,27.93
2018/5/25 4:00,27.8
2018/5/25 5:00,27.7
2018/5/25 7:00,28.1
2018/5/25 8:00,28.36
2018/5/25 9:00,28.17
2018/5/25 10:00,27.88
2018/5/25 11:00,27.8
2018/5/25 12:00,27.9
2018/5/25 13:00,28.14
2018/5/25 14:00,28.11
2018/5/25 15:00,28.28
2018/5/25 16:00,28.42
2018/5/25 17:00,28.35
2018/5/25 18:00,28.29
2018/5/25 20:00,28.29
2018/5/29 4:00,30.45
2018/5/29 5:00,30.23
2018/5/29 6:00,30.3
2018/5/29 7:00,29.84
2018/5/29 8:00,29.61
2018/5/29 9:00,29.07
2018/5/29 10:00,30.11
2018/5/29 11:00,30.85
2018/5/29 12:00,30.55
2018/5/29 13:00,31.34
2018/5/29 14:00,32.5
2018/5/29 15:00,31.7
2018/5/29 16:00,31.67
2018/5/29 17:00,31.65
2018/5/29 18:00,31.71
2018/5/29 19:00,31.6
2018/5/29 20:00,31.71
2018/5/30 4:00,30.63
2018/5/30 5:00,30.63
2018/5/30 7:00,30.56
2018/5/30 8:00,30.71
2018/5/30 9:00,30.86
2018/5/30 10:00,30.14
2018/5/30 11:00,30.09
2018/5/30 12:00,30.22
2018/5/30 13:00,29.96
2018/5/30 14:00,30.03
2018/5/30 15:00,30.2
2018/5/30 16:00,30.16
2018/5/30 17:00,30.36
2018/5/30 18:00,30.16
2018/5/30 19:00,30.56
2018/5/30 20:00,30.16
2018/5/31 4:00,30.03
2018/5/31 5:00,30.04
2018/5/31 6:00,29.96
2018/5/31 7:00,30.15
2018/5/31 8:00,30.15
2018/5/31 9:00,30.69
2018/5/31 10:00,31.19
2018/5/31 11:00,30.34
2018/5/31 12:00,30.4
2018/5/31 13:00,30.85
2018/5/31 14:00,30.65
2018/5/31 15:00,30.53
2018/5/31 16:00,30.63
2018/5/31 17:00,30.66
2018/5/31 18:00,30.56
2018/5/31 20:00,30.56
2018/6/1 4:00,30.16
2018/6/1 5:00,30.03
2018/6/1 7:00,29.83
2018/6/1 8:00,29.3
2018/6/1 9:00,29.24
2018/6/1 10:00,28.91
2018/6/1 11:00,28.92
2018/6/1 12:00,29.15
2018/6/1 13:00,29.18
2018/6/1 14:00,29.07
2018/6/1 15:00,29.28
2018/6/1 16:00,29.11
2018/6/1 18:00,29.28
2018/6/1 20:00,29.28
2018/6/4 4:00,28.8
2018/6/4 5:00,28.61
2018/6/4 6:00,28.5
2018/6/4 8:00,28.65
2018/6/4 9:00,28.45
2018/6/4 10:00,28.41
2018/6/4 11:00,28.33
2018/6/4 12:00,28.28
2018/6/4 13:00,28.31
2018/6/4 14:00,28.17
2018/6/4 15:00,28.07
2018/6/4 16:00,28.08
2018/6/4 17:00,28.13
2018/6/4 18:00,28.05
2018/6/4 20:00,28.05
2018/6/5 7:00,28.12
2018/6/5 8:00,28.21
2018/6/5 9:00,27.87
2018/6/5 10:00,27.8098
2018/6/5 11:00,28.13
2018/6/5 12:00,28.09
2018/6/5 13:00,28.01
2018/6/5 14:00,27.73
2018/6/5 15:00,27.74
2018/6/5 16:00,27.71
2018/6/5 17:00,27.7
2018/6/5 18:00,27.74
2018/6/5 19:00,27.68
2018/6/5 20:00,27.74
2018/6/6 5:00,27.4
2018/6/6 7:00,27.4
2018/6/6 8:00,27.41
2018/6/6 9:00,27.46
2018/6/6 10:00,27.33
2018/6/6 11:00,27.02
2018/6/6 12:00,27.25
2018/6/6 13:00,27.14
2018/6/6 14:00,26.99
2018/6/6 15:00,26.65
2018/6/6 16:00,26.7
2018/6/6 17:00,26.75
2018/6/6 18:00,26.82
2018/6/6 20:00,26.68
2018/6/7 4:00,26.5
2018/6/7 5:00,26.43
2018/6/7 7:00,26.64
2018/6/7 8:00,26.57
2018/6/7 9:00,26.6699
2018/6/7 10:00,26.97
2018/6/7 11:00,26.95
2018/6/7 12:00,27.06
2018/6/7 13:00,27.84
2018/6/7 14:00,27.24
2018/6/7 15:00,27.07
2018/6/7 16:00,26.85
2018/6/7 17:00,26.93
2018/6/7 18:00,26.91
2018/6/7 20:00,27.07
2018/6/8 4:00,28.66
2018/6/8 5:00,28.01
2018/6/8 7:00,27.7
2018/6/8 8:00,27.68
2018/6/8 9:00,27.34
2018/6/8 10:00,27.3
2018/6/8 11:00,27.261
2018/6/8 12:00,26.95
2018/6/8 13:00,27.06
2018/6/8 14:00,26.98
2018/6/8 15:00,26.88
2018/6/8 16:00,27.19
2018/6/8 17:00,27.1
2018/6/8 18:00,26.89
2018/6/8 20:00,26.89
2018/6/11 7:00,27.05
2018/6/11 8:00,27.16
2018/6/11 9:00,26.93
2018/6/11 10:00,26.81
2018/6/11 11:00,26.68
2018/6/11 12:00,26.5601
2018/6/11 13:00,26.58
2018/6/11 14:00,26.622
2018/6/11 15:00,26.52
2018/6/11 16:00,26.54
2018/6/11 18:00,26.52
2018/6/11 19:00,26.5
2018/6/11 20:00,26.52
2018/6/12 4:00,26.31
2018/6/12 7:00,26.59
2018/6/12 8:00,26.3
2018/6/12 9:00,26.569
2018/6/12 10:00,26.3666
2018/6/12 11:00,26.23
2018/6/12 12:00,26.3
2018/6/12 13:00,26.17
2018/6/12 14:00,26.7
2018/6/12 15:00,26.4
2018/6/12 16:00,26.29
2018/6/12 18:00,26.4
2018/6/12 20:00,26.4
2018/6/13 8:00,26.1
2018/6/13 9:00,26.13
2018/6/13 10:00,26.09
2018/6/13 11:00,26.09
2018/6/13 12:00,26.26
2018/6/13 13:00,26.15
2018/6/13 14:00,26.36
2018/6/13 15:00,26.75
2018/6/13 16:00,26.88
2018/6/13 17:00,26.85
2018/6/13 18:00,26.75
2018/6/13 19:00,26.83
2018/6/13 20:00,26.75
2018/6/14 6:00,26.77
2018/6/14 7:00,26.59
2018/6/14 8:00,26.16
2018/6/14 9:00,25.95
2018/6/14 10:00,26.14
2018/6/14 11:00,25.75
2018/6/14 12:00,25.77
2018/6/14 13:00,25.7
2018/6/14 14:00,25.92
2018/6/14 15:00,25.855
2018/6/14 16:00,25.87
2018/6/14 17:00,25.9
2018/6/14 18:00,25.9
2018/6/14 19:00,25.9
2018/6/14 20:00,25.9
2018/6/15 7:00,26.53
2018/6/15 8:00,26.63
2018/6/15 9:00,26.38
2018/6/15 10:00,26.22
2018/6/15 11:00,26.15
2018/6/15 12:00,26.16
2018/6/15 13:00,26.45
2018/6/15 14:00,26.09
2018/6/15 15:00,26.13
2018/6/15 16:00,26.03
2018/6/15 18:00,26.12
2018/6/15 19:00,26.25
2018/6/15 20:00,26.12
2018/6/18 7:00,26.7
2018/6/18 8:00,26.7699
2018/6/18 9:00,26.9
2018/6/18 10:00,26.49
2018/6/18 11:00,26.2
2018/6/18 12:00,26.11
2018/6/18 13:00,26.05
2018/6/18 14:00,26.09
2018/6/18 15:00,25.78
2018/6/18 16:00,25.93
2018/6/18 17:00,25.95
2018/6/18 18:00,25.79
2018/6/18 19:00,26.5
2018/6/18 20:00,25.79
2018/6/19 4:00,28.1
2018/6/19 5:00,27.73
2018/6/19 7:00,27.5
2018/6/19 8:00,27.4
2018/6/19 9:00,27.4
2018/6/19 10:00,27.43
2018/6/19 11:00,27.26
2018/6/19 12:00,27.62
2018/6/19 13:00,27.42
2018/6/19 14:00,26.86
2018/6/19 15:00,27.04
2018/6/19 16:00,26.92
2018/6/19 17:00,27.1
2018/6/19 18:00,27.04
2018/6/19 19:00,26.99
2018/6/19 20:00,27.04
2018/6/20 4:00,26.5
2018/6/20 5:00,26.43
2018/6/20 6:00,26.43
2018/6/20 7:00,26.7
2018/6/20 8:00,26.39
2018/6/20 9:00,26.23
2018/6/20 10:00,26.28
2018/6/20 11:00,26.34
2018/6/20 12:00,26.41
2018/6/20 13:00,26.23
2018/6/20 14:00,26.48
2018/6/20 15:00,26.44
2018/6/20 16:00,26.45
2018/6/20 18:00,26.44
2018/6/20 19:00,26.5
2018/6/20 20:00,26.44
2018/6/21 5:00,26.77
2018/6/21 7:00,26.75
2018/6/21 8:00,26.77
2018/6/21 9:00,26.97
2018/6/21 10:00,27.56
2018/6/21 11:00,27.302
2018/6/21 12:00,27.97
2018/6/21 13:00,27.72
2018/6/21 14:00,28.11
2018/6/21 15:00,28.19
2018/6/21 16:00,28.37
2018/6/21 17:00,28.44
2018/6/21 18:00,28.18
2018/6/21 19:00,28.26
2018/6/21 20:00,28.18
2018/6/22 4:00,27.45
2018/6/22 5:00,27.11
2018/6/22 7:00,27.4
2018/6/22 8:00,27.26
2018/6/22 9:00,27.57
2018/6/22 10:00,27.29
2018/6/22 11:00,27.13
2018/6/22 12:00,27.16
2018/6/22 13:00,27.12
2018/6/22 14:00,27.22
2018/6/22 15:00,27.41
2018/6/22 16:00,27.48
2018/6/22 18:00,27.42
2018/6/22 20:00,27.42
2018/6/25 4:00,28.5
2018/6/25 7:00,28.18
2018/6/25 8:00,28.08
2018/6/25 9:00,29.6
2018/6/25 10:00,30.1785
2018/6/25 11:00,31.35
2018/6/25 12:00,31.35
2018/6/25 13:00,31.65
2018/6/25 14:00,32.44
2018/6/25 15:00,31.44
2018/6/25 16:00,30.73
2018/6/25 17:00,30.84
2018/6/25 18:00,30.77
2018/6/25 19:00,30.74
2018/6/25 20:00,31.42
2018/6/26 4:00,30.22
2018/6/26 5:00,30.16
2018/6/26 6:00,30.98
2018/6/26 7:00,30.61
2018/6/26 8:00,30.21
2018/6/26 9:00,30.65
2018/6/26 10:00,30.51
2018/6/26 11:00,30.18
2018/6/26 12:00,29.82
2018/6/26 13:00,29.82
2018/6/26 14:00,29.95
2018/6/26 15:00,30.13
2018/6/26 16:00,30.17
2018/6/26 17:00,30.06
2018/6/26 18:00,30.13
2018/6/26 20:00,30.13
2018/6/27 4:00,31.6
2018/6/27 5:00,30.5
2018/6/27 6:00,30.4
2018/6/27 7:00,30.16
2018/6/27 8:00,29.96
2018/6/27 9:00,29.56
2018/6/27 10:00,29.3
2018/6/27 11:00,30.18
2018/6/27 12:00,31.23
2018/6/27 13:00,31.61
2018/6/27 14:00,32.19
2018/6/27 15:00,31.85
2018/6/27 16:00,31.93
2018/6/27 18:00,31.85
2018/6/27 19:00,31.74
2018/6/27 20:00,31.85
2018/6/28 5:00,31.7
2018/6/28 7:00,31.56
2018/6/28 8:00,32.24
2018/6/28 9:00,32.37
2018/6/28 10:00,32.46
2018/6/28 11:00,32.271
2018/6/28 12:00,32.53
2018/6/28 13:00,32.03
2018/6/28 14:00,31.03
2018/6/28 15:00,31.38
2018/6/28 16:00,31.16
2018/6/28 18:00,31.37
2018/6/28 19:00,31.13
2018/6/28 20:00,31.37
2018/6/29 4:00,29.8
2018/6/29 7:00,30.19
2018/6/29 8:00,30.46
2018/6/29 9:00,29.96
2018/6/29 10:00,29.64
2018/6/29 11:00,29.94
2018/6/29 12:00,30
2018/6/29 13:00,30.01
2018/6/29 14:00,30.071
2018/6/29 15:00,30.53
2018/6/29 16:00,30.52
2018/6/29 18:00,30.52
2018/6/29 19:00,30.57
2018/6/29 20:00,30.52
2018/7/2 4:00,31.6
2018/7/2 6:00,31.67
2018/7/2 7:00,31.57
2018/7/2 8:00,31.64
2018/7/2 9:00,31.85
2018/7/2 10:00,31.79
2018/7/2 11:00,31.97
2018/7/2 12:00,31.83
2018/7/2 13:00,31.5
2018/7/2 14:00,31.3
2018/7/2 15:00,30.6
2018/7/2 16:00,30.37
2018/7/2 18:00,30.67
2018/7/2 20:00,30.67
2018/7/3 4:00,30
2018/7/3 5:00,29.98
2018/7/3 6:00,29.76
2018/7/3 7:00,29.75
2018/7/3 8:00,29.92
2018/7/3 9:00,30.07
2018/7/3 10:00,30.039
2018/7/3 11:00,29.88
2018/7/3 12:00,30.91
2018/7/3 13:00,31.07
2018/7/3 14:00,30.94
2018/7/3 15:00,30.91
2018/7/3 16:00,30.91
2018/7/5 4:00,30.83
2018/7/5 5:00,30
2018/7/5 6:00,29.49
2018/7/5 7:00,29.78
2018/7/5 8:00,29.92
2018/7/5 9:00,30.18
2018/7/5 10:00,30.759
2018/7/5 11:00,30.09
2018/7/5 12:00,29.86
2018/7/5 13:00,29.94
2018/7/5 14:00,29.91
2018/7/5 15:00,29.82
2018/7/5 16:00,29.76
2018/7/5 17:00,29.85
2018/7/5 18:00,29.77
2018/7/5 20:00,29.77
2018/7/6 4:00,29.8
2018/7/6 7:00,30.25
2018/7/6 8:00,29.71
2018/7/6 9:00,29.12
2018/7/6 10:00,28.9
2018/7/6 11:00,28.57
2018/7/6 12:00,28.58
2018/7/6 13:00,28.49
2018/7/6 14:00,28.2784
2018/7/6 15:00,28.26
2018/7/6 16:00,28.3
2018/7/6 17:00,28.28
2018/7/6 18:00,28.28
2018/7/6 19:00,28.5
2018/7/6 20:00,28.28
2018/7/9 4:00,27.65
2018/7/9 7:00,27.55
2018/7/9 8:00,27.6
2018/7/9 9:00,27.39
2018/7/9 10:00,27.26
2018/7/9 11:00,26.91
2018/7/9 12:00,26.81
2018/7/9 13:00,26.72
2018/7/9 14:00,26.68
2018/7/9 15:00,26.76
2018/7/9 16:00,26.76
2018/7/9 17:00,26.8353
2018/7/9 18:00,26.76
2018/7/9 19:00,26.69
2018/7/9 20:00,26.76
2018/7/10 6:00,26.55
2018/7/10 7:00,26.54
2018/7/10 8:00,26.67
2018/7/10 9:00,26.41
2018/7/10 10:00,26.41
2018/7/10 11:00,26.39
2018/7/10 12:00,26.49
2018/7/10 13:00,26.7
2018/7/10 14:00,26.42
2018/7/10 15:00,26.27
2018/7/10 16:00,26.73
2018/7/10 17:00,26.8
2018/7/10 18:00,27.21
2018/7/10 19:00,27.37
2018/7/10 20:00,26.26
2018/7/11 4:00,28
2018/7/11 6:00,27.75
2018/7/11 7:00,27.52
2018/7/11 8:00,27.59
2018/7/11 9:00,27.31
2018/7/11 10:00,26.98
2018/7/11 11:00,27.51
2018/7/11 12:00,27.46
2018/7/11 13:00,27.46
2018/7/11 14:00,27.24
2018/7/11 15:00,27.14
2018/7/11 16:00,27.3
2018/7/11 18:00,27.14
2018/7/11 19:00,27.09
2018/7/11 20:00,27.14
2018/7/12 6:00,26.42
2018/7/12 7:00,26.5
2018/7/12 8:00,26.55
2018/7/12 9:00,26.72
2018/7/12 10:00,26.74
2018/7/12 11:00,26.56
2018/7/12 12:00,26.52
2018/7/12 13:00,26.56
2018/7/12 14:00,26.57
2018/7/12 15:00,26.21
2018/7/12 16:00,26.3
2018/7/12 18:00,26.19
2018/7/12 19:00,26.3
2018/7/12 20:00,26.19
2018/7/13 7:00,26.32
2018/7/13 8:00,26.41
2018/7/13 9:00,26.63
2018/7/13 10:00,26.14
2018/7/13 11:00,26.29
2018/7/13 12:00,26.18
2018/7/13 13:00,26.16
2018/7/13 14:00,26.13
2018/7/13 15:00,25.92
2018/7/13 16:00,25.93
2018/7/13 17:00,25.92
2018/7/13 18:00,25.92
2018/7/13 19:00,26.15
2018/7/13 20:00,25.92
2018/7/16 4:00,25.6
2018/7/16 5:00,25.6
2018/7/16 6:00,25.65
2018/7/16 8:00,25.9
2018/7/16 9:00,25.91
2018/7/16 10:00,26.18
2018/7/16 11:00,25.74
2018/7/16 12:00,25.637
2018/7/16 13:00,25.75
2018/7/16 14:00,25.9897
2018/7/16 15:00,25.74
2018/7/16 16:00,26.04
2018/7/16 17:00,26.05
2018/7/16 18:00,26.05
2018/7/16 20:00,25.75
2018/7/17 4:00,26.2
2018/7/17 5:00,26.2
2018/7/17 6:00,26.19
2018/7/17 7:00,26.15
2018/7/17 8:00,26.15
2018/7/17 9:00,25.75
2018/7/17 10:00,25.49
2018/7/17 11:00,25.25
2018/7/17 12:00,25.36
2018/7/17 13:00,25.42
2018/7/17 14:00,25.34
2018/7/17 15:00,25.45
2018/7/17 16:00,25.33
2018/7/17 17:00,25.35
2018/7/17 18:00,25.45
2018/7/17 20:00,25.45
2018/7/18 7:00,25.52
2018/7/18 8:00,25.34
2018/7/18 9:00,25.4101
2018/7/18 10:00,25.586
2018/7/18 11:00,25.34
2018/7/18 12:00,25.53
2018/7/18 13:00,25.59
2018/7/18 14:00,25.2
2018/7/18 15:00,25.22
2018/7/18 16:00,25.26
2018/7/18 18:00,25.23
2018/7/18 20:00,25.23
2018/7/19 6:00,25.54
2018/7/19 7:00,25.6
2018/7/19 8:00,25.74
2018/7/19 9:00,25.84
2018/7/19 10:00,25.6
2018/7/19 11:00,25.4922
2018/7/19 12:00,25.65
2018/7/19 13:00,25.67
2018/7/19 14:00,25.68
2018/7/19 15:00,25.71
2018/7/19 16:00,25.68
2018/7/19 17:00,25.67
2018/7/19 18:00,25.72
2018/7/19 19:00,25.7
2018/7/19 20:00,25.72
2018/7/20 6:00,26.3
2018/7/20 7:00,26.23
2018/7/20 8:00,26.48
2018/7/20 9:00,25.89
2018/7/20 10:00,25.852
2018/7/20 11:00,25.66
2018/7/20 12:00,25.65
2018/7/20 13:00,25.59
2018/7/20 14:00,25.76
2018/7/20 15:00,25.81
2018/7/20 16:00,25.88
2018/7/20 17:00,25.88
2018/7/20 18:00,25.81
2018/7/20 20:00,25.81
2018/7/23 7:00,25.88
2018/7/23 8:00,25.86
2018/7/23 9:00,25.85
2018/7/23 10:00,25.99
2018/7/23 11:00,25.6799
2018/7/23 12:00,25.76
2018/7/23 13:00,25.71
2018/7/23 14:00,25.57
2018/7/23 15:00,25.7
2018/7/23 16:00,25.56
2018/7/23 17:00,25.49
2018/7/23 18:00,25.71
2018/7/23 19:00,25.4
2018/7/23 20:00,25.71
2018/7/24 4:00,25.19
2018/7/24 5:00,25
2018/7/24 6:00,25.1
2018/7/24 7:00,25.11
2018/7/24 8:00,25
2018/7/24 9:00,25.15
2018/7/24 10:00,25.33
2018/7/24 11:00,25.33
2018/7/24 12:00,25.38
2018/7/24 13:00,25.846
2018/7/24 14:00,25.81
2018/7/24 15:00,25.22
2018/7/24 16:00,25.49
2018/7/24 17:00,25.49
2018/7/24 18:00,25.6899
2018/7/24 19:00,25.65
2018/7/24 20:00,25.2
2018/7/25 4:00,25.58
2018/7/25 8:00,25.7
2018/7/25 9:00,25.33
2018/7/25 10:00,25.51
2018/7/25 11:00,25.26
2018/7/25 12:00,25.12
2018/7/25 13:00,25.25
2018/7/25 14:00,25.23
2018/7/25 15:00,25.12
2018/7/25 16:00,25.04
2018/7/25 17:00,25.53
2018/7/25 18:00,25.5
2018/7/25 19:00,25.52
2018/7/25 20:00,25.12
2018/7/26 5:00,25.34
2018/7/26 6:00,25.23
2018/7/26 7:00,25.24
2018/7/26 8:00,25.31
2018/7/26 9:00,25.22
2018/7/26 10:00,25.13
2018/7/26 11:00,25.196
2018/7/26 12:00,25.44
2018/7/26 13:00,25.31
2018/7/26 14:00,25.09
2018/7/26 15:00,25.19
2018/7/26 16:00,25.18
2018/7/26 17:00,25.14
2018/7/26 18:00,25.19
2018/7/26 19:00,25.2
2018/7/26 20:00,25.19
2018/7/27 7:00,25
2018/7/27 8:00,25.03
2018/7/27 9:00,25.23
2018/7/27 10:00,25.26
2018/7/27 11:00,25.2
2018/7/27 12:00,26.19
2018/7/27 13:00,25.79
2018/7/27 14:00,26.51
2018/7/27 15:00,25.91
2018/7/27 16:00,25.97
2018/7/27 17:00,25.98
2018/7/27 18:00,25.99
2018/7/27 20:00,25.89
2018/7/30 7:00,25.89
2018/7/30 8:00,25.7
2018/7/30 9:00,26.12
2018/7/30 10:00,25.99
2018/7/30 11:00,26.15
2018/7/30 12:00,26.72
2018/7/30 13:00,26.27
2018/7/30 14:00,26.58
2018/7/30 15:00,26.6
2018/7/30 16:00,26.79
2018/7/30 17:00,26.61
2018/7/30 18:00,26.62
2018/7/30 19:00,26.56
2018/7/30 20:00,26.62
2018/7/31 4:00,26.54
2018/7/31 6:00,26.54
2018/7/31 7:00,26.26
2018/7/31 8:00,26.22
2018/7/31 9:00,26.06
2018/7/31 10:00,26.02
2018/7/31 11:00,25.89
2018/7/31 12:00,25.89
2018/7/31 13:00,25.83
2018/7/31 14:00,25.84
2018/7/31 15:00,25.9
2018/7/31 16:00,25.5
2018/7/31 17:00,25.52
2018/7/31 18:00,25.87
2018/7/31 19:00,26
2018/7/31 20:00,25.88
2018/8/1 7:00,25.8
2018/8/1 8:00,25.6
2018/8/1 9:00,25.47
2018/8/1 10:00,25.2999
2018/8/1 11:00,25.77
2018/8/1 12:00,25.67
2018/8/1 13:00,25.7
2018/8/1 14:00,25.58
2018/8/1 15:00,25.65
2018/8/1 16:00,25.74
2018/8/1 17:00,25.71
2018/8/1 18:00,25.65
2018/8/1 20:00,25.65
2018/8/2 4:00,25.87
2018/8/2 5:00,26.77
2018/8/2 6:00,27
2018/8/2 7:00,26.75
2018/8/2 8:00,26.51
2018/8/2 9:00,26.47
2018/8/2 10:00,26.39
2018/8/2 11:00,25.9
2018/8/2 12:00,25.6
2018/8/2 13:00,25.48
2018/8/2 14:00,25.5299
2018/8/2 15:00,25.38
2018/8/2 16:00,25.26
2018/8/2 17:00,25.32
2018/8/2 18:00,25.38
2018/8/2 20:00,25.38
2018/8/3 6:00,25.2
2018/8/3 7:00,25.05
2018/8/3 8:00,25.35
2018/8/3 9:00,25.2
2018/8/3 10:00,24.98
2018/8/3 11:00,24.99
2018/8/3 12:00,24.85
2018/8/3 13:00,24.73
2018/8/3 14:00,24.91
2018/8/3 15:00,24.99
2018/8/3 16:00,24.91
2018/8/3 17:00,24.99
2018/8/3 18:00,25.02
2018/8/3 19:00,25.09
2018/8/3 20:00,24.99
2018/8/6 4:00,25.02
2018/8/6 5:00,24.86
2018/8/6 6:00,24.78
2018/8/6 8:00,24.88
2018/8/6 9:00,24.57
2018/8/6 10:00,24.35
2018/8/6 11:00,24.18
2018/8/6 12:00,24.13
2018/8/6 13:00,24.26
2018/8/6 14:00,24.16
2018/8/6 15:00,24.08
2018/8/6 16:00,24.12
2018/8/6 17:00,24.17
2018/8/6 18:00,24.01
2018/8/6 20:00,24.01
2018/8/7 4:00,23.57
2018/8/7 5:00,23.72
2018/8/7 6:00,23.88
2018/8/7 7:00,23.88
2018/8/7 8:00,23.81
2018/8/7 9:00,23.52
2018/8/7 10:00,23.64
2018/8/7 11:00,23.62
2018/8/7 12:00,23.53
2018/8/7 13:00,23.56
2018/8/7 14:00,23.5332
2018/8/7 15:00,23.56
2018/8/7 16:00,23.41
2018/8/7 17:00,23.5
2018/8/7 18:00,23.55
2018/8/7 20:00,23.55
2018/8/8 6:00,23.39
2018/8/8 8:00,23.71
2018/8/8 9:00,23.54
2018/8/8 10:00,23.34
2018/8/8 11:00,23.33
2018/8/8 12:00,23.27
2018/8/8 13:00,23.11
2018/8/8 14:00,23.11
2018/8/8 15:00,23.2
2018/8/8 16:00,23.36
2018/8/8 17:00,23.32
2018/8/8 18:00,23.2
2018/8/8 19:00,23.32
2018/8/8 20:00,23.2
2018/8/9 8:00,23.2
2018/8/9 9:00,23.17
2018/8/9 10:00,23.11
2018/8/9 11:00,23.12
2018/8/9 12:00,22.99
2018/8/9 13:00,23.01
2018/8/9 14:00,23.08
2018/8/9 15:00,23.51
2018/8/9 16:00,23.58
2018/8/9 17:00,23.54
2018/8/9 18:00,23.52
2018/8/9 20:00,23.52
2018/8/10 4:00,24
2018/8/10 5:00,24.4
2018/8/10 7:00,24.2
2018/8/10 8:00,24.28
2018/8/10 9:00,24.71
2018/8/10 10:00,24.57
2018/8/10 11:00,24.54
2018/8/10 12:00,24.7
2018/8/10 13:00,25.11
2018/8/10 14:00,24.92
2018/8/10 15:00,24.67
2018/8/10 16:00,24.6
2018/8/10 18:00,24.67
2018/8/10 20:00,24.67
2018/8/13 4:00,25.63
2018/8/13 6:00,25.3
2018/8/13 7:00,25.2
2018/8/13 8:00,25.04
2018/8/13 9:00,24.4
2018/8/13 10:00,24.46
2018/8/13 11:00,25.56
2018/8/13 12:00,25.77
2018/8/13 13:00,25.77
2018/8/13 14:00,25.78
2018/8/13 15:00,26.15
2018/8/13 16:00,26.22
2018/8/13 17:00,26.2
2018/8/13 18:00,26.16
2018/8/13 19:00,26.1
2018/8/13 20:00,26.16
2018/8/14 4:00,24.9
2018/8/14 5:00,25.42
2018/8/14 7:00,25.42
2018/8/14 8:00,25.42
2018/8/14 9:00,25.67
2018/8/14 10:00,25.16
2018/8/14 11:00,25.42
2018/8/14 12:00,25.27
2018/8/14 13:00,25
2018/8/14 14:00,24.85
2018/8/14 15:00,24.81
2018/8/14 16:00,24.85
2018/8/14 17:00,24.85
2018/8/14 18:00,24.81
2018/8/14 19:00,24.85
2018/8/14 20:00,24.81
2018/8/15 5:00,25.24
2018/8/15 6:00,25.77
2018/8/15 7:00,26.1
2018/8/15 8:00,26.06
2018/8/15 9:00,27.01
2018/8/15 10:00,27.89
2018/8/15 11:00,27.5001
2018/8/15 12:00,26.95
2018/8/15 13:00,27.42
2018/8/15 14:00,27.13
2018/8/15 15:00,26.37
2018/8/15 16:00,25.95
2018/8/15 17:00,25.9899
2018/8/15 18:00,26.37
2018/8/15 19:00,26.05
2018/8/15 20:00,26.37
2018/8/16 4:00,25.8
2018/8/16 5:00,25.55
2018/8/16 6:00,25.5
2018/8/16 7:00,25.5
2018/8/16 8:00,25.46
2018/8/16 9:00,25.4
2018/8/16 10:00,24.95
2018/8/16 11:00,24.659
2018/8/16 12:00,24.75
2018/8/16 13:00,24.79
2018/8/16 14:00,24.81
2018/8/16 15:00,24.94
2018/8/16 16:00,24.95
2018/8/16 17:00,25.02
2018/8/16 18:00,24.95
2018/8/16 19:00,24.9
2018/8/16 20:00,24.95
2018/8/17 4:00,24.74
2018/8/17 5:00,25.32
2018/8/17 7:00,25.16
2018/8/17 8:00,25.16
2018/8/17 9:00,25.13
2018/8/17 10:00,25.09
2018/8/17 11:00,24.6631
2018/8/17 12:00,24.92
2018/8/17 13:00,24.6837
2018/8/17 14:00,24.23
2018/8/17 15:00,24.29
2018/8/17 16:00,24.15
2018/8/17 17:00,24.22
2018/8/17 18:00,24.3
2018/8/17 19:00,24.3
2018/8/17 20:00,24.3
2018/8/20 4:00,23.93
2018/8/20 7:00,24.01
2018/8/20 8:00,23.95
2018/8/20 9:00,23.82
2018/8/20 10:00,23.91
2018/8/20 11:00,23.8
2018/8/20 12:00,23.74
2018/8/20 13:00,23.76
2018/8/20 14:00,23.83
2018/8/20 15:00,23.81
2018/8/20 16:00,23.96
2018/8/20 17:00,23.91
2018/8/20 18:00,23.83
2018/8/20 19:00,23.99
2018/8/20 20:00,23.83
2018/8/21 5:00,23.73
2018/8/21 7:00,23.78
2018/8/21 8:00,23.8
2018/8/21 9:00,23.561
2018/8/21 10:00,23.7
2018/8/21 11:00,23.7
2018/8/21 12:00,23.7
2018/8/21 13:00,23.87
2018/8/21 14:00,24.19
2018/8/21 15:00,24.335
2018/8/21 16:00,24.73
2018/8/21 17:00,24.75
2018/8/21 18:00,25.04
2018/8/21 19:00,25.05
2018/8/21 20:00,24.335
2018/8/22 6:00,24.34
2018/8/22 7:00,24.53
2018/8/22 8:00,24.58
2018/8/22 9:00,24.25
2018/8/22 10:00,24
2018/8/22 11:00,23.95
2018/8/22 12:00,24.09
2018/8/22 13:00,24.04
2018/8/22 14:00,23.9
2018/8/22 15:00,24.04
2018/8/22 16:00,24.04
2018/8/22 17:00,23.89
2018/8/22 18:00,23.8
2018/8/22 20:00,24.04
2018/8/23 7:00,23.84
2018/8/23 8:00,23.78
2018/8/23 9:00,23.67
2018/8/23 10:00,23.65
2018/8/23 11:00,24.14
2018/8/23 12:00,23.95
2018/8/23 13:00,24.041
2018/8/23 14:00,23.94
2018/8/23 15:00,23.88
2018/8/23 16:00,23.97
2018/8/23 17:00,24
2018/8/23 18:00,23.86
2018/8/23 20:00,23.86
2018/8/24 8:00,23.63
2018/8/24 9:00,23.48
2018/8/24 10:00,23.46
2018/8/24 11:00,23.57
2018/8/24 12:00,23.59
2018/8/24 13:00,23.72
2018/8/24 14:00,23.71
2018/8/24 15:00,23.73
2018/8/24 16:00,23.76
2018/8/24 17:00,23.56
2018/8/24 18:00,23.74
2018/8/24 20:00,23.74
2018/8/27 5:00,23.5
2018/8/27 8:00,23.4
2018/8/27 9:00,23.47
2018/8/27 10:00,23.5901
2018/8/27 11:00,23.6
2018/8/27 12:00,23.52
2018/8/27 13:00,23.56
2018/8/27 14:00,23.65
2018/8/27 15:00,23.82
2018/8/27 16:00,23.78
2018/8/27 17:00,23.77
2018/8/27 18:00,23.82
2018/8/27 20:00,23.82
2018/8/28 8:00,23.57
2018/8/28 9:00,23.66
2018/8/28 10:00,23.8
2018/8/28 11:00,23.97
2018/8/28 12:00,23.86
2018/8/28 13:00,23.94
2018/8/28 14:00,23.87
2018/8/28 15:00,23.8
2018/8/28 16:00,23.8
2018/8/28 17:00,23.74
2018/8/28 18:00,23.8899
2018/8/28 20:00,23.79
2018/8/29 7:00,23.8
2018/8/29 8:00,23.76
2018/8/29 9:00,23.92
2018/8/29 10:00,23.91
2018/8/29 11:00,23.75
2018/8/29 12:00,23.6001
2018/8/29 13:00,23.66
2018/8/29 14:00,23.5799
2018/8/29 15:00,23.79
2018/8/29 16:00,23.61
2018/8/29 18:00,23.79
2018/8/29 20:00,23.79
2018/8/30 6:00,23.85
2018/8/30 7:00,23.88
2018/8/30 8:00,23.74
2018/8/30 9:00,23.81
2018/8/30 10:00,23.66
2018/8/30 11:00,23.99
2018/8/30 12:00,23.76
2018/8/30 13:00,23.72
2018/8/30 14:00,24.44
2018/8/30 15:00,24.32
2018/8/30 16:00,24.5199
2018/8/30 17:00,24.45
2018/8/30 18:00,24.37
2018/8/30 20:00,24.28
2018/8/31 5:00,24.41
2018/8/31 7:00,24.65
2018/8/31 8:00,24.59
2018/8/31 9:00,24.09
2018/8/31 10:00,23.89
2018/8/31 11:00,24.48
2018/8/31 12:00,24.43
2018/8/31 13:00,24.36
2018/8/31 14:00,24.36
2018/8/31 15:00,23.93
2018/8/31 16:00,23.61
2018/8/31 17:00,24.17
2018/8/31 18:00,23.94
2018/8/31 20:00,23.94
2018/9/4 4:00,23.94
2018/9/4 5:00,23.94
2018/9/4 7:00,24.09
2018/9/4 8:00,24.0401
2018/9/4 9:00,24.61
2018/9/4 10:00,24.04
2018/9/4 11:00,24.51
2018/9/4 12:00,24.5358
2018/9/4 13:00,24.21
2018/9/4 14:00,24.15
2018/9/4 15:00,24.06
2018/9/4 16:00,24.2702
2018/9/4 17:00,23.82
2018/9/4 18:00,24
2018/9/4 20:00,24.05
2018/9/5 4:00,24.58
2018/9/5 6:00,24.57
2018/9/5 7:00,24.53
2018/9/5 8:00,24.5
2018/9/5 9:00,24.5
2018/9/5 10:00,24.4
2018/9/5 11:00,24.4799
2018/9/5 12:00,24.44
2018/9/5 13:00,24.41
2018/9/5 14:00,24.33
2018/9/5 15:00,24.25
2018/9/5 16:00,24.39
2018/9/5 17:00,24.46
2018/9/5 18:00,24.26
2018/9/5 20:00,24.26
2018/9/6 7:00,24.44
2018/9/6 8:00,24.25
2018/9/6 9:00,24.32
2018/9/6 10:00,25.12
2018/9/6 11:00,24.89
2018/9/6 12:00,25.37
2018/9/6 13:00,25.09
2018/9/6 14:00,24.89
2018/9/6 15:00,24.98
2018/9/6 16:00,25.18
2018/9/6 17:00,25.17
2018/9/6 18:00,25.01
2018/9/6 19:00,25.23
2018/9/6 20:00,25.01
2018/9/7 7:00,25.27
2018/9/7 8:00,25.51
2018/9/7 9:00,25.38
2018/9/7 10:00,25.16
2018/9/7 11:00,25.22
2018/9/7 12:00,25.426
2018/9/7 13:00,25.64
2018/9/7 14:00,25.24
2018/9/7 15:00,25.43
2018/9/7 16:00,25.56
2018/9/7 18:00,25.43
2018/9/7 19:00,25.56
2018/9/7 20:00,25.43
2018/9/10 4:00,25.21
2018/9/10 8:00,24.97
2018/9/10 9:00,24.71
2018/9/10 10:00,24.8
2018/9/10 11:00,24.64
2018/9/10 12:00,24.83
2018/9/10 13:00,24.66
2018/9/10 14:00,24.59
2018/9/10 15:00,24.73
2018/9/10 16:00,24.71
2018/9/10 17:00,24.79
2018/9/10 18:00,24.79
2018/9/10 20:00,24.73
2018/9/11 7:00,24.83
2018/9/11 8:00,25
2018/9/11 9:00,24.8
2018/9/11 10:00,24.53
2018/9/11 11:00,24.16
2018/9/11 12:00,24.13
2018/9/11 13:00,24.19
2018/9/11 14:00,24.04
2018/9/11 15:00,23.98
2018/9/11 16:00,23.83
2018/9/11 17:00,24.29
2018/9/11 18:00,23.96
2018/9/11 19:00,23.96
2018/9/11 20:00,23.96
2018/9/12 7:00,23.88
2018/9/12 8:00,23.9
2018/9/12 9:00,23.8
2018/9/12 10:00,23.9
2018/9/12 11:00,23.9
2018/9/12 12:00,23.69
2018/9/12 13:00,23.72
2018/9/12 14:00,23.71
2018/9/12 15:00,23.68
2018/9/12 16:00,23.68
2018/9/12 17:00,23.58
2018/9/12 18:00,23.6499
2018/9/12 19:00,23.7
2018/9/12 20:00,23.68
2018/9/13 4:00,23.5
2018/9/13 6:00,23.47
2018/9/13 7:00,23.31
2018/9/13 8:00,23.25
2018/9/13 9:00,23.12
2018/9/13 10:00,23.13
2018/9/13 11:00,23.01
2018/9/13 12:00,23.08
2018/9/13 13:00,23.08
2018/9/13 14:00,23.02
2018/9/13 15:00,22.98
2018/9/13 16:00,22.99
2018/9/13 17:00,23
2018/9/13 18:00,22.99
2018/9/13 19:00,22.98
2018/9/13 20:00,22.99
2018/9/14 4:00,22.81
2018/9/14 8:00,22.84
2018/9/14 9:00,22.83
2018/9/14 10:00,22.74
2018/9/14 11:00,22.68
2018/9/14 12:00,22.87
2018/9/14 13:00,22.73
2018/9/14 14:00,22.63
2018/9/14 15:00,22.54
2018/9/14 16:00,22.47
2018/9/14 17:00,22.52
2018/9/14 18:00,22.55
2018/9/14 19:00,22.47
2018/9/14 20:00,22.55
2018/9/17 4:00,22.64
2018/9/17 5:00,22.8
2018/9/17 7:00,22.71
2018/9/17 8:00,22.739
2018/9/17 9:00,22.48
2018/9/17 10:00,22.77
2018/9/17 11:00,22.7
2018/9/17 12:00,22.72
2018/9/17 13:00,22.74
2018/9/17 14:00,22.89
2018/9/17 15:00,23.17
2018/9/17 16:00,23.28
2018/9/17 17:00,23.18
2018/9/17 18:00,23.67
2018/9/17 19:00,23.75
2018/9/17 20:00,23.17
2018/9/18 7:00,23
2018/9/18 8:00,22.91
2018/9/18 9:00,22.79
2018/9/18 10:00,22.74
2018/9/18 11:00,22.73
2018/9/18 12:00,22.94
2018/9/18 13:00,22.94
2018/9/18 14:00,23.02
2018/9/18 15:00,23.12
2018/9/18 16:00,22.86
2018/9/18 18:00,22.8
2018/9/18 19:00,22.88
2018/9/18 20:00,23.13
2018/9/19 7:00,22.77
2018/9/19 8:00,22.5
2018/9/19 9:00,22.32
2018/9/19 10:00,22.23
2018/9/19 11:00,22.17
2018/9/19 12:00,22.15
2018/9/19 13:00,22.23
2018/9/19 14:00,22.389
2018/9/19 15:00,22.31
2018/9/19 16:00,22.27
2018/9/19 17:00,22.26
2018/9/19 18:00,22.3
2018/9/19 20:00,22.3
2018/9/20 4:00,22.32
2018/9/20 7:00,22.15
2018/9/20 8:00,21.99
2018/9/20 9:00,21.92
2018/9/20 10:00,21.93
2018/9/20 11:00,21.96
2018/9/20 12:00,21.89
2018/9/20 13:00,21.84
2018/9/20 14:00,21.81
2018/9/20 15:00,21.94
2018/9/20 16:00,21.86
2018/9/20 17:00,21.88
2018/9/20 18:00,21.95
2018/9/20 20:00,21.95
2018/9/21 5:00,21.92
2018/9/21 8:00,21.98
2018/9/21 9:00,21.95
2018/9/21 10:00,21.82
2018/9/21 11:00,21.69
2018/9/21 12:00,21.69
2018/9/21 13:00,21.81
2018/9/21 14:00,21.93
2018/9/21 15:00,21.98
2018/9/21 16:00,22.12
2018/9/21 17:00,22.25
2018/9/21 18:00,21.97
2018/9/21 19:00,22.03
2018/9/21 20:00,21.97
2018/9/24 7:00,22.15
2018/9/24 8:00,22.12
2018/9/24 9:00,22.13
2018/9/24 10:00,22.31
2018/9/24 11:00,22.22
2018/9/24 12:00,22.27
2018/9/24 13:00,22.14
2018/9/24 14:00,22.025
2018/9/24 15:00,21.97
2018/9/24 16:00,21.94
2018/9/24 18:00,22.01
2018/9/24 20:00,21.97
2018/9/25 6:00,21.72
2018/9/25 7:00,21.7
2018/9/25 8:00,21.69
2018/9/25 9:00,21.78
2018/9/25 10:00,21.99
2018/9/25 11:00,21.75
2018/9/25 12:00,21.87
2018/9/25 13:00,22.04
2018/9/25 14:00,22.17
2018/9/25 15:00,22.16
2018/9/25 16:00,21.98
2018/9/25 17:00,22.05
2018/9/25 18:00,22.16
2018/9/25 20:00,22.16
2018/9/26 8:00,21.92
2018/9/26 9:00,21.78
2018/9/26 10:00,21.86
2018/9/26 11:00,21.92
2018/9/26 12:00,21.91
2018/9/26 13:00,21.86
2018/9/26 14:00,21.96
2018/9/26 15:00,22.4
2018/9/26 16:00,22.45
2018/9/26 17:00,22.44
2018/9/26 18:00,22.38
2018/9/26 20:00,22.38
2018/9/27 6:00,22.18
2018/9/27 7:00,22.26
2018/9/27 8:00,22.12
2018/9/27 9:00,22.01
2018/9/27 10:00,21.9
2018/9/27 11:00,21.875
2018/9/27 12:00,21.93
2018/9/27 13:00,22.03
2018/9/27 14:00,21.97
2018/9/27 15:00,21.98
2018/9/27 16:00,21.97
2018/9/27 18:00,21.98
2018/9/27 20:00,21.98
2018/9/28 6:00,22.34
2018/9/28 7:00,22.46
2018/9/28 8:00,22.22
2018/9/28 9:00,22.213
2018/9/28 10:00,21.97
2018/9/28 11:00,22.14
2018/9/28 12:00,22.1699
2018/9/28 13:00,22.1
2018/9/28 14:00,22.19
2018/9/28 15:00,21.96
2018/9/28 16:00,21.9
2018/9/28 18:00,21.94
2018/9/28 19:00,21.9
2018/9/28 20:00,21.94
2018/10/1 4:00,21.4
2018/10/1 5:00,21.35
2018/10/1 6:00,21.51
2018/10/1 7:00,21.4
2018/10/1 8:00,21.39
2018/10/1 9:00,21.34
2018/10/1 10:00,21.44
2018/10/1 11:00,21.41
2018/10/1 12:00,21.4616
2018/10/1 13:00,21.48
2018/10/1 14:00,21.51
2018/10/1 15:00,21.7
2018/10/1 16:00,21.78
2018/10/1 17:00,21.64
2018/10/1 18:00,21.71
2018/10/1 20:00,21.71
2018/10/2 7:00,22
2018/10/2 8:00,21.74
2018/10/2 9:00,21.78
2018/10/2 10:00,21.69
2018/10/2 11:00,21.54
2018/10/2 12:00,21.62
2018/10/2 13:00,21.56
2018/10/2 14:00,21.66
2018/10/2 15:00,21.76
2018/10/2 16:00,21.7
2018/10/2 17:00,21.81
2018/10/2 18:00,21.75
2018/10/2 20:00,21.75
2018/10/3 4:00,21.5
2018/10/3 7:00,21.45
2018/10/3 8:00,21.43
2018/10/3 9:00,21.52
2018/10/3 10:00,21.58
2018/10/3 11:00,21.45
2018/10/3 12:00,21.5151
2018/10/3 13:00,21.57
2018/10/3 14:00,21.72
2018/10/3 15:00,21.55
2018/10/3 16:00,21.73
2018/10/3 18:00,21.54
2018/10/3 19:00,21.79
2018/10/3 20:00,21.54
2018/10/4 6:00,22.01
2018/10/4 7:00,22.05
2018/10/4 8:00,22.06
2018/10/4 9:00,22.01
2018/10/4 10:00,22.29
2018/10/4 11:00,22.68
2018/10/4 12:00,23.02
2018/10/4 13:00,23.49
2018/10/4 14:00,22.91
2018/10/4 15:00,22.86
2018/10/4 16:00,22.6
2018/10/4 17:00,22.64
2018/10/4 18:00,22.87
2018/10/4 19:00,22.55
2018/10/4 20:00,22.87
2018/10/5 4:00,22.87
2018/10/5 5:00,22.8
2018/10/5 7:00,22.58
2018/10/5 8:00,22.61
2018/10/5 9:00,22.69
2018/10/5 10:00,23.07
2018/10/5 11:00,24.12
2018/10/5 12:00,24.24
2018/10/5 13:00,24.03
2018/10/5 14:00,23.53
2018/10/5 15:00,23.35
2018/10/5 16:00,23.21
2018/10/5 17:00,23.5
2018/10/5 18:00,23.34
2018/10/5 20:00,23.34
2018/10/8 7:00,23.65
2018/10/8 8:00,23.75
2018/10/8 9:00,23.82
2018/10/8 10:00,24.08
2018/10/8 11:00,24.7
2018/10/8 12:00,24.94
2018/10/8 13:00,24.35
2018/10/8 14:00,23.73
2018/10/8 15:00,23.58
2018/10/8 16:00,23.64
2018/10/8 17:00,23.69
2018/10/8 18:00,23.64
2018/10/8 19:00,23.64
2018/10/8 20:00,23.59
2018/10/9 7:00,24.48
2018/10/9 8:00,24.22
2018/10/9 9:00,24.11
2018/10/9 10:00,23.76
2018/10/9 11:00,23.46
2018/10/9 12:00,24
2018/10/9 13:00,23.86
2018/10/9 14:00,23.81
2018/10/9 15:00,24
2018/10/9 16:00,23.98
2018/10/9 17:00,24.02
2018/10/9 18:00,24.02
2018/10/9 19:00,23.91
2018/10/9 20:00,24.02
2018/10/10 8:00,24.37
2018/10/10 9:00,25.3
2018/10/10 10:00,25.52
2018/10/10 11:00,25.72
2018/10/10 12:00,25.73
2018/10/10 13:00,25.7
2018/10/10 14:00,26.57
2018/10/10 15:00,27.96
2018/10/10 16:00,28.43
2018/10/10 17:00,28.39
2018/10/10 18:00,28.01
2018/10/10 19:00,28.18
2018/10/10 20:00,27.94
2018/10/11 4:00,28.47
2018/10/11 5:00,28.5
2018/10/11 6:00,28.73
2018/10/11 7:00,28.66
2018/10/11 8:00,27.66
2018/10/11 9:00,26.99
2018/10/11 10:00,28.46
2018/10/11 11:00,28.0696
2018/10/11 12:00,28.13
2018/10/11 13:00,28.35
2018/10/11 14:00,30.74
2018/10/11 15:00,30.37
2018/10/11 16:00,28.85
2018/10/11 17:00,28.9
2018/10/11 18:00,28.62
2018/10/11 19:00,28.31
2018/10/11 20:00,30.43
2018/10/12 4:00,27.71
2018/10/12 5:00,27.68
2018/10/12 6:00,27.78
2018/10/12 7:00,27.73
2018/10/12 8:00,27.65
2018/10/12 9:00,27.88
2018/10/12 10:00,28.32
2018/10/12 11:00,28.95
2018/10/12 12:00,30.11
2018/10/12 13:00,29.8
2018/10/12 14:00,29.36
2018/10/12 15:00,28.01
2018/10/12 16:00,28
2018/10/12 17:00,27.95
2018/10/12 18:00,28.01
2018/10/12 20:00,28.01
2018/10/15 4:00,29
2018/10/15 5:00,28.9
2018/10/15 6:00,28.94
2018/10/15 7:00,28.56
2018/10/15 8:00,28.55
2018/10/15 9:00,28.89
2018/10/15 10:00,28.82
2018/10/15 11:00,28.7
2018/10/15 12:00,28.46
2018/10/15 13:00,28.039
2018/10/15 14:00,27.86
2018/10/15 15:00,28.42
2018/10/15 16:00,28.63
2018/10/15 17:00,28.65
2018/10/15 18:00,28.6
2018/10/15 19:00,28.6
2018/10/15 20:00,28.41
2018/10/16 7:00,27.8
2018/10/16 8:00,27.6
2018/10/16 9:00,27.43
2018/10/16 10:00,27.23
2018/10/16 11:00,27.03
2018/10/16 12:00,26.96
2018/10/16 13:00,26.92
2018/10/16 14:00,26.78
2018/10/16 15:00,26.46
2018/10/16 16:00,26.5
2018/10/16 17:00,26.43
2018/10/16 18:00,26.44
2018/10/16 20:00,26.44
2018/10/17 5:00,26.69
2018/10/17 7:00,26.5
2018/10/17 8:00,26.72
2018/10/17 9:00,27.08
2018/10/17 10:00,27.93
2018/10/17 11:00,26.985
2018/10/17 12:00,26.79
2018/10/17 13:00,26.98
2018/10/17 14:00,26.73
2018/10/17 15:00,26.76
2018/10/17 16:00,26.26
2018/10/17 17:00,26.47
2018/10/17 18:00,26.74
2018/10/17 19:00,26.7
2018/10/17 20:00,26.74
2018/10/18 4:00,27.09
2018/10/18 7:00,26.95
2018/10/18 8:00,26.88
2018/10/18 9:00,27.36
2018/10/18 10:00,27.17
2018/10/18 11:00,28.47
2018/10/18 12:00,28.29
2018/10/18 13:00,29.1
2018/10/18 14:00,28.65
2018/10/18 15:00,28.53
2018/10/18 16:00,28.25
2018/10/18 17:00,28.25
2018/10/18 18:00,28.44
2018/10/18 19:00,28.32
2018/10/18 20:00,28.53
2018/10/19 4:00,28.2
2018/10/19 5:00,28.43
2018/10/19 6:00,28.11
2018/10/19 7:00,28
2018/10/19 8:00,28.16
2018/10/19 9:00,27.78
2018/10/19 10:00,27.84
2018/10/19 11:00,27.8
2018/10/19 12:00,28.69
2018/10/19 13:00,28.67
2018/10/19 14:00,28.88
2018/10/19 15:00,28.25
2018/10/19 16:00,28.38
2018/10/19 17:00,28.42
2018/10/19 18:00,28.26
2018/10/19 20:00,28.26
2018/10/22 5:00,28.26
2018/10/22 6:00,28.18
2018/10/22 7:00,27.86
2018/10/22 8:00,27.85
2018/10/22 9:00,28.87
2018/10/22 10:00,28.71
2018/10/22 11:00,29.11
2018/10/22 12:00,28.96
2018/10/22 13:00,28.92
2018/10/22 14:00,28.56
2018/10/22 15:00,28.45
2018/10/22 16:00,28.61
2018/10/22 17:00,28.62
2018/10/22 18:00,28.44
2018/10/22 19:00,28.75
2018/10/22 20:00,28.44
2018/10/23 4:00,30.3
2018/10/23 5:00,30.7
2018/10/23 6:00,30.63
2018/10/23 7:00,30.61
2018/10/23 8:00,30.57
2018/10/23 9:00,30.9
2018/10/23 10:00,30.92
2018/10/23 11:00,31.24
2018/10/23 12:00,30.41
2018/10/23 13:00,30.42
2018/10/23 14:00,29.24
2018/10/23 15:00,29.52
2018/10/23 16:00,29.12
2018/10/23 17:00,29
2018/10/23 18:00,29.57
2018/10/23 19:00,29.1
2018/10/23 20:00,29.57
2018/10/24 4:00,29.57
2018/10/24 6:00,29.5
2018/10/24 7:00,29.02
2018/10/24 8:00,29.22
2018/10/24 9:00,29.63
2018/10/24 10:00,30.37
2018/10/24 11:00,30.03
2018/10/24 12:00,30.27
2018/10/24 13:00,30.76
2018/10/24 14:00,30.82
2018/10/24 15:00,32.2
2018/10/24 16:00,31.2
2018/10/24 17:00,32
2018/10/24 18:00,31.33
2018/10/24 19:00,31.7
2018/10/24 20:00,32.2
2018/10/25 4:00,31.13
2018/10/25 6:00,31.1
2018/10/25 7:00,31.28
2018/10/25 8:00,31.46
2018/10/25 9:00,31.45
2018/10/25 10:00,31.16
2018/10/25 11:00,31.04
2018/10/25 12:00,31.4
2018/10/25 13:00,31.17
2018/10/25 14:00,30.88
2018/10/25 15:00,31.16
2018/10/25 16:00,32.1
2018/10/25 17:00,32.33
2018/10/25 18:00,32.2
2018/10/25 19:00,32.36
2018/10/25 20:00,31.16
2018/10/26 4:00,33.28
2018/10/26 5:00,33.76
2018/10/26 6:00,33.25
2018/10/26 7:00,33.25
2018/10/26 8:00,32.67
2018/10/26 9:00,32.96
2018/10/26 10:00,34.22
2018/10/26 11:00,33.26
2018/10/26 12:00,32.24
2018/10/26 13:00,32.65
2018/10/26 14:00,33.52
2018/10/26 15:00,32.96
2018/10/26 16:00,32.46
2018/10/26 17:00,32.64
2018/10/26 18:00,33.08
2018/10/26 20:00,33.08
2018/10/29 4:00,32.55
2018/10/29 5:00,32.48
2018/10/29 6:00,31.55
2018/10/29 7:00,31.3
2018/10/29 8:00,31.38
2018/10/29 9:00,31.5599
2018/10/29 10:00,31.62
2018/10/29 11:00,32.23
2018/10/29 12:00,32.52
2018/10/29 13:00,32.49
2018/10/29 14:00,33.43
2018/10/29 15:00,33.13
2018/10/29 16:00,33.0799
2018/10/29 17:00,33.08
2018/10/29 18:00,33.12
2018/10/29 19:00,33.48
2018/10/29 20:00,33.12
2018/10/30 8:00,33.0299
2018/10/30 9:00,32.73
2018/10/30 10:00,33.28
2018/10/30 11:00,33.02
2018/10/30 12:00,33.03
2018/10/30 13:00,32.82
2018/10/30 14:00,32.72
2018/10/30 15:00,31.99
2018/10/30 16:00,31.95
2018/10/30 17:00,31.8
2018/10/30 18:00,32
2018/10/30 20:00,31.99
2018/10/31 4:00,31.45
2018/10/31 6:00,31.4
2018/10/31 7:00,31.5
2018/10/31 8:00,31.25
2018/10/31 9:00,31.22
2018/10/31 10:00,31.4
2018/10/31 11:00,31.49
2018/10/31 12:00,31.18
2018/10/31 13:00,31.08
2018/10/31 14:00,30.75
2018/10/31 15:00,30.94
2018/10/31 16:00,31.26
2018/10/31 17:00,31.17
2018/10/31 18:00,30.95
2018/10/31 19:00,31.29
2018/10/31 20:00,30.95
2018/11/1 6:00,30.8
2018/11/1 7:00,30.73
2018/11/1 8:00,31.32
2018/11/1 9:00,31.21
2018/11/1 10:00,30.74
2018/11/1 11:00,30.26
2018/11/1 12:00,30.13
2018/11/1 13:00,30.32
2018/11/1 14:00,30.14
2018/11/1 15:00,29.93
2018/11/1 16:00,30.06
2018/11/1 17:00,30.5306
2018/11/1 18:00,29.96
2018/11/1 19:00,30.57
2018/11/1 20:00,29.96
2018/11/2 4:00,29.44
2018/11/2 7:00,29
2018/11/2 8:00,29.33
2018/11/2 9:00,29.39
2018/11/2 10:00,30.1171
2018/11/2 11:00,30.58
2018/11/2 12:00,31.2
2018/11/2 13:00,30.91
2018/11/2 14:00,30.35
2018/11/2 15:00,30.16
2018/11/2 16:00,30.09
2018/11/2 18:00,30.16
2018/11/2 20:00,30.16
2018/11/5 4:00,30.5
2018/11/5 6:00,30.3
2018/11/5 7:00,30.3
2018/11/5 8:00,30.27
2018/11/5 9:00,30.32
2018/11/5 10:00,30.05
2018/11/5 11:00,30.08
2018/11/5 12:00,30.19
2018/11/5 13:00,30
2018/11/5 14:00,29.63
2018/11/5 15:00,29.88
2018/11/5 16:00,29.84
2018/11/5 17:00,29.96
2018/11/5 18:00,29.84
2018/11/5 19:00,29.76
2018/11/5 20:00,29.84
2018/11/6 4:00,29.99
2018/11/6 8:00,30.0001
2018/11/6 9:00,29.48
2018/11/6 10:00,29.28
2018/11/6 11:00,29.13
2018/11/6 12:00,29
2018/11/6 13:00,28.98
2018/11/6 14:00,29.14
2018/11/6 15:00,28.88
2018/11/6 16:00,28.75
2018/11/6 17:00,28.81
2018/11/6 18:00,29.02
2018/11/6 19:00,28.95
2018/11/6 20:00,28.87
2018/11/7 4:00,27.8
2018/11/7 5:00,27.4
2018/11/7 6:00,27.6
2018/11/7 7:00,28.68
2018/11/7 8:00,27.99
2018/11/7 9:00,27.81
2018/11/7 10:00,27.46
2018/11/7 11:00,27.32
2018/11/7 12:00,27.17
2018/11/7 13:00,27.3077
2018/11/7 14:00,27.1
2018/11/7 15:00,26.84
2018/11/7 16:00,26.57
2018/11/7 17:00,26.54
2018/11/7 18:00,26.83
2018/11/7 19:00,26.65
2018/11/7 20:00,26.83
2018/11/8 6:00,27
2018/11/8 7:00,26.84
2018/11/8 8:00,26.7
2018/11/8 9:00,26.22
2018/11/8 10:00,26.16
2018/11/8 11:00,26.09
2018/11/8 12:00,26.17
2018/11/8 13:00,26.3
2018/11/8 14:00,26.8269
2018/11/8 15:00,26.62
2018/11/8 16:00,26.77
2018/11/8 18:00,26.6
2018/11/8 20:00,26.6
2018/11/9 4:00,27.24
2018/11/9 5:00,27.38
2018/11/9 6:00,27.36
2018/11/9 7:00,27.3
2018/11/9 8:00,27.21
2018/11/9 9:00,27.33
2018/11/9 10:00,27.67
2018/11/9 11:00,27.87
2018/11/9 12:00,27.82
2018/11/9 13:00,27.87
2018/11/9 14:00,27.68
2018/11/9 15:00,27.42
2018/11/9 16:00,27.53
2018/11/9 17:00,27.55
2018/11/9 18:00,27.6
2018/11/9 20:00,27.42
2018/11/12 5:00,27.42
2018/11/12 7:00,27.5
2018/11/12 8:00,27.6399
2018/11/12 9:00,28.28
2018/11/12 10:00,28.91
2018/11/12 11:00,28.9
2018/11/12 12:00,29.26
2018/11/12 13:00,28.92
2018/11/12 14:00,29.02
2018/11/12 15:00,29.65
2018/11/12 16:00,29.5
2018/11/12 17:00,29.63
2018/11/12 18:00,29.65
2018/11/12 19:00,29.86
2018/11/12 20:00,29.65
2018/11/13 4:00,29
2018/11/13 5:00,29
2018/11/13 6:00,29
2018/11/13 7:00,29
2018/11/13 8:00,29.3901
2018/11/13 9:00,29.85
2018/11/13 10:00,29.87
2018/11/13 11:00,29.5
2018/11/13 12:00,29.84
2018/11/13 13:00,29.85
2018/11/13 14:00,30.29
2018/11/13 15:00,29.9
2018/11/13 16:00,29.77
2018/11/13 17:00,29.74
2018/11/13 18:00,29.55
2018/11/13 19:00,29.36
2018/11/13 20:00,29.92
2018/11/14 4:00,30.29
2018/11/14 5:00,29.8
2018/11/14 6:00,30.29
2018/11/14 7:00,29.9
2018/11/14 8:00,29.54
2018/11/14 9:00,29.5
2018/11/14 10:00,30.11
2018/11/14 11:00,30.55
2018/11/14 12:00,31
2018/11/14 13:00,31.18
2018/11/14 14:00,30.35
2018/11/14 15:00,30.66
2018/11/14 16:00,30.67
2018/11/14 17:00,30.65
2018/11/14 18:00,30.65
2018/11/14 19:00,30.66
2018/11/14 20:00,30.66
2018/11/15 5:00,30.45
2018/11/15 6:00,30.45
2018/11/15 7:00,30.45
2018/11/15 8:00,30.72
2018/11/15 9:00,31.56
2018/11/15 10:00,31.56
2018/11/15 11:00,30.93
2018/11/15 12:00,31.2253
2018/11/15 13:00,30.39
2018/11/15 14:00,30.43
2018/11/15 15:00,30.34
2018/11/15 16:00,30.1899
2018/11/15 17:00,30.2
2018/11/15 18:00,30.36
2018/11/15 19:00,30.21
2018/11/15 20:00,30.36
2018/11/16 7:00,30.79
2018/11/16 8:00,30.93
2018/11/16 9:00,30.25
2018/11/16 10:00,29.89
2018/11/16 11:00,30.05
2018/11/16 12:00,29.1389
2018/11/16 13:00,29.57
2018/11/16 14:00,29.04
2018/11/16 15:00,28.94
2018/11/16 16:00,29.47
2018/11/16 17:00,28.85
2018/11/16 18:00,28.95
2018/11/16 20:00,28.95
2018/11/19 7:00,29.16
2018/11/19 8:00,28.96
2018/11/19 9:00,29.11
2018/11/19 10:00,29.27
2018/11/19 11:00,30.2
2018/11/19 12:00,30.34
2018/11/19 13:00,30.71
2018/11/19 14:00,30.19
2018/11/19 15:00,30.66
2018/11/19 16:00,30.52
2018/11/19 17:00,30.68
2018/11/19 18:00,30.67
2018/11/19 19:00,30.6
2018/11/19 20:00,30.67
2018/11/20 4:00,31.14
2018/11/20 6:00,31.46
2018/11/20 7:00,32.09
2018/11/20 8:00,32.47
2018/11/20 9:00,32.61
2018/11/20 10:00,32
2018/11/20 11:00,32.08
2018/11/20 12:00,32.65
2018/11/20 13:00,32.78
2018/11/20 14:00,32.73
2018/11/20 15:00,32.39
2018/11/20 16:00,32.32
2018/11/20 17:00,32.32
2018/11/20 18:00,32.45
2018/11/20 20:00,32.45
2018/11/21 6:00,31.87
2018/11/21 7:00,31.58
2018/11/21 8:00,31.52
2018/11/21 9:00,31.78
2018/11/21 10:00,31.59
2018/11/21 11:00,31.4506
2018/11/21 12:00,31.23
2018/11/21 13:00,31.27
2018/11/21 14:00,31.37
2018/11/21 15:00,31.64
2018/11/21 16:00,31.73
2018/11/21 17:00,31.64
2018/11/21 18:00,31.67
2018/11/21 20:00,31.67
2018/11/23 7:00,31.93
2018/11/23 8:00,32.14
2018/11/23 9:00,32.07
2018/11/23 10:00,31.82
2018/11/23 11:00,31.8325
2018/11/23 12:00,31.88
2018/11/23 13:00,31.88
2018/11/23 15:00,31.88
2018/11/23 16:00,32
2018/11/23 17:00,31.88
2018/11/26 8:00,31.08
2018/11/26 9:00,30.82
2018/11/26 10:00,30.5
2018/11/26 11:00,30.61
2018/11/26 12:00,30.67
2018/11/26 13:00,30.45
2018/11/26 14:00,30.3298
2018/11/26 15:00,30.07
2018/11/26 16:00,30.4
2018/11/26 17:00,30.374
2018/11/26 18:00,30.07
2018/11/26 20:00,30.07
2018/11/27 6:00,30.57
2018/11/27 8:00,30.3
2018/11/27 9:00,30.33
2018/11/27 10:00,29.99
2018/11/27 11:00,29.77
2018/11/27 12:00,30.05
2018/11/27 13:00,29.67
2018/11/27 14:00,29.513
2018/11/27 15:00,29.5
2018/11/27 16:00,29.44
2018/11/27 17:00,29.53
2018/11/27 18:00,29.54
2018/11/27 20:00,29.49
2018/11/28 5:00,29.63
2018/11/28 6:00,29.48
2018/11/28 7:00,29.2
2018/11/28 8:00,29.23
2018/11/28 9:00,29.33
2018/11/28 10:00,29.61
2018/11/28 11:00,29.53
2018/11/28 12:00,28.67
2018/11/28 13:00,28.586
2018/11/28 14:00,28.67
2018/11/28 15:00,28.66
2018/11/28 16:00,28.7
2018/11/28 17:00,28.8
2018/11/28 18:00,28.7
2018/11/28 20:00,28.64
2018/11/29 7:00,29.1
2018/11/29 8:00,29.07
2018/11/29 9:00,29.31
2018/11/29 10:00,30.0335
2018/11/29 11:00,29.34
2018/11/29 12:00,29.38
2018/11/29 13:00,29.26
2018/11/29 14:00,28.76
2018/11/29 15:00,29.22
2018/11/29 16:00,29.0199
2018/11/29 17:00,29.1
2018/11/29 18:00,29.2
2018/11/29 20:00,29.2
2018/11/30 7:00,29.75
2018/11/30 8:00,29.27
2018/11/30 9:00,29.05
2018/11/30 10:00,28.61
2018/11/30 11:00,28.66
2018/11/30 12:00,28.89
2018/11/30 13:00,28.5
2018/11/30 14:00,28.45
2018/11/30 15:00,28.4
2018/11/30 16:00,28.13
2018/11/30 17:00,28.26
2018/11/30 18:00,28.29
2018/11/30 20:00,28.37
2018/12/3 6:00,26.4
2018/12/3 7:00,26.42
2018/12/3 8:00,26.4999
2018/12/3 9:00,26.79
2018/12/3 10:00,27.06
2018/12/3 11:00,27.03
2018/12/3 12:00,26.85
2018/12/3 13:00,26.95
2018/12/3 14:00,26.82
2018/12/3 15:00,26.81
2018/12/3 16:00,26.64
2018/12/3 17:00,26.9
2018/12/3 18:00,26.82
2018/12/3 19:00,27.05
2018/12/3 20:00,26.82
2018/12/4 6:00,27.05
2018/12/4 7:00,27.2
2018/12/4 8:00,26.9
2018/12/4 9:00,26.99
2018/12/4 10:00,26.97
2018/12/4 11:00,27.25
2018/12/4 12:00,29.25
2018/12/4 13:00,29.7055
2018/12/4 14:00,29.47
2018/12/4 15:00,30.31
2018/12/4 16:00,30.27
2018/12/4 17:00,30.33
2018/12/4 18:00,30.02
2018/12/4 19:00,29.95
2018/12/4 20:00,30.27
2018/12/6 4:00,32.32
2018/12/6 5:00,32.36
2018/12/6 6:00,32.17
2018/12/6 7:00,31.99
2018/12/6 8:00,32.53
2018/12/6 9:00,33.05
2018/12/6 10:00,33.43
2018/12/6 11:00,33.2
2018/12/6 12:00,32.6525
2018/12/6 13:00,32.35
2018/12/6 14:00,32.07
2018/12/6 15:00,30.91
2018/12/6 16:00,30.77
2018/12/6 17:00,30.87
2018/12/6 18:00,30.87
2018/12/6 19:00,31.1
2018/12/6 20:00,30.9
2018/12/7 6:00,31.86
2018/12/7 7:00,31.85
2018/12/7 8:00,30.91
2018/12/7 9:00,30.85
2018/12/7 10:00,31.85
2018/12/7 11:00,32.9
2018/12/7 12:00,32.55
2018/12/7 13:00,33.29
2018/12/7 14:00,33.6
2018/12/7 15:00,33.23
2018/12/7 16:00,33.08
2018/12/7 17:00,33
2018/12/7 18:00,33.23
2018/12/7 19:00,33.2
2018/12/7 20:00,33.23
2018/12/10 4:00,33.36
2018/12/10 5:00,33.45
2018/12/10 6:00,33.36
2018/12/10 7:00,32.85
2018/12/10 8:00,32.9
2018/12/10 9:00,33.83
2018/12/10 10:00,34.31
2018/12/10 11:00,34.43
2018/12/10 12:00,33.8
2018/12/10 13:00,33.37
2018/12/10 14:00,33.42
2018/12/10 15:00,33.02
2018/12/10 16:00,32.72
2018/12/10 17:00,33.97
2018/12/10 18:00,32.9
2018/12/10 19:00,33.02
2018/12/10 20:00,33.07
2018/12/11 5:00,32.4
2018/12/11 6:00,32.3
2018/12/11 7:00,32.1
2018/12/11 8:00,31.95
2018/12/11 9:00,32.41
2018/12/11 10:00,32.74
2018/12/11 11:00,32.88
2018/12/11 12:00,33.54
2018/12/11 13:00,33.93
2018/12/11 14:00,32.99
2018/12/11 15:00,32.91
2018/12/11 16:00,33.15
2018/12/11 17:00,33.15
2018/12/11 18:00,33
2018/12/11 19:00,32.65
2018/12/11 20:00,32.91
2018/12/12 7:00,32.2
2018/12/12 8:00,31.93
2018/12/12 9:00,32.13
2018/12/12 10:00,31.75
2018/12/12 11:00,31.68
2018/12/12 12:00,31.69
2018/12/12 13:00,31.83
2018/12/12 14:00,32.24
2018/12/12 15:00,32.64
2018/12/12 16:00,32.7
2018/12/12 17:00,32.65
2018/12/12 18:00,32.64
2018/12/12 20:00,32.64
2018/12/13 7:00,32.8
2018/12/13 8:00,32.35
2018/12/13 9:00,32.35
2018/12/13 10:00,32.27
2018/12/13 11:00,32.32
2018/12/13 12:00,32.5671
2018/12/13 13:00,32.54
2018/12/13 14:00,32.3
2018/12/13 15:00,32.1
2018/12/13 16:00,32.1
2018/12/13 17:00,32.08
2018/12/13 18:00,32.1
2018/12/13 19:00,32.25
2018/12/13 20:00,32.1
2018/12/14 4:00,33.3
2018/12/14 5:00,33.33
2018/12/14 6:00,33.31
2018/12/14 7:00,33.05
2018/12/14 8:00,32.87
2018/12/14 9:00,32.73
2018/12/14 10:00,32.73
2018/12/14 11:00,33.36
2018/12/14 12:00,33.06
2018/12/14 13:00,33.29
2018/12/14 14:00,33.34
2018/12/14 15:00,33.39
2018/12/14 16:00,33.35
2018/12/14 17:00,33.45
2018/12/14 18:00,33.37
2018/12/14 20:00,33.37
2018/12/17 7:00,33.3
2018/12/17 8:00,33.62
2018/12/17 9:00,33.82
2018/12/17 10:00,33.47
2018/12/17 11:00,33.34
2018/12/17 12:00,34.27
2018/12/17 13:00,34.76
2018/12/17 14:00,34.57
2018/12/17 15:00,35.07
2018/12/17 16:00,34.63
2018/12/17 17:00,34.72
2018/12/17 18:00,34.5
2018/12/17 19:00,34.34
2018/12/17 20:00,35.08
2018/12/18 4:00,34.34
2018/12/18 7:00,34.2
2018/12/18 8:00,34.28
2018/12/18 9:00,34.4357
2018/12/18 10:00,34.89
2018/12/18 11:00,35.28
2018/12/18 12:00,35.07
2018/12/18 13:00,35.55
2018/12/18 14:00,36.04
2018/12/18 15:00,35.26
2018/12/18 16:00,35.49
2018/12/18 17:00,35.66
2018/12/18 18:00,35.28
2018/12/18 19:00,35.1
2018/12/18 20:00,35.26
2018/12/19 4:00,34.8
2018/12/19 5:00,34.64
2018/12/19 7:00,34.75
2018/12/19 8:00,34.9
2018/12/19 9:00,34.54
2018/12/19 10:00,34.25
2018/12/19 11:00,34.06
2018/12/19 12:00,33.99
2018/12/19 13:00,33.59
2018/12/19 14:00,35.17
2018/12/19 15:00,35.08
2018/12/19 16:00,35.12
2018/12/19 17:00,35.5866
2018/12/19 18:00,35.2
2018/12/19 19:00,35.5699
2018/12/19 20:00,35.12
2018/12/20 4:00,35.65
2018/12/20 5:00,35.39
2018/12/20 6:00,35.35
2018/12/20 8:00,35.81
2018/12/20 9:00,35.85
2018/12/20 10:00,35.66
2018/12/20 11:00,37.11
2018/12/20 12:00,36.92
2018/12/20 13:00,37.5687
2018/12/20 14:00,36.9
2018/12/20 15:00,36.85
2018/12/20 16:00,36.35
2018/12/20 17:00,36.56
2018/12/20 18:00,36.62
2018/12/20 19:00,36.6
2018/12/20 20:00,36.91
2018/12/21 4:00,36.99
2018/12/21 8:00,36.98
2018/12/21 9:00,37.03
2018/12/21 10:00,37.17
2018/12/21 11:00,37.33
2018/12/21 12:00,38.2201
2018/12/21 13:00,37.9695
2018/12/21 14:00,38.2466
2018/12/21 15:00,38.82
2018/12/21 16:00,38.49
2018/12/21 17:00,38.75
2018/12/21 18:00,39.32
2018/12/21 19:00,39.11
2018/12/21 20:00,38.83
2018/12/24 5:00,38.44
2018/12/24 6:00,38.44
2018/12/24 7:00,39.35
2018/12/24 8:00,39.2
2018/12/24 9:00,39.73
2018/12/24 10:00,39.93
2018/12/24 11:00,40.48
2018/12/24 12:00,40.6
2018/12/24 13:00,40.8
2018/12/24 14:00,41
2018/12/24 15:00,40.68
2018/12/24 16:00,41
2018/12/24 17:00,40.68
2018/12/26 4:00,41.05
2018/12/26 5:00,41
2018/12/26 6:00,40.9
2018/12/26 7:00,40.25
2018/12/26 8:00,41.01
2018/12/26 9:00,41.22
2018/12/26 10:00,41.36
2018/12/26 11:00,40.23
2018/12/26 12:00,39.1
2018/12/26 13:00,39.14
2018/12/26 14:00,38.85
2018/12/26 15:00,38.59
2018/12/26 16:00,39.42
2018/12/26 17:00,38.81
2018/12/26 18:00,38.54
2018/12/26 19:00,39.45
2018/12/26 20:00,38.54
2018/12/27 4:00,40.6
2018/12/27 5:00,40.4
2018/12/27 7:00,40.34
2018/12/27 8:00,41.05
2018/12/27 9:00,40.79
2018/12/27 10:00,41.8
2018/12/27 11:00,41.37
2018/12/27 12:00,41.66
2018/12/27 13:00,42.0728
2018/12/27 14:00,41.8285
2018/12/27 15:00,40.1
2018/12/27 16:00,40.17
2018/12/27 17:00,40.29
2018/12/27 18:00,40.12
2018/12/27 19:00,40.2
2018/12/27 20:00,40.12
2018/12/28 5:00,39.91
2018/12/28 6:00,39.63
2018/12/28 7:00,39.98
2018/12/28 8:00,40
2018/12/28 9:00,40.1
2018/12/28 10:00,41.21
2018/12/28 11:00,40.84
2018/12/28 12:00,40.45
2018/12/28 13:00,40.25
2018/12/28 14:00,39.33
2018/12/28 15:00,40.17
2018/12/28 16:00,40.25
2018/12/28 17:00,40.35
2018/12/28 18:00,40.15
2018/12/28 20:00,40.15
2018/12/31 4:00,39.12
2018/12/31 7:00,39
2018/12/31 8:00,38.99
2018/12/31 9:00,39.09
2018/12/31 10:00,39.32
2018/12/31 11:00,39.12
2018/12/31 12:00,38.83
2018/12/31 13:00,39.13
2018/12/31 14:00,38.87
2018/12/31 15:00,38.66
2018/12/31 16:00,38.79
2018/12/31 17:00,38.44
2018/12/31 18:00,38.61
2018/12/31 20:00,38.61